unsigned char initrd_bin[] = {
  0x05, 0x00, 0x00, 0x00, 0xbf, 0x50, 0x52, 0x4f, 0x47, 0x52, 0x41, 0x4d,
  0x2e, 0x42, 0x49, 0x4e, 0x00, 0x00, 0x00, 0x00, 0x00, 0x00, 0x00, 0x00,
  0x00, 0x00, 0x00, 0x00, 0x00, 0x00, 0x00, 0x00, 0x00, 0x00, 0x00, 0x00,
  0x00, 0x00, 0x00, 0x00, 0x00, 0x00, 0x00, 0x00, 0x00, 0x00, 0x00, 0x00,
  0x00, 0x00, 0x00, 0x00, 0x00, 0x00, 0x00, 0x00, 0x00, 0x00, 0x00, 0x00,
  0x00, 0x00, 0x00, 0x00, 0x00, 0x00, 0x00, 0x00, 0x00, 0x71, 0x01, 0x00,
  0x00, 0x22, 0x00, 0x00, 0x00, 0xbf, 0x4c, 0x4f, 0x4f, 0x50, 0x2e, 0x42,
  0x49, 0x4e, 0x00, 0x00, 0x00, 0x00, 0x00, 0x00, 0x00, 0x00, 0x00, 0x00,
  0x00, 0x00, 0x00, 0x00, 0x00, 0x00, 0x00, 0x00, 0x00, 0x00, 0x00, 0x00,
  0x00, 0x00, 0x00, 0x00, 0x00, 0x00, 0x00, 0x00, 0x00, 0x00, 0x00, 0x00,
  0x00, 0x00, 0x00, 0x00, 0x00, 0x00, 0x00, 0x00, 0x00, 0x00, 0x00, 0x00,
  0x00, 0x00, 0x00, 0x00, 0x00, 0x00, 0x00, 0x00, 0x00, 0x00, 0x93, 0x01,
  0x00, 0x00, 0x34, 0x00, 0x00, 0x00, 0xbf, 0x48, 0x45, 0x4c, 0x4c, 0x4f,
  0x2e, 0x45, 0x4c, 0x46, 0x00, 0x00, 0x00, 0x00, 0x00, 0x00, 0x00, 0x00,
  0x00, 0x00, 0x00, 0x00, 0x00, 0x00, 0x00, 0x00, 0x00, 0x00, 0x00, 0x00,
  0x00, 0x00, 0x00, 0x00, 0x00, 0x00, 0x00, 0x00, 0x00, 0x00, 0x00, 0x00,
  0x00, 0x00, 0x00, 0x00, 0x00, 0x00, 0x00, 0x00, 0x00, 0x00, 0x00, 0x00,
  0x00, 0x00, 0x00, 0x00, 0x00, 0x00, 0x00, 0x00, 0x00, 0x00, 0x00, 0xc7,
  0x01, 0x00, 0x00, 0x20, 0x18, 0x00, 0x00, 0xbf, 0x48, 0x45, 0x4c, 0x4c,
  0x4f, 0x36, 0x34, 0x2e, 0x45, 0x4c, 0x46, 0x00, 0x00, 0x00, 0x00, 0x00,
  0x00, 0x00, 0x00, 0x00, 0x00, 0x00, 0x00, 0x00, 0x00, 0x00, 0x00, 0x00,
  0x00, 0x00, 0x00, 0x00, 0x00, 0x00, 0x00, 0x00, 0x00, 0x00, 0x00, 0x00,
  0x00, 0x00, 0x00, 0x00, 0x00, 0x00, 0x00, 0x00, 0x00, 0x00, 0x00, 0x00,
  0x00, 0x00, 0x00, 0x00, 0x00, 0x00, 0x00, 0x00, 0x00, 0x00, 0x00, 0x00,
  0xe7, 0x19, 0x00, 0x00, 0x10, 0x39, 0x00, 0x00, 0xbf, 0x41, 0x52, 0x47,
  0x54, 0x45, 0x53, 0x54, 0x2e, 0x45, 0x4c, 0x46, 0x00, 0x00, 0x00, 0x00,
  0x00, 0x00, 0x00, 0x00, 0x00, 0x00, 0x00, 0x00, 0x00, 0x00, 0x00, 0x00,
  0x00, 0x00, 0x00, 0x00, 0x00, 0x00, 0x00, 0x00, 0x00, 0x00, 0x00, 0x00,
  0x00, 0x00, 0x00, 0x00, 0x00, 0x00, 0x00, 0x00, 0x00, 0x00, 0x00, 0x00,
  0x00, 0x00, 0x00, 0x00, 0x00, 0x00, 0x00, 0x00, 0x00, 0x00, 0x00, 0x00,
  0x00, 0xf7, 0x52, 0x00, 0x00, 0xec, 0x36, 0x00, 0x00, 0xbb, 0x13, 0x00,
  0x00, 0x00, 0xb8, 0x00, 0x00, 0x00, 0x00, 0xcd, 0x80, 0xb8, 0x01, 0x00,
  0x00, 0x00, 0xcd, 0x80, 0x48, 0x65, 0x6c, 0x6c, 0x6f, 0x20, 0x42, 0x69,
  0x6e, 0x61, 0x72, 0x79, 0x21, 0x0a, 0x00, 0xbb, 0x23, 0x00, 0x00, 0x00,
  0xb8, 0x00, 0x00, 0x00, 0x00, 0xcd, 0x80, 0xba, 0x08, 0x00, 0x00, 0x00,
  0xb9, 0x00, 0x00, 0x00, 0x02, 0x49, 0x75, 0xfd, 0x4a, 0x75, 0xf5, 0xb8,
  0x01, 0x00, 0x00, 0x00, 0xcd, 0x80, 0x4c, 0x6f, 0x6e, 0x67, 0x20, 0x72,
  0x75, 0x6e, 0x6e, 0x69, 0x6e, 0x67, 0x2e, 0x2e, 0x2e, 0x0a, 0x00, 0x7f,
  0x45, 0x4c, 0x46, 0x01, 0x01, 0x01, 0x00, 0x00, 0x00, 0x00, 0x00, 0x00,
  0x00, 0x00, 0x00, 0x02, 0x00, 0x03, 0x00, 0x01, 0x00, 0x00, 0x00, 0x00,
  0x80, 0x04, 0x08, 0x34, 0x00, 0x00, 0x00, 0xf0, 0x15, 0x00, 0x00, 0x00,
  0x00, 0x00, 0x00, 0x34, 0x00, 0x20, 0x00, 0x02, 0x00, 0x28, 0x00, 0x0e,
  0x00, 0x0d, 0x00, 0x01, 0x00, 0x00, 0x00, 0x00, 0x10, 0x00, 0x00, 0x00,
  0x80, 0x04, 0x08, 0x00, 0x80, 0x04, 0x08, 0x68, 0x01, 0x00, 0x00, 0x68,
  0x01, 0x00, 0x00, 0x07, 0x00, 0x00, 0x00, 0x00, 0x10, 0x00, 0x00, 0x51,
  0xe5, 0x74, 0x64, 0x00, 0x00, 0x00, 0x00, 0x00, 0x00, 0x00, 0x00, 0x00,
  0x00, 0x00, 0x00, 0x00, 0x00, 0x00, 0x00, 0x00, 0x00, 0x00, 0x00, 0x06,
  0x00, 0x00, 0x00, 0x10, 0x00, 0x00, 0x00, 0x00, 0x00, 0x00, 0x00, 0x00,
  0x00, 0x00, 0x00, 0x00, 0x00, 0x00, 0x00, 0x00, 0x00, 0x00, 0x00, 0x00,
  0x00, 0x00, 0x00, 0x00, 0x00, 0x00, 0x00, 0x00, 0x00, 0x00, 0x00, 0x00,
  0x00, 0x00, 0x00, 0x00, 0x00, 0x00, 0x00, 0x00, 0x00, 0x00, 0x00, 0x00,
  0x00, 0x00, 0x00, 0x00, 0x00, 0x00, 0x00, 0x00, 0x00, 0x00, 0x00, 0x00,
  0x00, 0x00, 0x00, 0x00, 0x00, 0x00, 0x00, 0x00, 0x00, 0x00, 0x00, 0x00,
  0x00, 0x00, 0x00, 0x00, 0x00, 0x00, 0x00, 0x00, 0x00, 0x00, 0x00, 0x00,
  0x00, 0x00, 0x00, 0x00, 0x00, 0x00, 0x00, 0x00, 0x00, 0x00, 0x00, 0x00,
  0x00, 0x00, 0x00, 0x00, 0x00, 0x00, 0x00, 0x00, 0x00, 0x00, 0x00, 0x00,
  0x00, 0x00, 0x00, 0x00, 0x00, 0x00, 0x00, 0x00, 0x00, 0x00, 0x00, 0x00,
  0x00, 0x00, 0x00, 0x00, 0x00, 0x00, 0x00, 0x00, 0x00, 0x00, 0x00, 0x00,
  0x00, 0x00, 0x00, 0x00, 0x00, 0x00, 0x00, 0x00, 0x00, 0x00, 0x00, 0x00,
  0x00, 0x00, 0x00, 0x00, 0x00, 0x00, 0x00, 0x00, 0x00, 0x00, 0x00, 0x00,
  0x00, 0x00, 0x00, 0x00, 0x00, 0x00, 0x00, 0x00, 0x00, 0x00, 0x00, 0x00,
  0x00, 0x00, 0x00, 0x00, 0x00, 0x00, 0x00, 0x00, 0x00, 0x00, 0x00, 0x00,
  0x00, 0x00, 0x00, 0x00, 0x00, 0x00, 0x00, 0x00, 0x00, 0x00, 0x00, 0x00,
  0x00, 0x00, 0x00, 0x00, 0x00, 0x00, 0x00, 0x00, 0x00, 0x00, 0x00, 0x00,
  0x00, 0x00, 0x00, 0x00, 0x00, 0x00, 0x00, 0x00, 0x00, 0x00, 0x00, 0x00,
  0x00, 0x00, 0x00, 0x00, 0x00, 0x00, 0x00, 0x00, 0x00, 0x00, 0x00, 0x00,
  0x00, 0x00, 0x00, 0x00, 0x00, 0x00, 0x00, 0x00, 0x00, 0x00, 0x00, 0x00,
  0x00, 0x00, 0x00, 0x00, 0x00, 0x00, 0x00, 0x00, 0x00, 0x00, 0x00, 0x00,
  0x00, 0x00, 0x00, 0x00, 0x00, 0x00, 0x00, 0x00, 0x00, 0x00, 0x00, 0x00,
  0x00, 0x00, 0x00, 0x00, 0x00, 0x00, 0x00, 0x00, 0x00, 0x00, 0x00, 0x00,
  0x00, 0x00, 0x00, 0x00, 0x00, 0x00, 0x00, 0x00, 0x00, 0x00, 0x00, 0x00,
  0x00, 0x00, 0x00, 0x00, 0x00, 0x00, 0x00, 0x00, 0x00, 0x00, 0x00, 0x00,
  0x00, 0x00, 0x00, 0x00, 0x00, 0x00, 0x00, 0x00, 0x00, 0x00, 0x00, 0x00,
  0x00, 0x00, 0x00, 0x00, 0x00, 0x00, 0x00, 0x00, 0x00, 0x00, 0x00, 0x00,
  0x00, 0x00, 0x00, 0x00, 0x00, 0x00, 0x00, 0x00, 0x00, 0x00, 0x00, 0x00,
  0x00, 0x00, 0x00, 0x00, 0x00, 0x00, 0x00, 0x00, 0x00, 0x00, 0x00, 0x00,
  0x00, 0x00, 0x00, 0x00, 0x00, 0x00, 0x00, 0x00, 0x00, 0x00, 0x00, 0x00,
  0x00, 0x00, 0x00, 0x00, 0x00, 0x00, 0x00, 0x00, 0x00, 0x00, 0x00, 0x00,
  0x00, 0x00, 0x00, 0x00, 0x00, 0x00, 0x00, 0x00, 0x00, 0x00, 0x00, 0x00,
  0x00, 0x00, 0x00, 0x00, 0x00, 0x00, 0x00, 0x00, 0x00, 0x00, 0x00, 0x00,
  0x00, 0x00, 0x00, 0x00, 0x00, 0x00, 0x00, 0x00, 0x00, 0x00, 0x00, 0x00,
  0x00, 0x00, 0x00, 0x00, 0x00, 0x00, 0x00, 0x00, 0x00, 0x00, 0x00, 0x00,
  0x00, 0x00, 0x00, 0x00, 0x00, 0x00, 0x00, 0x00, 0x00, 0x00, 0x00, 0x00,
  0x00, 0x00, 0x00, 0x00, 0x00, 0x00, 0x00, 0x00, 0x00, 0x00, 0x00, 0x00,
  0x00, 0x00, 0x00, 0x00, 0x00, 0x00, 0x00, 0x00, 0x00, 0x00, 0x00, 0x00,
  0x00, 0x00, 0x00, 0x00, 0x00, 0x00, 0x00, 0x00, 0x00, 0x00, 0x00, 0x00,
  0x00, 0x00, 0x00, 0x00, 0x00, 0x00, 0x00, 0x00, 0x00, 0x00, 0x00, 0x00,
  0x00, 0x00, 0x00, 0x00, 0x00, 0x00, 0x00, 0x00, 0x00, 0x00, 0x00, 0x00,
  0x00, 0x00, 0x00, 0x00, 0x00, 0x00, 0x00, 0x00, 0x00, 0x00, 0x00, 0x00,
  0x00, 0x00, 0x00, 0x00, 0x00, 0x00, 0x00, 0x00, 0x00, 0x00, 0x00, 0x00,
  0x00, 0x00, 0x00, 0x00, 0x00, 0x00, 0x00, 0x00, 0x00, 0x00, 0x00, 0x00,
  0x00, 0x00, 0x00, 0x00, 0x00, 0x00, 0x00, 0x00, 0x00, 0x00, 0x00, 0x00,
  0x00, 0x00, 0x00, 0x00, 0x00, 0x00, 0x00, 0x00, 0x00, 0x00, 0x00, 0x00,
  0x00, 0x00, 0x00, 0x00, 0x00, 0x00, 0x00, 0x00, 0x00, 0x00, 0x00, 0x00,
  0x00, 0x00, 0x00, 0x00, 0x00, 0x00, 0x00, 0x00, 0x00, 0x00, 0x00, 0x00,
  0x00, 0x00, 0x00, 0x00, 0x00, 0x00, 0x00, 0x00, 0x00, 0x00, 0x00, 0x00,
  0x00, 0x00, 0x00, 0x00, 0x00, 0x00, 0x00, 0x00, 0x00, 0x00, 0x00, 0x00,
  0x00, 0x00, 0x00, 0x00, 0x00, 0x00, 0x00, 0x00, 0x00, 0x00, 0x00, 0x00,
  0x00, 0x00, 0x00, 0x00, 0x00, 0x00, 0x00, 0x00, 0x00, 0x00, 0x00, 0x00,
  0x00, 0x00, 0x00, 0x00, 0x00, 0x00, 0x00, 0x00, 0x00, 0x00, 0x00, 0x00,
  0x00, 0x00, 0x00, 0x00, 0x00, 0x00, 0x00, 0x00, 0x00, 0x00, 0x00, 0x00,
  0x00, 0x00, 0x00, 0x00, 0x00, 0x00, 0x00, 0x00, 0x00, 0x00, 0x00, 0x00,
  0x00, 0x00, 0x00, 0x00, 0x00, 0x00, 0x00, 0x00, 0x00, 0x00, 0x00, 0x00,
  0x00, 0x00, 0x00, 0x00, 0x00, 0x00, 0x00, 0x00, 0x00, 0x00, 0x00, 0x00,
  0x00, 0x00, 0x00, 0x00, 0x00, 0x00, 0x00, 0x00, 0x00, 0x00, 0x00, 0x00,
  0x00, 0x00, 0x00, 0x00, 0x00, 0x00, 0x00, 0x00, 0x00, 0x00, 0x00, 0x00,
  0x00, 0x00, 0x00, 0x00, 0x00, 0x00, 0x00, 0x00, 0x00, 0x00, 0x00, 0x00,
  0x00, 0x00, 0x00, 0x00, 0x00, 0x00, 0x00, 0x00, 0x00, 0x00, 0x00, 0x00,
  0x00, 0x00, 0x00, 0x00, 0x00, 0x00, 0x00, 0x00, 0x00, 0x00, 0x00, 0x00,
  0x00, 0x00, 0x00, 0x00, 0x00, 0x00, 0x00, 0x00, 0x00, 0x00, 0x00, 0x00,
  0x00, 0x00, 0x00, 0x00, 0x00, 0x00, 0x00, 0x00, 0x00, 0x00, 0x00, 0x00,
  0x00, 0x00, 0x00, 0x00, 0x00, 0x00, 0x00, 0x00, 0x00, 0x00, 0x00, 0x00,
  0x00, 0x00, 0x00, 0x00, 0x00, 0x00, 0x00, 0x00, 0x00, 0x00, 0x00, 0x00,
  0x00, 0x00, 0x00, 0x00, 0x00, 0x00, 0x00, 0x00, 0x00, 0x00, 0x00, 0x00,
  0x00, 0x00, 0x00, 0x00, 0x00, 0x00, 0x00, 0x00, 0x00, 0x00, 0x00, 0x00,
  0x00, 0x00, 0x00, 0x00, 0x00, 0x00, 0x00, 0x00, 0x00, 0x00, 0x00, 0x00,
  0x00, 0x00, 0x00, 0x00, 0x00, 0x00, 0x00, 0x00, 0x00, 0x00, 0x00, 0x00,
  0x00, 0x00, 0x00, 0x00, 0x00, 0x00, 0x00, 0x00, 0x00, 0x00, 0x00, 0x00,
  0x00, 0x00, 0x00, 0x00, 0x00, 0x00, 0x00, 0x00, 0x00, 0x00, 0x00, 0x00,
  0x00, 0x00, 0x00, 0x00, 0x00, 0x00, 0x00, 0x00, 0x00, 0x00, 0x00, 0x00,
  0x00, 0x00, 0x00, 0x00, 0x00, 0x00, 0x00, 0x00, 0x00, 0x00, 0x00, 0x00,
  0x00, 0x00, 0x00, 0x00, 0x00, 0x00, 0x00, 0x00, 0x00, 0x00, 0x00, 0x00,
  0x00, 0x00, 0x00, 0x00, 0x00, 0x00, 0x00, 0x00, 0x00, 0x00, 0x00, 0x00,
  0x00, 0x00, 0x00, 0x00, 0x00, 0x00, 0x00, 0x00, 0x00, 0x00, 0x00, 0x00,
  0x00, 0x00, 0x00, 0x00, 0x00, 0x00, 0x00, 0x00, 0x00, 0x00, 0x00, 0x00,
  0x00, 0x00, 0x00, 0x00, 0x00, 0x00, 0x00, 0x00, 0x00, 0x00, 0x00, 0x00,
  0x00, 0x00, 0x00, 0x00, 0x00, 0x00, 0x00, 0x00, 0x00, 0x00, 0x00, 0x00,
  0x00, 0x00, 0x00, 0x00, 0x00, 0x00, 0x00, 0x00, 0x00, 0x00, 0x00, 0x00,
  0x00, 0x00, 0x00, 0x00, 0x00, 0x00, 0x00, 0x00, 0x00, 0x00, 0x00, 0x00,
  0x00, 0x00, 0x00, 0x00, 0x00, 0x00, 0x00, 0x00, 0x00, 0x00, 0x00, 0x00,
  0x00, 0x00, 0x00, 0x00, 0x00, 0x00, 0x00, 0x00, 0x00, 0x00, 0x00, 0x00,
  0x00, 0x00, 0x00, 0x00, 0x00, 0x00, 0x00, 0x00, 0x00, 0x00, 0x00, 0x00,
  0x00, 0x00, 0x00, 0x00, 0x00, 0x00, 0x00, 0x00, 0x00, 0x00, 0x00, 0x00,
  0x00, 0x00, 0x00, 0x00, 0x00, 0x00, 0x00, 0x00, 0x00, 0x00, 0x00, 0x00,
  0x00, 0x00, 0x00, 0x00, 0x00, 0x00, 0x00, 0x00, 0x00, 0x00, 0x00, 0x00,
  0x00, 0x00, 0x00, 0x00, 0x00, 0x00, 0x00, 0x00, 0x00, 0x00, 0x00, 0x00,
  0x00, 0x00, 0x00, 0x00, 0x00, 0x00, 0x00, 0x00, 0x00, 0x00, 0x00, 0x00,
  0x00, 0x00, 0x00, 0x00, 0x00, 0x00, 0x00, 0x00, 0x00, 0x00, 0x00, 0x00,
  0x00, 0x00, 0x00, 0x00, 0x00, 0x00, 0x00, 0x00, 0x00, 0x00, 0x00, 0x00,
  0x00, 0x00, 0x00, 0x00, 0x00, 0x00, 0x00, 0x00, 0x00, 0x00, 0x00, 0x00,
  0x00, 0x00, 0x00, 0x00, 0x00, 0x00, 0x00, 0x00, 0x00, 0x00, 0x00, 0x00,
  0x00, 0x00, 0x00, 0x00, 0x00, 0x00, 0x00, 0x00, 0x00, 0x00, 0x00, 0x00,
  0x00, 0x00, 0x00, 0x00, 0x00, 0x00, 0x00, 0x00, 0x00, 0x00, 0x00, 0x00,
  0x00, 0x00, 0x00, 0x00, 0x00, 0x00, 0x00, 0x00, 0x00, 0x00, 0x00, 0x00,
  0x00, 0x00, 0x00, 0x00, 0x00, 0x00, 0x00, 0x00, 0x00, 0x00, 0x00, 0x00,
  0x00, 0x00, 0x00, 0x00, 0x00, 0x00, 0x00, 0x00, 0x00, 0x00, 0x00, 0x00,
  0x00, 0x00, 0x00, 0x00, 0x00, 0x00, 0x00, 0x00, 0x00, 0x00, 0x00, 0x00,
  0x00, 0x00, 0x00, 0x00, 0x00, 0x00, 0x00, 0x00, 0x00, 0x00, 0x00, 0x00,
  0x00, 0x00, 0x00, 0x00, 0x00, 0x00, 0x00, 0x00, 0x00, 0x00, 0x00, 0x00,
  0x00, 0x00, 0x00, 0x00, 0x00, 0x00, 0x00, 0x00, 0x00, 0x00, 0x00, 0x00,
  0x00, 0x00, 0x00, 0x00, 0x00, 0x00, 0x00, 0x00, 0x00, 0x00, 0x00, 0x00,
  0x00, 0x00, 0x00, 0x00, 0x00, 0x00, 0x00, 0x00, 0x00, 0x00, 0x00, 0x00,
  0x00, 0x00, 0x00, 0x00, 0x00, 0x00, 0x00, 0x00, 0x00, 0x00, 0x00, 0x00,
  0x00, 0x00, 0x00, 0x00, 0x00, 0x00, 0x00, 0x00, 0x00, 0x00, 0x00, 0x00,
  0x00, 0x00, 0x00, 0x00, 0x00, 0x00, 0x00, 0x00, 0x00, 0x00, 0x00, 0x00,
  0x00, 0x00, 0x00, 0x00, 0x00, 0x00, 0x00, 0x00, 0x00, 0x00, 0x00, 0x00,
  0x00, 0x00, 0x00, 0x00, 0x00, 0x00, 0x00, 0x00, 0x00, 0x00, 0x00, 0x00,
  0x00, 0x00, 0x00, 0x00, 0x00, 0x00, 0x00, 0x00, 0x00, 0x00, 0x00, 0x00,
  0x00, 0x00, 0x00, 0x00, 0x00, 0x00, 0x00, 0x00, 0x00, 0x00, 0x00, 0x00,
  0x00, 0x00, 0x00, 0x00, 0x00, 0x00, 0x00, 0x00, 0x00, 0x00, 0x00, 0x00,
  0x00, 0x00, 0x00, 0x00, 0x00, 0x00, 0x00, 0x00, 0x00, 0x00, 0x00, 0x00,
  0x00, 0x00, 0x00, 0x00, 0x00, 0x00, 0x00, 0x00, 0x00, 0x00, 0x00, 0x00,
  0x00, 0x00, 0x00, 0x00, 0x00, 0x00, 0x00, 0x00, 0x00, 0x00, 0x00, 0x00,
  0x00, 0x00, 0x00, 0x00, 0x00, 0x00, 0x00, 0x00, 0x00, 0x00, 0x00, 0x00,
  0x00, 0x00, 0x00, 0x00, 0x00, 0x00, 0x00, 0x00, 0x00, 0x00, 0x00, 0x00,
  0x00, 0x00, 0x00, 0x00, 0x00, 0x00, 0x00, 0x00, 0x00, 0x00, 0x00, 0x00,
  0x00, 0x00, 0x00, 0x00, 0x00, 0x00, 0x00, 0x00, 0x00, 0x00, 0x00, 0x00,
  0x00, 0x00, 0x00, 0x00, 0x00, 0x00, 0x00, 0x00, 0x00, 0x00, 0x00, 0x00,
  0x00, 0x00, 0x00, 0x00, 0x00, 0x00, 0x00, 0x00, 0x00, 0x00, 0x00, 0x00,
  0x00, 0x00, 0x00, 0x00, 0x00, 0x00, 0x00, 0x00, 0x00, 0x00, 0x00, 0x00,
  0x00, 0x00, 0x00, 0x00, 0x00, 0x00, 0x00, 0x00, 0x00, 0x00, 0x00, 0x00,
  0x00, 0x00, 0x00, 0x00, 0x00, 0x00, 0x00, 0x00, 0x00, 0x00, 0x00, 0x00,
  0x00, 0x00, 0x00, 0x00, 0x00, 0x00, 0x00, 0x00, 0x00, 0x00, 0x00, 0x00,
  0x00, 0x00, 0x00, 0x00, 0x00, 0x00, 0x00, 0x00, 0x00, 0x00, 0x00, 0x00,
  0x00, 0x00, 0x00, 0x00, 0x00, 0x00, 0x00, 0x00, 0x00, 0x00, 0x00, 0x00,
  0x00, 0x00, 0x00, 0x00, 0x00, 0x00, 0x00, 0x00, 0x00, 0x00, 0x00, 0x00,
  0x00, 0x00, 0x00, 0x00, 0x00, 0x00, 0x00, 0x00, 0x00, 0x00, 0x00, 0x00,
  0x00, 0x00, 0x00, 0x00, 0x00, 0x00, 0x00, 0x00, 0x00, 0x00, 0x00, 0x00,
  0x00, 0x00, 0x00, 0x00, 0x00, 0x00, 0x00, 0x00, 0x00, 0x00, 0x00, 0x00,
  0x00, 0x00, 0x00, 0x00, 0x00, 0x00, 0x00, 0x00, 0x00, 0x00, 0x00, 0x00,
  0x00, 0x00, 0x00, 0x00, 0x00, 0x00, 0x00, 0x00, 0x00, 0x00, 0x00, 0x00,
  0x00, 0x00, 0x00, 0x00, 0x00, 0x00, 0x00, 0x00, 0x00, 0x00, 0x00, 0x00,
  0x00, 0x00, 0x00, 0x00, 0x00, 0x00, 0x00, 0x00, 0x00, 0x00, 0x00, 0x00,
  0x00, 0x00, 0x00, 0x00, 0x00, 0x00, 0x00, 0x00, 0x00, 0x00, 0x00, 0x00,
  0x00, 0x00, 0x00, 0x00, 0x00, 0x00, 0x00, 0x00, 0x00, 0x00, 0x00, 0x00,
  0x00, 0x00, 0x00, 0x00, 0x00, 0x00, 0x00, 0x00, 0x00, 0x00, 0x00, 0x00,
  0x00, 0x00, 0x00, 0x00, 0x00, 0x00, 0x00, 0x00, 0x00, 0x00, 0x00, 0x00,
  0x00, 0x00, 0x00, 0x00, 0x00, 0x00, 0x00, 0x00, 0x00, 0x00, 0x00, 0x00,
  0x00, 0x00, 0x00, 0x00, 0x00, 0x00, 0x00, 0x00, 0x00, 0x00, 0x00, 0x00,
  0x00, 0x00, 0x00, 0x00, 0x00, 0x00, 0x00, 0x00, 0x00, 0x00, 0x00, 0x00,
  0x00, 0x00, 0x00, 0x00, 0x00, 0x00, 0x00, 0x00, 0x00, 0x00, 0x00, 0x00,
  0x00, 0x00, 0x00, 0x00, 0x00, 0x00, 0x00, 0x00, 0x00, 0x00, 0x00, 0x00,
  0x00, 0x00, 0x00, 0x00, 0x00, 0x00, 0x00, 0x00, 0x00, 0x00, 0x00, 0x00,
  0x00, 0x00, 0x00, 0x00, 0x00, 0x00, 0x00, 0x00, 0x00, 0x00, 0x00, 0x00,
  0x00, 0x00, 0x00, 0x00, 0x00, 0x00, 0x00, 0x00, 0x00, 0x00, 0x00, 0x00,
  0x00, 0x00, 0x00, 0x00, 0x00, 0x00, 0x00, 0x00, 0x00, 0x00, 0x00, 0x00,
  0x00, 0x00, 0x00, 0x00, 0x00, 0x00, 0x00, 0x00, 0x00, 0x00, 0x00, 0x00,
  0x00, 0x00, 0x00, 0x00, 0x00, 0x00, 0x00, 0x00, 0x00, 0x00, 0x00, 0x00,
  0x00, 0x00, 0x00, 0x00, 0x00, 0x00, 0x00, 0x00, 0x00, 0x00, 0x00, 0x00,
  0x00, 0x00, 0x00, 0x00, 0x00, 0x00, 0x00, 0x00, 0x00, 0x00, 0x00, 0x00,
  0x00, 0x00, 0x00, 0x00, 0x00, 0x00, 0x00, 0x00, 0x00, 0x00, 0x00, 0x00,
  0x00, 0x00, 0x00, 0x00, 0x00, 0x00, 0x00, 0x00, 0x00, 0x00, 0x00, 0x00,
  0x00, 0x00, 0x00, 0x00, 0x00, 0x00, 0x00, 0x00, 0x00, 0x00, 0x00, 0x00,
  0x00, 0x00, 0x00, 0x00, 0x00, 0x00, 0x00, 0x00, 0x00, 0x00, 0x00, 0x00,
  0x00, 0x00, 0x00, 0x00, 0x00, 0x00, 0x00, 0x00, 0x00, 0x00, 0x00, 0x00,
  0x00, 0x00, 0x00, 0x00, 0x00, 0x00, 0x00, 0x00, 0x00, 0x00, 0x00, 0x00,
  0x00, 0x00, 0x00, 0x00, 0x00, 0x00, 0x00, 0x00, 0x00, 0x00, 0x00, 0x00,
  0x00, 0x00, 0x00, 0x00, 0x00, 0x00, 0x00, 0x00, 0x00, 0x00, 0x00, 0x00,
  0x00, 0x00, 0x00, 0x00, 0x00, 0x00, 0x00, 0x00, 0x00, 0x00, 0x00, 0x00,
  0x00, 0x00, 0x00, 0x00, 0x00, 0x00, 0x00, 0x00, 0x00, 0x00, 0x00, 0x00,
  0x00, 0x00, 0x00, 0x00, 0x00, 0x00, 0x00, 0x00, 0x00, 0x00, 0x00, 0x00,
  0x00, 0x00, 0x00, 0x00, 0x00, 0x00, 0x00, 0x00, 0x00, 0x00, 0x00, 0x00,
  0x00, 0x00, 0x00, 0x00, 0x00, 0x00, 0x00, 0x00, 0x00, 0x00, 0x00, 0x00,
  0x00, 0x00, 0x00, 0x00, 0x00, 0x00, 0x00, 0x00, 0x00, 0x00, 0x00, 0x00,
  0x00, 0x00, 0x00, 0x00, 0x00, 0x00, 0x00, 0x00, 0x00, 0x00, 0x00, 0x00,
  0x00, 0x00, 0x00, 0x00, 0x00, 0x00, 0x00, 0x00, 0x00, 0x00, 0x00, 0x00,
  0x00, 0x00, 0x00, 0x00, 0x00, 0x00, 0x00, 0x00, 0x00, 0x00, 0x00, 0x00,
  0x00, 0x00, 0x00, 0x00, 0x00, 0x00, 0x00, 0x00, 0x00, 0x00, 0x00, 0x00,
  0x00, 0x00, 0x00, 0x00, 0x00, 0x00, 0x00, 0x00, 0x00, 0x00, 0x00, 0x00,
  0x00, 0x00, 0x00, 0x00, 0x00, 0x00, 0x00, 0x00, 0x00, 0x00, 0x00, 0x00,
  0x00, 0x00, 0x00, 0x00, 0x00, 0x00, 0x00, 0x00, 0x00, 0x00, 0x00, 0x00,
  0x00, 0x00, 0x00, 0x00, 0x00, 0x00, 0x00, 0x00, 0x00, 0x00, 0x00, 0x00,
  0x00, 0x00, 0x00, 0x00, 0x00, 0x00, 0x00, 0x00, 0x00, 0x00, 0x00, 0x00,
  0x00, 0x00, 0x00, 0x00, 0x00, 0x00, 0x00, 0x00, 0x00, 0x00, 0x00, 0x00,
  0x00, 0x00, 0x00, 0x00, 0x00, 0x00, 0x00, 0x00, 0x00, 0x00, 0x00, 0x00,
  0x00, 0x00, 0x00, 0x00, 0x00, 0x00, 0x00, 0x00, 0x00, 0x00, 0x00, 0x00,
  0x00, 0x00, 0x00, 0x00, 0x00, 0x00, 0x00, 0x00, 0x00, 0x00, 0x00, 0x00,
  0x00, 0x00, 0x00, 0x00, 0x00, 0x00, 0x00, 0x00, 0x00, 0x00, 0x00, 0x00,
  0x00, 0x00, 0x00, 0x00, 0x00, 0x00, 0x00, 0x00, 0x00, 0x00, 0x00, 0x00,
  0x00, 0x00, 0x00, 0x00, 0x00, 0x00, 0x00, 0x00, 0x00, 0x00, 0x00, 0x00,
  0x00, 0x00, 0x00, 0x00, 0x00, 0x00, 0x00, 0x00, 0x00, 0x00, 0x00, 0x00,
  0x00, 0x00, 0x00, 0x00, 0x00, 0x00, 0x00, 0x00, 0x00, 0x00, 0x00, 0x00,
  0x00, 0x00, 0x00, 0x00, 0x00, 0x00, 0x00, 0x00, 0x00, 0x00, 0x00, 0x00,
  0x00, 0x00, 0x00, 0x00, 0x00, 0x00, 0x00, 0x00, 0x00, 0x00, 0x00, 0x00,
  0x00, 0x00, 0x00, 0x00, 0x00, 0x00, 0x00, 0x00, 0x00, 0x00, 0x00, 0x00,
  0x00, 0x00, 0x00, 0x00, 0x00, 0x00, 0x00, 0x00, 0x00, 0x00, 0x00, 0x00,
  0x00, 0x00, 0x00, 0x00, 0x00, 0x00, 0x00, 0x00, 0x00, 0x00, 0x00, 0x00,
  0x00, 0x00, 0x00, 0x00, 0x00, 0x00, 0x00, 0x00, 0x00, 0x00, 0x00, 0x00,
  0x00, 0x00, 0x00, 0x00, 0x00, 0x00, 0x00, 0x00, 0x00, 0x00, 0x00, 0x00,
  0x00, 0x00, 0x00, 0x00, 0x00, 0x00, 0x00, 0x00, 0x00, 0x00, 0x00, 0x00,
  0x00, 0x00, 0x00, 0x00, 0x00, 0x00, 0x00, 0x00, 0x00, 0x00, 0x00, 0x00,
  0x00, 0x00, 0x00, 0x00, 0x00, 0x00, 0x00, 0x00, 0x00, 0x00, 0x00, 0x00,
  0x00, 0x00, 0x00, 0x00, 0x00, 0x00, 0x00, 0x00, 0x00, 0x00, 0x00, 0x00,
  0x00, 0x00, 0x00, 0x00, 0x00, 0x00, 0x00, 0x00, 0x00, 0x00, 0x00, 0x00,
  0x00, 0x00, 0x00, 0x00, 0x00, 0x00, 0x00, 0x00, 0x00, 0x00, 0x00, 0x00,
  0x00, 0x00, 0x00, 0x00, 0x00, 0x00, 0x00, 0x00, 0x00, 0x00, 0x00, 0x00,
  0x00, 0x00, 0x00, 0x00, 0x00, 0x00, 0x00, 0x00, 0x00, 0x00, 0x00, 0x00,
  0x00, 0x00, 0x00, 0x00, 0x00, 0x00, 0x00, 0x00, 0x00, 0x00, 0x00, 0x00,
  0x00, 0x00, 0x00, 0x00, 0x00, 0x00, 0x00, 0x00, 0x00, 0x00, 0x00, 0x00,
  0x00, 0x00, 0x00, 0x00, 0x00, 0x00, 0x00, 0x00, 0x00, 0x00, 0x00, 0x00,
  0x00, 0x00, 0x00, 0x00, 0x00, 0x00, 0x00, 0x00, 0x00, 0x00, 0x00, 0x00,
  0x00, 0x00, 0x00, 0x00, 0x00, 0x00, 0x00, 0x00, 0x00, 0x00, 0x00, 0x00,
  0x00, 0x00, 0x00, 0x00, 0x00, 0x00, 0x00, 0x00, 0x00, 0x00, 0x00, 0x00,
  0x00, 0x00, 0x00, 0x00, 0x00, 0x00, 0x00, 0x00, 0x00, 0x00, 0x00, 0x00,
  0x00, 0x00, 0x00, 0x00, 0x00, 0x00, 0x00, 0x00, 0x00, 0x00, 0x00, 0x00,
  0x00, 0x00, 0x00, 0x00, 0x00, 0x00, 0x00, 0x00, 0x00, 0x00, 0x00, 0x00,
  0x00, 0x00, 0x00, 0x00, 0x00, 0x00, 0x00, 0x00, 0x00, 0x00, 0x00, 0x00,
  0x00, 0x00, 0x00, 0x00, 0x00, 0x00, 0x00, 0x00, 0x00, 0x00, 0x00, 0x00,
  0x00, 0x00, 0x00, 0x00, 0x00, 0x00, 0x00, 0x00, 0x00, 0x00, 0x00, 0x00,
  0x00, 0x00, 0x00, 0x00, 0x00, 0x00, 0x00, 0x00, 0x00, 0x00, 0x00, 0x00,
  0x00, 0x00, 0x00, 0x00, 0x00, 0x00, 0x00, 0x00, 0x00, 0x00, 0x00, 0x00,
  0x00, 0x00, 0x00, 0x00, 0x00, 0x00, 0x00, 0x00, 0x00, 0x00, 0x00, 0x00,
  0x00, 0x00, 0x00, 0x00, 0x00, 0x00, 0x00, 0x00, 0x00, 0x00, 0x00, 0x00,
  0x00, 0x00, 0x00, 0x00, 0x00, 0x00, 0x00, 0x00, 0x00, 0x00, 0x00, 0x00,
  0x00, 0x00, 0x00, 0x00, 0x00, 0x00, 0x00, 0x00, 0x00, 0x00, 0x00, 0x00,
  0x00, 0x00, 0x00, 0x00, 0x00, 0x00, 0x00, 0x00, 0x00, 0x00, 0x00, 0x00,
  0x00, 0x00, 0x00, 0x00, 0x00, 0x00, 0x00, 0x00, 0x00, 0x00, 0x00, 0x00,
  0x00, 0x00, 0x00, 0x00, 0x00, 0x00, 0x00, 0x00, 0x00, 0x00, 0x00, 0x00,
  0x00, 0x00, 0x00, 0x00, 0x00, 0x00, 0x00, 0x00, 0x00, 0x00, 0x00, 0x00,
  0x00, 0x00, 0x00, 0x00, 0x00, 0x00, 0x00, 0x00, 0x00, 0x00, 0x00, 0x00,
  0x00, 0x00, 0x00, 0x00, 0x00, 0x00, 0x00, 0x00, 0x00, 0x00, 0x00, 0x00,
  0x00, 0x00, 0x00, 0x00, 0x00, 0x00, 0x00, 0x00, 0x00, 0x00, 0x00, 0x00,
  0x00, 0x00, 0x00, 0x00, 0x00, 0x00, 0x00, 0x00, 0x00, 0x00, 0x00, 0x00,
  0x00, 0x00, 0x00, 0x00, 0x00, 0x00, 0x00, 0x00, 0x00, 0x00, 0x00, 0x00,
  0x00, 0x00, 0x00, 0x00, 0x00, 0x00, 0x00, 0x00, 0x00, 0x00, 0x00, 0x00,
  0x00, 0x00, 0x00, 0x00, 0x00, 0x00, 0x00, 0x00, 0x00, 0x00, 0x00, 0x00,
  0x00, 0x00, 0x00, 0x00, 0x00, 0x00, 0x00, 0x00, 0x00, 0x00, 0x00, 0x00,
  0x00, 0x00, 0x00, 0x00, 0x00, 0x00, 0x00, 0x00, 0x00, 0x00, 0x00, 0x00,
  0x00, 0x00, 0x00, 0x00, 0x00, 0x00, 0x00, 0x00, 0x00, 0x00, 0x00, 0x00,
  0x00, 0x00, 0x00, 0x00, 0x00, 0x00, 0x00, 0x00, 0x00, 0x00, 0x00, 0x00,
  0x00, 0x00, 0x00, 0x00, 0x00, 0x00, 0x00, 0x00, 0x00, 0x00, 0x00, 0x00,
  0x00, 0x00, 0x00, 0x00, 0x00, 0x00, 0x00, 0x00, 0x00, 0x00, 0x00, 0x00,
  0x00, 0x00, 0x00, 0x00, 0x00, 0x00, 0x00, 0x00, 0x00, 0x00, 0x00, 0x00,
  0x00, 0x00, 0x00, 0x00, 0x00, 0x00, 0x00, 0x00, 0x00, 0x00, 0x00, 0x00,
  0x00, 0x00, 0x00, 0x00, 0x00, 0x00, 0x00, 0x00, 0x00, 0x00, 0x00, 0x00,
  0x00, 0x00, 0x00, 0x00, 0x00, 0x00, 0x00, 0x00, 0x00, 0x00, 0x00, 0x00,
  0x00, 0x00, 0x00, 0x00, 0x00, 0x00, 0x00, 0x00, 0x00, 0x00, 0x00, 0x00,
  0x00, 0x00, 0x00, 0x00, 0x00, 0x00, 0x00, 0x00, 0x00, 0x00, 0x00, 0x00,
  0x00, 0x00, 0x00, 0x00, 0x00, 0x00, 0x00, 0x00, 0x00, 0x00, 0x00, 0x00,
  0x00, 0x00, 0x00, 0x00, 0x00, 0x00, 0x00, 0x00, 0x00, 0x00, 0x00, 0x00,
  0x00, 0x00, 0x00, 0x00, 0x00, 0x00, 0x00, 0x00, 0x00, 0x00, 0x00, 0x00,
  0x00, 0x00, 0x00, 0x00, 0x00, 0x00, 0x00, 0x00, 0x00, 0x00, 0x00, 0x00,
  0x00, 0x00, 0x00, 0x00, 0x00, 0x00, 0x00, 0x00, 0x00, 0x00, 0x00, 0x00,
  0x00, 0x00, 0x00, 0x00, 0x00, 0x00, 0x00, 0x00, 0x00, 0x00, 0x00, 0x00,
  0x00, 0x00, 0x00, 0x00, 0x00, 0x00, 0x00, 0x00, 0x00, 0x00, 0x00, 0x00,
  0x00, 0x00, 0x00, 0x00, 0x00, 0x00, 0x00, 0x00, 0x00, 0x00, 0x00, 0x00,
  0x00, 0x00, 0x00, 0x00, 0x00, 0x00, 0x00, 0x00, 0x00, 0x00, 0x00, 0x00,
  0x00, 0x00, 0x00, 0x00, 0x00, 0x00, 0x00, 0x00, 0x00, 0x00, 0x00, 0x00,
  0x00, 0x00, 0x00, 0x00, 0x00, 0x00, 0x00, 0x00, 0x00, 0x00, 0x00, 0x00,
  0x00, 0x00, 0x00, 0x00, 0x00, 0x00, 0x00, 0x00, 0x00, 0x00, 0x00, 0x00,
  0x00, 0x00, 0x00, 0x00, 0x00, 0x00, 0x00, 0x00, 0x00, 0x00, 0x00, 0x00,
  0x00, 0x00, 0x00, 0x00, 0x00, 0x00, 0x00, 0x00, 0x00, 0x00, 0x00, 0x00,
  0x00, 0x00, 0x00, 0x00, 0x00, 0x00, 0x00, 0x00, 0x00, 0x00, 0x00, 0x00,
  0x00, 0x00, 0x00, 0x00, 0x00, 0x00, 0x00, 0x00, 0x00, 0x00, 0x00, 0x00,
  0x00, 0x00, 0x00, 0x00, 0x00, 0x00, 0x00, 0x00, 0x00, 0x00, 0x00, 0x00,
  0x00, 0x00, 0x00, 0x00, 0x00, 0x00, 0x00, 0x00, 0x00, 0x00, 0x00, 0x00,
  0x00, 0x00, 0x00, 0x00, 0x00, 0x00, 0x00, 0x00, 0x00, 0x00, 0x00, 0x00,
  0x00, 0x00, 0x00, 0x00, 0x00, 0x00, 0x00, 0x00, 0x00, 0x00, 0x00, 0x00,
  0x00, 0x00, 0x00, 0x00, 0x00, 0x00, 0x00, 0x00, 0x00, 0x00, 0x00, 0x00,
  0x00, 0x00, 0x00, 0x00, 0x00, 0x00, 0x00, 0x00, 0x00, 0x00, 0x00, 0x00,
  0x00, 0x00, 0x00, 0x00, 0x00, 0x00, 0x00, 0x00, 0x00, 0x00, 0x00, 0x00,
  0x00, 0x00, 0x00, 0x00, 0x00, 0x00, 0x00, 0x00, 0x00, 0x00, 0x00, 0x00,
  0x00, 0x00, 0x00, 0x00, 0x00, 0x00, 0x00, 0x00, 0x00, 0x00, 0x00, 0x00,
  0x00, 0x00, 0x00, 0x00, 0x00, 0x00, 0x00, 0x00, 0x00, 0x00, 0x00, 0x00,
  0x00, 0x00, 0x00, 0x00, 0x00, 0x00, 0x00, 0x00, 0x00, 0x00, 0x00, 0x00,
  0x00, 0x00, 0x00, 0x00, 0x00, 0x00, 0x00, 0x00, 0x00, 0x00, 0x00, 0x00,
  0x00, 0x00, 0x00, 0x00, 0x00, 0x00, 0x00, 0x00, 0x00, 0x00, 0x00, 0x00,
  0x00, 0x00, 0x00, 0x00, 0x00, 0x00, 0x00, 0x00, 0x00, 0x00, 0x00, 0x00,
  0x00, 0x00, 0x00, 0x00, 0x00, 0x00, 0x00, 0x00, 0x00, 0x00, 0x00, 0x00,
  0x00, 0x00, 0x00, 0x00, 0x00, 0x00, 0x00, 0x00, 0x00, 0x00, 0x00, 0x00,
  0x00, 0x00, 0x00, 0x00, 0x00, 0x00, 0x00, 0x00, 0x00, 0x00, 0x00, 0x00,
  0x00, 0x00, 0x00, 0x00, 0x00, 0x00, 0x00, 0x00, 0x00, 0x00, 0x00, 0x00,
  0x00, 0x00, 0x00, 0x00, 0x00, 0x00, 0x00, 0x00, 0x00, 0x00, 0x00, 0x00,
  0x00, 0x00, 0x00, 0x00, 0x00, 0x00, 0x00, 0x00, 0x00, 0x00, 0x00, 0x00,
  0x00, 0x00, 0x00, 0x00, 0x00, 0x00, 0x00, 0x00, 0x00, 0x00, 0x00, 0x00,
  0x00, 0x00, 0x00, 0x00, 0x00, 0x00, 0x00, 0x00, 0x00, 0x00, 0x00, 0x00,
  0x00, 0x00, 0x00, 0x00, 0x00, 0x00, 0x00, 0x00, 0x00, 0x00, 0x00, 0x00,
  0x00, 0x00, 0x00, 0x00, 0x00, 0x00, 0x00, 0x00, 0x00, 0x00, 0x00, 0x00,
  0x00, 0x00, 0x00, 0x00, 0x00, 0x00, 0x00, 0x00, 0x00, 0x00, 0x00, 0x00,
  0x00, 0x00, 0x00, 0x00, 0x00, 0x00, 0x00, 0x00, 0x00, 0x00, 0x00, 0x00,
  0x00, 0x00, 0x00, 0x00, 0x00, 0x00, 0x00, 0x00, 0x00, 0x00, 0x00, 0x00,
  0x00, 0x00, 0x00, 0x00, 0x00, 0x00, 0x00, 0x00, 0x00, 0x00, 0x00, 0x00,
  0x00, 0x00, 0x00, 0x00, 0x00, 0x00, 0x00, 0x00, 0x00, 0x00, 0x00, 0x00,
  0x00, 0x00, 0x00, 0x00, 0x00, 0x00, 0x00, 0x00, 0x00, 0x00, 0x00, 0x00,
  0x00, 0x00, 0x00, 0x00, 0x00, 0x00, 0x00, 0x00, 0x00, 0x00, 0x00, 0x00,
  0x00, 0x00, 0x00, 0x00, 0x00, 0x00, 0x00, 0x00, 0x00, 0x00, 0x00, 0x00,
  0x00, 0x00, 0x00, 0x00, 0x00, 0x00, 0x00, 0x00, 0x00, 0x00, 0x00, 0x00,
  0x00, 0x00, 0x00, 0x00, 0x00, 0x00, 0x00, 0x00, 0x00, 0x00, 0x00, 0x00,
  0x00, 0x00, 0x00, 0x00, 0x00, 0x00, 0x00, 0x00, 0x00, 0x00, 0x00, 0x00,
  0x00, 0x00, 0x00, 0x00, 0x00, 0x00, 0x00, 0x00, 0x00, 0x00, 0x00, 0x00,
  0x00, 0x00, 0x00, 0x00, 0x00, 0x00, 0x00, 0x00, 0x00, 0x00, 0x00, 0x00,
  0x00, 0x00, 0x00, 0x00, 0x00, 0x00, 0x00, 0x00, 0x00, 0x00, 0x00, 0x00,
  0x00, 0x00, 0x00, 0x00, 0x00, 0x00, 0x00, 0x00, 0x00, 0x00, 0x00, 0x00,
  0x00, 0x00, 0x00, 0x00, 0x00, 0x00, 0x00, 0x00, 0x00, 0x00, 0x00, 0x00,
  0x00, 0x00, 0x00, 0x00, 0x00, 0x00, 0x00, 0x00, 0x00, 0x00, 0x00, 0x00,
  0x00, 0x00, 0x00, 0x00, 0x00, 0x00, 0x00, 0x00, 0x00, 0x00, 0x00, 0x00,
  0x00, 0x00, 0x00, 0x00, 0x00, 0x00, 0x00, 0x00, 0x00, 0x00, 0x00, 0x00,
  0x00, 0x00, 0x00, 0x00, 0x00, 0x00, 0x00, 0x00, 0x00, 0x00, 0x00, 0x00,
  0x00, 0x00, 0x00, 0x00, 0x00, 0x00, 0x00, 0x00, 0x00, 0x00, 0x00, 0x00,
  0x00, 0x00, 0x00, 0x00, 0x00, 0x00, 0x00, 0x00, 0x00, 0x00, 0x00, 0x00,
  0x00, 0x00, 0x00, 0x00, 0x00, 0x00, 0x00, 0x00, 0x00, 0x00, 0x00, 0x00,
  0x00, 0x00, 0x00, 0x00, 0x00, 0x00, 0x00, 0x00, 0x00, 0x00, 0x00, 0x00,
  0x00, 0x00, 0x00, 0x00, 0x00, 0x00, 0x00, 0x00, 0x00, 0x00, 0x00, 0x00,
  0x00, 0x00, 0x00, 0x00, 0x00, 0x00, 0x00, 0x00, 0x00, 0x00, 0x00, 0x00,
  0x00, 0x00, 0x00, 0x00, 0x00, 0x00, 0x00, 0x00, 0x00, 0x00, 0x00, 0x00,
  0x00, 0x00, 0x00, 0x00, 0x00, 0x00, 0x00, 0x00, 0x00, 0x00, 0x00, 0x00,
  0x00, 0x00, 0x00, 0x00, 0x00, 0x00, 0x00, 0x00, 0x00, 0x00, 0x00, 0x00,
  0x00, 0x00, 0x00, 0x00, 0x00, 0x00, 0x00, 0x00, 0x00, 0x00, 0x00, 0x00,
  0x00, 0x00, 0x00, 0x00, 0x00, 0x00, 0x00, 0x00, 0x00, 0x00, 0x00, 0x00,
  0x00, 0x00, 0x00, 0x00, 0x00, 0x00, 0x00, 0x00, 0x00, 0x00, 0x00, 0x00,
  0x00, 0x00, 0x00, 0x00, 0x00, 0x00, 0x00, 0x00, 0x00, 0x00, 0x00, 0x00,
  0x00, 0x00, 0x00, 0x00, 0x00, 0x00, 0x00, 0x00, 0x00, 0x00, 0x00, 0x00,
  0x00, 0x00, 0x00, 0x00, 0x00, 0x00, 0x00, 0x00, 0x00, 0x00, 0x00, 0x00,
  0x00, 0x00, 0x00, 0x00, 0x00, 0x00, 0x00, 0x00, 0x00, 0x00, 0x00, 0x00,
  0x00, 0x00, 0x00, 0x00, 0x00, 0x00, 0x00, 0x00, 0x00, 0x00, 0x00, 0x00,
  0x00, 0x00, 0x00, 0x00, 0x00, 0x00, 0x00, 0x00, 0x00, 0x00, 0x00, 0x00,
  0x00, 0x00, 0x00, 0x00, 0x00, 0x00, 0x00, 0x00, 0x00, 0x00, 0x00, 0x00,
  0x00, 0x00, 0x00, 0x00, 0x00, 0x00, 0x00, 0x00, 0x00, 0x00, 0x00, 0x00,
  0x00, 0x00, 0x00, 0x00, 0x00, 0x00, 0x00, 0x00, 0x00, 0x00, 0x00, 0x00,
  0x00, 0x00, 0x00, 0x00, 0x00, 0x00, 0x00, 0x00, 0x00, 0x00, 0x00, 0x00,
  0x00, 0x00, 0x00, 0x00, 0x00, 0x00, 0x00, 0x00, 0x00, 0x00, 0x00, 0x00,
  0x00, 0x00, 0x00, 0x00, 0x00, 0x00, 0x00, 0x00, 0x00, 0x00, 0x00, 0x00,
  0x00, 0x00, 0x00, 0x00, 0x00, 0x00, 0x00, 0x00, 0x00, 0x00, 0x00, 0x00,
  0x00, 0x00, 0x00, 0x00, 0x00, 0x00, 0x00, 0x00, 0x00, 0x00, 0x00, 0x00,
  0x00, 0x00, 0x00, 0x00, 0x00, 0x00, 0x00, 0x00, 0x00, 0x00, 0x00, 0x00,
  0x00, 0x00, 0x00, 0x00, 0x00, 0x00, 0x00, 0x00, 0x00, 0x00, 0x00, 0x00,
  0x00, 0x00, 0x00, 0x00, 0x00, 0x00, 0x00, 0x00, 0x00, 0x00, 0x00, 0x00,
  0x00, 0x00, 0x00, 0x00, 0x00, 0x00, 0x00, 0x00, 0x00, 0x00, 0x00, 0x00,
  0x00, 0x00, 0x00, 0x00, 0x00, 0x00, 0x00, 0x00, 0x00, 0x00, 0x00, 0x00,
  0x00, 0x00, 0x00, 0x55, 0x89, 0xe5, 0x83, 0xec, 0x18, 0x83, 0x7d, 0x08,
  0x01, 0x0f, 0x8e, 0x81, 0x00, 0x00, 0x00, 0xc7, 0x45, 0xec, 0x00, 0x81,
  0x04, 0x08, 0xc7, 0x45, 0xf4, 0x01, 0x00, 0x00, 0x00, 0xc7, 0x45, 0xf0,
  0x00, 0x00, 0x00, 0x00, 0xeb, 0x2c, 0x8b, 0x55, 0xf0, 0x8b, 0x45, 0xec,
  0x01, 0xd0, 0x0f, 0xb6, 0x10, 0x8b, 0x45, 0x0c, 0x83, 0xc0, 0x04, 0x8b,
  0x08, 0x8b, 0x45, 0xf0, 0x01, 0xc8, 0x0f, 0xb6, 0x00, 0x38, 0xc2, 0x74,
  0x09, 0xc7, 0x45, 0xf4, 0x00, 0x00, 0x00, 0x00, 0xeb, 0x27, 0x83, 0x45,
  0xf0, 0x01, 0x8b, 0x55, 0xf0, 0x8b, 0x45, 0xec, 0x01, 0xd0, 0x0f, 0xb6,
  0x00, 0x84, 0xc0, 0x75, 0xc5, 0x8b, 0x45, 0x0c, 0x83, 0xc0, 0x04, 0x8b,
  0x10, 0x8b, 0x45, 0xf0, 0x01, 0xd0, 0x0f, 0xb6, 0x00, 0x84, 0xc0, 0x75,
  0xb1, 0x83, 0x7d, 0xf4, 0x00, 0x74, 0x15, 0x83, 0xec, 0x0c, 0x68, 0x08,
  0x81, 0x04, 0x08, 0xe8, 0x27, 0x00, 0x00, 0x00, 0x83, 0xc4, 0x10, 0xe8,
  0x2d, 0x00, 0x00, 0x00, 0x83, 0xec, 0x0c, 0x68, 0x44, 0x81, 0x04, 0x08,
  0xe8, 0x12, 0x00, 0x00, 0x00, 0x83, 0xc4, 0x10, 0xe8, 0x18, 0x00, 0x00,
  0x00, 0x90, 0xc9, 0xc3, 0x66, 0x90, 0x66, 0x90, 0x66, 0x90, 0x90, 0x53,
  0xb8, 0x28, 0x00, 0x00, 0x00, 0x8b, 0x5c, 0x24, 0x08, 0xcd, 0x80, 0x5b,
  0xc3, 0xb8, 0x20, 0x00, 0x00, 0x00, 0xcd, 0x80, 0xc3, 0x00, 0x00, 0x14,
  0x00, 0x00, 0x00, 0x00, 0x00, 0x00, 0x00, 0x01, 0x7a, 0x52, 0x00, 0x01,
  0x7c, 0x08, 0x01, 0x1b, 0x0c, 0x04, 0x04, 0x88, 0x01, 0x00, 0x00, 0x1c,
  0x00, 0x00, 0x00, 0x1c, 0x00, 0x00, 0x00, 0x18, 0xff, 0xff, 0xff, 0xa9,
  0x00, 0x00, 0x00, 0x00, 0x41, 0x0e, 0x08, 0x85, 0x02, 0x42, 0x0d, 0x05,
  0x02, 0xa5, 0xc5, 0x0c, 0x04, 0x04, 0x00, 0x2d, 0x2d, 0x68, 0x65, 0x6c,
  0x70, 0x00, 0x00, 0x55, 0x73, 0x61, 0x67, 0x65, 0x3a, 0x20, 0x68, 0x65,
  0x6c, 0x6c, 0x6f, 0x0a, 0x50, 0x72, 0x69, 0x6e, 0x74, 0x73, 0x20, 0x61,
  0x20, 0x66, 0x72, 0x69, 0x65, 0x6e, 0x64, 0x6c, 0x79, 0x20, 0x67, 0x72,
  0x65, 0x65, 0x74, 0x69, 0x6e, 0x67, 0x20, 0x66, 0x72, 0x6f, 0x6d, 0x20,
  0x75, 0x73, 0x65, 0x72, 0x20, 0x6d, 0x6f, 0x64, 0x65, 0x2e, 0x0a, 0x00,
  0x00, 0x00, 0x00, 0x48, 0x65, 0x6c, 0x6c, 0x6f, 0x20, 0x66, 0x72, 0x6f,
  0x6d, 0x20, 0x43, 0x75, 0x72, 0x6c, 0x73, 0x20, 0x4f, 0x53, 0x20, 0x55,
  0x73, 0x65, 0x72, 0x20, 0x4d, 0x6f, 0x64, 0x65, 0x20, 0x45, 0x4c, 0x46,
  0x21, 0x0a, 0x00, 0xd0, 0x00, 0x00, 0x00, 0x05, 0x00, 0x01, 0x04, 0x00,
  0x00, 0x00, 0x00, 0x05, 0x28, 0x00, 0x00, 0x00, 0x1d, 0x03, 0x47, 0x16,
  0x03, 0x00, 0x00, 0x00, 0x00, 0x00, 0x13, 0x00, 0x00, 0x00, 0x00, 0x80,
  0x04, 0x08, 0xa9, 0x00, 0x00, 0x00, 0x00, 0x00, 0x00, 0x00, 0x06, 0x1b,
  0x00, 0x00, 0x00, 0x01, 0x02, 0x06, 0x07, 0x0d, 0x00, 0x00, 0x00, 0x01,
  0x01, 0x06, 0x45, 0x00, 0x00, 0x00, 0x08, 0x45, 0x00, 0x00, 0x00, 0x00,
  0x01, 0x51, 0x00, 0x00, 0x00, 0x09, 0x01, 0x06, 0x8f, 0x00, 0x00, 0x00,
  0x0a, 0x4a, 0x00, 0x00, 0x00, 0x0b, 0x00, 0x00, 0x00, 0x00, 0x01, 0x04,
  0x06, 0x00, 0x80, 0x04, 0x08, 0xa9, 0x00, 0x00, 0x00, 0x01, 0x9c, 0xc2,
  0x00, 0x00, 0x00, 0x02, 0x94, 0x00, 0x00, 0x00, 0x11, 0xc2, 0x00, 0x00,
  0x00, 0x02, 0x91, 0x00, 0x02, 0x99, 0x00, 0x00, 0x00, 0x1e, 0xc9, 0x00,
  0x00, 0x00, 0x02, 0x91, 0x04, 0x03, 0x10, 0x80, 0x04, 0x08, 0x81, 0x00,
  0x00, 0x00, 0x04, 0x68, 0x00, 0x07, 0x15, 0x45, 0x00, 0x00, 0x00, 0x02,
  0x91, 0x64, 0x0c, 0x07, 0x00, 0x00, 0x00, 0x01, 0x08, 0x0d, 0xc2, 0x00,
  0x00, 0x00, 0x02, 0x91, 0x6c, 0x03, 0x1e, 0x80, 0x04, 0x08, 0x58, 0x00,
  0x00, 0x00, 0x04, 0x69, 0x00, 0x09, 0x12, 0xc2, 0x00, 0x00, 0x00, 0x02,
  0x91, 0x68, 0x00, 0x00, 0x00, 0x0d, 0x04, 0x05, 0x69, 0x6e, 0x74, 0x00,
  0x01, 0xce, 0x00, 0x00, 0x00, 0x01, 0x4a, 0x00, 0x00, 0x00, 0x00, 0x01,
  0x0f, 0x00, 0x0b, 0x21, 0x04, 0x49, 0x13, 0x00, 0x00, 0x02, 0x05, 0x00,
  0x03, 0x0e, 0x3a, 0x21, 0x01, 0x3b, 0x21, 0x04, 0x39, 0x0b, 0x49, 0x13,
  0x02, 0x18, 0x00, 0x00, 0x03, 0x0b, 0x01, 0x11, 0x01, 0x12, 0x06, 0x00,
  0x00, 0x04, 0x34, 0x00, 0x03, 0x08, 0x3a, 0x21, 0x01, 0x3b, 0x0b, 0x39,
  0x0b, 0x49, 0x13, 0x02, 0x18, 0x00, 0x00, 0x05, 0x11, 0x01, 0x25, 0x0e,
  0x13, 0x0b, 0x90, 0x01, 0x0b, 0x91, 0x01, 0x06, 0x03, 0x1f, 0x1b, 0x1f,
  0x11, 0x01, 0x12, 0x06, 0x10, 0x17, 0x00, 0x00, 0x06, 0x2e, 0x00, 0x3f,
  0x19, 0x03, 0x0e, 0x3a, 0x0b, 0x3b, 0x0b, 0x39, 0x0b, 0x27, 0x19, 0x3c,
  0x19, 0x00, 0x00, 0x07, 0x2e, 0x01, 0x3f, 0x19, 0x03, 0x0e, 0x3a, 0x0b,
  0x3b, 0x0b, 0x39, 0x0b, 0x27, 0x19, 0x3c, 0x19, 0x01, 0x13, 0x00, 0x00,
  0x08, 0x05, 0x00, 0x49, 0x13, 0x00, 0x00, 0x09, 0x24, 0x00, 0x0b, 0x0b,
  0x3e, 0x0b, 0x03, 0x0e, 0x00, 0x00, 0x0a, 0x26, 0x00, 0x49, 0x13, 0x00,
  0x00, 0x0b, 0x2e, 0x01, 0x3f, 0x19, 0x03, 0x0e, 0x3a, 0x0b, 0x3b, 0x0b,
  0x39, 0x0b, 0x27, 0x19, 0x11, 0x01, 0x12, 0x06, 0x40, 0x18, 0x7c, 0x19,
  0x01, 0x13, 0x00, 0x00, 0x0c, 0x34, 0x00, 0x03, 0x0e, 0x3a, 0x0b, 0x3b,
  0x0b, 0x39, 0x0b, 0x49, 0x13, 0x02, 0x18, 0x00, 0x00, 0x0d, 0x24, 0x00,
  0x0b, 0x0b, 0x3e, 0x0b, 0x03, 0x08, 0x00, 0x00, 0x00, 0x1c, 0x00, 0x00,
  0x00, 0x02, 0x00, 0x00, 0x00, 0x00, 0x00, 0x04, 0x00, 0x00, 0x00, 0x00,
  0x00, 0x00, 0x80, 0x04, 0x08, 0xa9, 0x00, 0x00, 0x00, 0x00, 0x00, 0x00,
  0x00, 0x00, 0x00, 0x00, 0x00, 0xa5, 0x00, 0x00, 0x00, 0x05, 0x00, 0x04,
  0x00, 0x2e, 0x00, 0x00, 0x00, 0x01, 0x01, 0x01, 0xfb, 0x0e, 0x0d, 0x00,
  0x01, 0x01, 0x01, 0x01, 0x00, 0x00, 0x00, 0x01, 0x00, 0x00, 0x01, 0x01,
  0x01, 0x1f, 0x02, 0x13, 0x00, 0x00, 0x00, 0x30, 0x00, 0x00, 0x00, 0x02,
  0x01, 0x1f, 0x02, 0x0f, 0x02, 0x0b, 0x00, 0x00, 0x00, 0x01, 0x0b, 0x00,
  0x00, 0x00, 0x01, 0x05, 0x24, 0x00, 0x05, 0x02, 0x00, 0x80, 0x04, 0x08,
  0x15, 0x05, 0x08, 0x67, 0x05, 0x15, 0xa0, 0x05, 0x0d, 0x75, 0x05, 0x12,
  0x75, 0x05, 0x09, 0x74, 0x05, 0x12, 0x2f, 0x05, 0x1d, 0xac, 0x05, 0x20,
  0x82, 0x05, 0x16, 0x58, 0x05, 0x10, 0x3c, 0x05, 0x2d, 0x00, 0x02, 0x04,
  0x01, 0x4a, 0x05, 0x32, 0x74, 0x05, 0x2e, 0x00, 0x02, 0x04, 0x02, 0x2d,
  0x05, 0x1a, 0x00, 0x02, 0x04, 0x01, 0x4a, 0x05, 0x1e, 0x00, 0x02, 0x04,
  0x01, 0xac, 0x05, 0x25, 0x00, 0x02, 0x04, 0x03, 0x4a, 0x05, 0x28, 0x00,
  0x02, 0x04, 0x03, 0x82, 0x05, 0x1e, 0x00, 0x02, 0x04, 0x03, 0x82, 0x05,
  0x0c, 0x4d, 0x05, 0x0d, 0x67, 0xf3, 0x05, 0x05, 0x5b, 0xf3, 0x05, 0x01,
  0x59, 0x02, 0x03, 0x00, 0x01, 0x01, 0x5f, 0x73, 0x74, 0x61, 0x72, 0x74,
  0x00, 0x6d, 0x61, 0x74, 0x63, 0x68, 0x00, 0x73, 0x79, 0x73, 0x63, 0x61,
  0x6c, 0x6c, 0x5f, 0x70, 0x72, 0x69, 0x6e, 0x74, 0x00, 0x73, 0x79, 0x73,
  0x63, 0x61, 0x6c, 0x6c, 0x5f, 0x65, 0x78, 0x69, 0x74, 0x00, 0x47, 0x4e,
  0x55, 0x20, 0x43, 0x32, 0x33, 0x20, 0x31, 0x35, 0x2e, 0x32, 0x2e, 0x30,
  0x20, 0x2d, 0x6d, 0x33, 0x32, 0x20, 0x2d, 0x6d, 0x74, 0x75, 0x6e, 0x65,
  0x3d, 0x67, 0x65, 0x6e, 0x65, 0x72, 0x69, 0x63, 0x20, 0x2d, 0x6d, 0x61,
  0x72, 0x63, 0x68, 0x3d, 0x69, 0x36, 0x38, 0x36, 0x20, 0x2d, 0x67, 0x20,
  0x2d, 0x66, 0x66, 0x72, 0x65, 0x65, 0x73, 0x74, 0x61, 0x6e, 0x64, 0x69,
  0x6e, 0x67, 0x20, 0x2d, 0x66, 0x6e, 0x6f, 0x2d, 0x70, 0x69, 0x63, 0x20,
  0x2d, 0x66, 0x61, 0x73, 0x79, 0x6e, 0x63, 0x68, 0x72, 0x6f, 0x6e, 0x6f,
  0x75, 0x73, 0x2d, 0x75, 0x6e, 0x77, 0x69, 0x6e, 0x64, 0x2d, 0x74, 0x61,
  0x62, 0x6c, 0x65, 0x73, 0x00, 0x63, 0x68, 0x61, 0x72, 0x00, 0x61, 0x72,
  0x67, 0x63, 0x00, 0x61, 0x72, 0x67, 0x76, 0x00, 0x75, 0x73, 0x65, 0x72,
  0x2f, 0x68, 0x65, 0x6c, 0x6c, 0x6f, 0x2f, 0x68, 0x65, 0x6c, 0x6c, 0x6f,
  0x2e, 0x63, 0x00, 0x2f, 0x68, 0x6f, 0x6d, 0x65, 0x2f, 0x76, 0x69, 0x6f,
  0x6c, 0x65, 0x74, 0x2f, 0x44, 0x65, 0x73, 0x6b, 0x74, 0x6f, 0x70, 0x2f,
  0x63, 0x75, 0x72, 0x6c, 0x73, 0x36, 0x34, 0x00, 0x75, 0x73, 0x65, 0x72,
  0x2f, 0x68, 0x65, 0x6c, 0x6c, 0x6f, 0x00, 0x47, 0x43, 0x43, 0x3a, 0x20,
  0x28, 0x44, 0x65, 0x62, 0x69, 0x61, 0x6e, 0x20, 0x31, 0x35, 0x2e, 0x32,
  0x2e, 0x30, 0x2d, 0x31, 0x32, 0x29, 0x20, 0x31, 0x35, 0x2e, 0x32, 0x2e,
  0x30, 0x00, 0x00, 0x00, 0x00, 0x00, 0x00, 0x00, 0x00, 0x00, 0x00, 0x00,
  0x00, 0x00, 0x00, 0x00, 0x00, 0x00, 0x00, 0x01, 0x00, 0x00, 0x00, 0x00,
  0x00, 0x00, 0x00, 0x00, 0x00, 0x00, 0x00, 0x04, 0x00, 0xf1, 0xff, 0x09,
  0x00, 0x00, 0x00, 0x00, 0x00, 0x00, 0x00, 0x00, 0x00, 0x00, 0x00, 0x04,
  0x00, 0xf1, 0xff, 0x1c, 0x00, 0x00, 0x00, 0xb0, 0x80, 0x04, 0x08, 0x00,
  0x00, 0x00, 0x00, 0x10, 0x00, 0x01, 0x00, 0x2a, 0x00, 0x00, 0x00, 0x00,
  0x80, 0x04, 0x08, 0xa9, 0x00, 0x00, 0x00, 0x12, 0x00, 0x01, 0x00, 0x31,
  0x00, 0x00, 0x00, 0xbe, 0x80, 0x04, 0x08, 0x00, 0x00, 0x00, 0x00, 0x10,
  0x00, 0x01, 0x00, 0x00, 0x68, 0x65, 0x6c, 0x6c, 0x6f, 0x2e, 0x63, 0x00,
  0x75, 0x73, 0x65, 0x72, 0x2f, 0x6c, 0x69, 0x62, 0x2f, 0x73, 0x79, 0x73,
  0x63, 0x61, 0x6c, 0x6c, 0x2e, 0x73, 0x00, 0x73, 0x79, 0x73, 0x63, 0x61,
  0x6c, 0x6c, 0x5f, 0x70, 0x72, 0x69, 0x6e, 0x74, 0x00, 0x5f, 0x73, 0x74,
  0x61, 0x72, 0x74, 0x00, 0x73, 0x79, 0x73, 0x63, 0x61, 0x6c, 0x6c, 0x5f,
  0x65, 0x78, 0x69, 0x74, 0x00, 0x00, 0x2e, 0x73, 0x79, 0x6d, 0x74, 0x61,
  0x62, 0x00, 0x2e, 0x73, 0x74, 0x72, 0x74, 0x61, 0x62, 0x00, 0x2e, 0x73,
  0x68, 0x73, 0x74, 0x72, 0x74, 0x61, 0x62, 0x00, 0x2e, 0x74, 0x65, 0x78,
  0x74, 0x00, 0x2e, 0x65, 0x68, 0x5f, 0x66, 0x72, 0x61, 0x6d, 0x65, 0x00,
  0x2e, 0x64, 0x61, 0x74, 0x61, 0x00, 0x2e, 0x64, 0x65, 0x62, 0x75, 0x67,
  0x5f, 0x69, 0x6e, 0x66, 0x6f, 0x00, 0x2e, 0x64, 0x65, 0x62, 0x75, 0x67,
  0x5f, 0x61, 0x62, 0x62, 0x72, 0x65, 0x76, 0x00, 0x2e, 0x64, 0x65, 0x62,
  0x75, 0x67, 0x5f, 0x61, 0x72, 0x61, 0x6e, 0x67, 0x65, 0x73, 0x00, 0x2e,
  0x64, 0x65, 0x62, 0x75, 0x67, 0x5f, 0x6c, 0x69, 0x6e, 0x65, 0x00, 0x2e,
  0x64, 0x65, 0x62, 0x75, 0x67, 0x5f, 0x73, 0x74, 0x72, 0x00, 0x2e, 0x64,
  0x65, 0x62, 0x75, 0x67, 0x5f, 0x6c, 0x69, 0x6e, 0x65, 0x5f, 0x73, 0x74,
  0x72, 0x00, 0x2e, 0x63, 0x6f, 0x6d, 0x6d, 0x65, 0x6e, 0x74, 0x00, 0x00,
  0x00, 0x00, 0x00, 0x00, 0x00, 0x00, 0x00, 0x00, 0x00, 0x00, 0x00, 0x00,
  0x00, 0x00, 0x00, 0x00, 0x00, 0x00, 0x00, 0x00, 0x00, 0x00, 0x00, 0x00,
  0x00, 0x00, 0x00, 0x00, 0x00, 0x00, 0x00, 0x00, 0x00, 0x00, 0x00, 0x00,
  0x00, 0x00, 0x00, 0x1b, 0x00, 0x00, 0x00, 0x01, 0x00, 0x00, 0x00, 0x06,
  0x00, 0x00, 0x00, 0x00, 0x80, 0x04, 0x08, 0x00, 0x10, 0x00, 0x00, 0xc6,
  0x00, 0x00, 0x00, 0x00, 0x00, 0x00, 0x00, 0x00, 0x00, 0x00, 0x00, 0x10,
  0x00, 0x00, 0x00, 0x00, 0x00, 0x00, 0x00, 0x21, 0x00, 0x00, 0x00, 0x01,
  0x00, 0x00, 0x00, 0x02, 0x00, 0x00, 0x00, 0xc8, 0x80, 0x04, 0x08, 0xc8,
  0x10, 0x00, 0x00, 0x38, 0x00, 0x00, 0x00, 0x00, 0x00, 0x00, 0x00, 0x00,
  0x00, 0x00, 0x00, 0x04, 0x00, 0x00, 0x00, 0x00, 0x00, 0x00, 0x00, 0x2b,
  0x00, 0x00, 0x00, 0x01, 0x00, 0x00, 0x00, 0x03, 0x00, 0x00, 0x00, 0x00,
  0x81, 0x04, 0x08, 0x00, 0x11, 0x00, 0x00, 0x68, 0x00, 0x00, 0x00, 0x00,
  0x00, 0x00, 0x00, 0x00, 0x00, 0x00, 0x00, 0x04, 0x00, 0x00, 0x00, 0x00,
  0x00, 0x00, 0x00, 0x31, 0x00, 0x00, 0x00, 0x01, 0x00, 0x00, 0x00, 0x00,
  0x00, 0x00, 0x00, 0x00, 0x00, 0x00, 0x00, 0x68, 0x11, 0x00, 0x00, 0xd4,
  0x00, 0x00, 0x00, 0x00, 0x00, 0x00, 0x00, 0x00, 0x00, 0x00, 0x00, 0x01,
  0x00, 0x00, 0x00, 0x00, 0x00, 0x00, 0x00, 0x3d, 0x00, 0x00, 0x00, 0x01,
  0x00, 0x00, 0x00, 0x00, 0x00, 0x00, 0x00, 0x00, 0x00, 0x00, 0x00, 0x3c,
  0x12, 0x00, 0x00, 0xca, 0x00, 0x00, 0x00, 0x00, 0x00, 0x00, 0x00, 0x00,
  0x00, 0x00, 0x00, 0x01, 0x00, 0x00, 0x00, 0x00, 0x00, 0x00, 0x00, 0x4b,
  0x00, 0x00, 0x00, 0x01, 0x00, 0x00, 0x00, 0x00, 0x00, 0x00, 0x00, 0x00,
  0x00, 0x00, 0x00, 0x06, 0x13, 0x00, 0x00, 0x20, 0x00, 0x00, 0x00, 0x00,
  0x00, 0x00, 0x00, 0x00, 0x00, 0x00, 0x00, 0x01, 0x00, 0x00, 0x00, 0x00,
  0x00, 0x00, 0x00, 0x5a, 0x00, 0x00, 0x00, 0x01, 0x00, 0x00, 0x00, 0x00,
  0x00, 0x00, 0x00, 0x00, 0x00, 0x00, 0x00, 0x26, 0x13, 0x00, 0x00, 0xa9,
  0x00, 0x00, 0x00, 0x00, 0x00, 0x00, 0x00, 0x00, 0x00, 0x00, 0x00, 0x01,
  0x00, 0x00, 0x00, 0x00, 0x00, 0x00, 0x00, 0x66, 0x00, 0x00, 0x00, 0x01,
  0x00, 0x00, 0x00, 0x30, 0x00, 0x00, 0x00, 0x00, 0x00, 0x00, 0x00, 0xcf,
  0x13, 0x00, 0x00, 0x9e, 0x00, 0x00, 0x00, 0x00, 0x00, 0x00, 0x00, 0x00,
  0x00, 0x00, 0x00, 0x01, 0x00, 0x00, 0x00, 0x01, 0x00, 0x00, 0x00, 0x71,
  0x00, 0x00, 0x00, 0x01, 0x00, 0x00, 0x00, 0x30, 0x00, 0x00, 0x00, 0x00,
  0x00, 0x00, 0x00, 0x6d, 0x14, 0x00, 0x00, 0x3b, 0x00, 0x00, 0x00, 0x00,
  0x00, 0x00, 0x00, 0x00, 0x00, 0x00, 0x00, 0x01, 0x00, 0x00, 0x00, 0x01,
  0x00, 0x00, 0x00, 0x81, 0x00, 0x00, 0x00, 0x01, 0x00, 0x00, 0x00, 0x30,
  0x00, 0x00, 0x00, 0x00, 0x00, 0x00, 0x00, 0xa8, 0x14, 0x00, 0x00, 0x1f,
  0x00, 0x00, 0x00, 0x00, 0x00, 0x00, 0x00, 0x00, 0x00, 0x00, 0x00, 0x01,
  0x00, 0x00, 0x00, 0x01, 0x00, 0x00, 0x00, 0x01, 0x00, 0x00, 0x00, 0x02,
  0x00, 0x00, 0x00, 0x00, 0x00, 0x00, 0x00, 0x00, 0x00, 0x00, 0x00, 0xc8,
  0x14, 0x00, 0x00, 0x60, 0x00, 0x00, 0x00, 0x0c, 0x00, 0x00, 0x00, 0x03,
  0x00, 0x00, 0x00, 0x04, 0x00, 0x00, 0x00, 0x10, 0x00, 0x00, 0x00, 0x09,
  0x00, 0x00, 0x00, 0x03, 0x00, 0x00, 0x00, 0x00, 0x00, 0x00, 0x00, 0x00,
  0x00, 0x00, 0x00, 0x28, 0x15, 0x00, 0x00, 0x3e, 0x00, 0x00, 0x00, 0x00,
  0x00, 0x00, 0x00, 0x00, 0x00, 0x00, 0x00, 0x01, 0x00, 0x00, 0x00, 0x00,
  0x00, 0x00, 0x00, 0x11, 0x00, 0x00, 0x00, 0x03, 0x00, 0x00, 0x00, 0x00,
  0x00, 0x00, 0x00, 0x00, 0x00, 0x00, 0x00, 0x66, 0x15, 0x00, 0x00, 0x8a,
  0x00, 0x00, 0x00, 0x00, 0x00, 0x00, 0x00, 0x00, 0x00, 0x00, 0x00, 0x01,
  0x00, 0x00, 0x00, 0x00, 0x00, 0x00, 0x00, 0x7f, 0x45, 0x4c, 0x46, 0x02,
  0x01, 0x01, 0x00, 0x00, 0x00, 0x00, 0x00, 0x00, 0x00, 0x00, 0x00, 0x02,
  0x00, 0x3e, 0x00, 0x01, 0x00, 0x00, 0x00, 0x2d, 0x09, 0x00, 0x08, 0x00,
  0x00, 0x00, 0x00, 0x40, 0x00, 0x00, 0x00, 0x00, 0x00, 0x00, 0x00, 0xd0,
  0x35, 0x00, 0x00, 0x00, 0x00, 0x00, 0x00, 0x00, 0x00, 0x00, 0x00, 0x40,
  0x00, 0x38, 0x00, 0x02, 0x00, 0x40, 0x00, 0x0d, 0x00, 0x0c, 0x00, 0x01,
  0x00, 0x00, 0x00, 0x05, 0x00, 0x00, 0x00, 0x00, 0x10, 0x00, 0x00, 0x00,
  0x00, 0x00, 0x00, 0x00, 0x00, 0x00, 0x08, 0x00, 0x00, 0x00, 0x00, 0x00,
  0x00, 0x00, 0x08, 0x00, 0x00, 0x00, 0x00, 0x3c, 0x0c, 0x00, 0x00, 0x00,
  0x00, 0x00, 0x00, 0x3c, 0x0c, 0x00, 0x00, 0x00, 0x00, 0x00, 0x00, 0x00,
  0x10, 0x00, 0x00, 0x00, 0x00, 0x00, 0x00, 0x51, 0xe5, 0x74, 0x64, 0x06,
  0x00, 0x00, 0x00, 0x00, 0x00, 0x00, 0x00, 0x00, 0x00, 0x00, 0x00, 0x00,
  0x00, 0x00, 0x00, 0x00, 0x00, 0x00, 0x00, 0x00, 0x00, 0x00, 0x00, 0x00,
  0x00, 0x00, 0x00, 0x00, 0x00, 0x00, 0x00, 0x00, 0x00, 0x00, 0x00, 0x00,
  0x00, 0x00, 0x00, 0x00, 0x00, 0x00, 0x00, 0x10, 0x00, 0x00, 0x00, 0x00,
  0x00, 0x00, 0x00, 0x00, 0x00, 0x00, 0x00, 0x00, 0x00, 0x00, 0x00, 0x00,
  0x00, 0x00, 0x00, 0x00, 0x00, 0x00, 0x00, 0x00, 0x00, 0x00, 0x00, 0x00,
  0x00, 0x00, 0x00, 0x00, 0x00, 0x00, 0x00, 0x00, 0x00, 0x00, 0x00, 0x00,
  0x00, 0x00, 0x00, 0x00, 0x00, 0x00, 0x00, 0x00, 0x00, 0x00, 0x00, 0x00,
  0x00, 0x00, 0x00, 0x00, 0x00, 0x00, 0x00, 0x00, 0x00, 0x00, 0x00, 0x00,
  0x00, 0x00, 0x00, 0x00, 0x00, 0x00, 0x00, 0x00, 0x00, 0x00, 0x00, 0x00,
  0x00, 0x00, 0x00, 0x00, 0x00, 0x00, 0x00, 0x00, 0x00, 0x00, 0x00, 0x00,
  0x00, 0x00, 0x00, 0x00, 0x00, 0x00, 0x00, 0x00, 0x00, 0x00, 0x00, 0x00,
  0x00, 0x00, 0x00, 0x00, 0x00, 0x00, 0x00, 0x00, 0x00, 0x00, 0x00, 0x00,
  0x00, 0x00, 0x00, 0x00, 0x00, 0x00, 0x00, 0x00, 0x00, 0x00, 0x00, 0x00,
  0x00, 0x00, 0x00, 0x00, 0x00, 0x00, 0x00, 0x00, 0x00, 0x00, 0x00, 0x00,
  0x00, 0x00, 0x00, 0x00, 0x00, 0x00, 0x00, 0x00, 0x00, 0x00, 0x00, 0x00,
  0x00, 0x00, 0x00, 0x00, 0x00, 0x00, 0x00, 0x00, 0x00, 0x00, 0x00, 0x00,
  0x00, 0x00, 0x00, 0x00, 0x00, 0x00, 0x00, 0x00, 0x00, 0x00, 0x00, 0x00,
  0x00, 0x00, 0x00, 0x00, 0x00, 0x00, 0x00, 0x00, 0x00, 0x00, 0x00, 0x00,
  0x00, 0x00, 0x00, 0x00, 0x00, 0x00, 0x00, 0x00, 0x00, 0x00, 0x00, 0x00,
  0x00, 0x00, 0x00, 0x00, 0x00, 0x00, 0x00, 0x00, 0x00, 0x00, 0x00, 0x00,
  0x00, 0x00, 0x00, 0x00, 0x00, 0x00, 0x00, 0x00, 0x00, 0x00, 0x00, 0x00,
  0x00, 0x00, 0x00, 0x00, 0x00, 0x00, 0x00, 0x00, 0x00, 0x00, 0x00, 0x00,
  0x00, 0x00, 0x00, 0x00, 0x00, 0x00, 0x00, 0x00, 0x00, 0x00, 0x00, 0x00,
  0x00, 0x00, 0x00, 0x00, 0x00, 0x00, 0x00, 0x00, 0x00, 0x00, 0x00, 0x00,
  0x00, 0x00, 0x00, 0x00, 0x00, 0x00, 0x00, 0x00, 0x00, 0x00, 0x00, 0x00,
  0x00, 0x00, 0x00, 0x00, 0x00, 0x00, 0x00, 0x00, 0x00, 0x00, 0x00, 0x00,
  0x00, 0x00, 0x00, 0x00, 0x00, 0x00, 0x00, 0x00, 0x00, 0x00, 0x00, 0x00,
  0x00, 0x00, 0x00, 0x00, 0x00, 0x00, 0x00, 0x00, 0x00, 0x00, 0x00, 0x00,
  0x00, 0x00, 0x00, 0x00, 0x00, 0x00, 0x00, 0x00, 0x00, 0x00, 0x00, 0x00,
  0x00, 0x00, 0x00, 0x00, 0x00, 0x00, 0x00, 0x00, 0x00, 0x00, 0x00, 0x00,
  0x00, 0x00, 0x00, 0x00, 0x00, 0x00, 0x00, 0x00, 0x00, 0x00, 0x00, 0x00,
  0x00, 0x00, 0x00, 0x00, 0x00, 0x00, 0x00, 0x00, 0x00, 0x00, 0x00, 0x00,
  0x00, 0x00, 0x00, 0x00, 0x00, 0x00, 0x00, 0x00, 0x00, 0x00, 0x00, 0x00,
  0x00, 0x00, 0x00, 0x00, 0x00, 0x00, 0x00, 0x00, 0x00, 0x00, 0x00, 0x00,
  0x00, 0x00, 0x00, 0x00, 0x00, 0x00, 0x00, 0x00, 0x00, 0x00, 0x00, 0x00,
  0x00, 0x00, 0x00, 0x00, 0x00, 0x00, 0x00, 0x00, 0x00, 0x00, 0x00, 0x00,
  0x00, 0x00, 0x00, 0x00, 0x00, 0x00, 0x00, 0x00, 0x00, 0x00, 0x00, 0x00,
  0x00, 0x00, 0x00, 0x00, 0x00, 0x00, 0x00, 0x00, 0x00, 0x00, 0x00, 0x00,
  0x00, 0x00, 0x00, 0x00, 0x00, 0x00, 0x00, 0x00, 0x00, 0x00, 0x00, 0x00,
  0x00, 0x00, 0x00, 0x00, 0x00, 0x00, 0x00, 0x00, 0x00, 0x00, 0x00, 0x00,
  0x00, 0x00, 0x00, 0x00, 0x00, 0x00, 0x00, 0x00, 0x00, 0x00, 0x00, 0x00,
  0x00, 0x00, 0x00, 0x00, 0x00, 0x00, 0x00, 0x00, 0x00, 0x00, 0x00, 0x00,
  0x00, 0x00, 0x00, 0x00, 0x00, 0x00, 0x00, 0x00, 0x00, 0x00, 0x00, 0x00,
  0x00, 0x00, 0x00, 0x00, 0x00, 0x00, 0x00, 0x00, 0x00, 0x00, 0x00, 0x00,
  0x00, 0x00, 0x00, 0x00, 0x00, 0x00, 0x00, 0x00, 0x00, 0x00, 0x00, 0x00,
  0x00, 0x00, 0x00, 0x00, 0x00, 0x00, 0x00, 0x00, 0x00, 0x00, 0x00, 0x00,
  0x00, 0x00, 0x00, 0x00, 0x00, 0x00, 0x00, 0x00, 0x00, 0x00, 0x00, 0x00,
  0x00, 0x00, 0x00, 0x00, 0x00, 0x00, 0x00, 0x00, 0x00, 0x00, 0x00, 0x00,
  0x00, 0x00, 0x00, 0x00, 0x00, 0x00, 0x00, 0x00, 0x00, 0x00, 0x00, 0x00,
  0x00, 0x00, 0x00, 0x00, 0x00, 0x00, 0x00, 0x00, 0x00, 0x00, 0x00, 0x00,
  0x00, 0x00, 0x00, 0x00, 0x00, 0x00, 0x00, 0x00, 0x00, 0x00, 0x00, 0x00,
  0x00, 0x00, 0x00, 0x00, 0x00, 0x00, 0x00, 0x00, 0x00, 0x00, 0x00, 0x00,
  0x00, 0x00, 0x00, 0x00, 0x00, 0x00, 0x00, 0x00, 0x00, 0x00, 0x00, 0x00,
  0x00, 0x00, 0x00, 0x00, 0x00, 0x00, 0x00, 0x00, 0x00, 0x00, 0x00, 0x00,
  0x00, 0x00, 0x00, 0x00, 0x00, 0x00, 0x00, 0x00, 0x00, 0x00, 0x00, 0x00,
  0x00, 0x00, 0x00, 0x00, 0x00, 0x00, 0x00, 0x00, 0x00, 0x00, 0x00, 0x00,
  0x00, 0x00, 0x00, 0x00, 0x00, 0x00, 0x00, 0x00, 0x00, 0x00, 0x00, 0x00,
  0x00, 0x00, 0x00, 0x00, 0x00, 0x00, 0x00, 0x00, 0x00, 0x00, 0x00, 0x00,
  0x00, 0x00, 0x00, 0x00, 0x00, 0x00, 0x00, 0x00, 0x00, 0x00, 0x00, 0x00,
  0x00, 0x00, 0x00, 0x00, 0x00, 0x00, 0x00, 0x00, 0x00, 0x00, 0x00, 0x00,
  0x00, 0x00, 0x00, 0x00, 0x00, 0x00, 0x00, 0x00, 0x00, 0x00, 0x00, 0x00,
  0x00, 0x00, 0x00, 0x00, 0x00, 0x00, 0x00, 0x00, 0x00, 0x00, 0x00, 0x00,
  0x00, 0x00, 0x00, 0x00, 0x00, 0x00, 0x00, 0x00, 0x00, 0x00, 0x00, 0x00,
  0x00, 0x00, 0x00, 0x00, 0x00, 0x00, 0x00, 0x00, 0x00, 0x00, 0x00, 0x00,
  0x00, 0x00, 0x00, 0x00, 0x00, 0x00, 0x00, 0x00, 0x00, 0x00, 0x00, 0x00,
  0x00, 0x00, 0x00, 0x00, 0x00, 0x00, 0x00, 0x00, 0x00, 0x00, 0x00, 0x00,
  0x00, 0x00, 0x00, 0x00, 0x00, 0x00, 0x00, 0x00, 0x00, 0x00, 0x00, 0x00,
  0x00, 0x00, 0x00, 0x00, 0x00, 0x00, 0x00, 0x00, 0x00, 0x00, 0x00, 0x00,
  0x00, 0x00, 0x00, 0x00, 0x00, 0x00, 0x00, 0x00, 0x00, 0x00, 0x00, 0x00,
  0x00, 0x00, 0x00, 0x00, 0x00, 0x00, 0x00, 0x00, 0x00, 0x00, 0x00, 0x00,
  0x00, 0x00, 0x00, 0x00, 0x00, 0x00, 0x00, 0x00, 0x00, 0x00, 0x00, 0x00,
  0x00, 0x00, 0x00, 0x00, 0x00, 0x00, 0x00, 0x00, 0x00, 0x00, 0x00, 0x00,
  0x00, 0x00, 0x00, 0x00, 0x00, 0x00, 0x00, 0x00, 0x00, 0x00, 0x00, 0x00,
  0x00, 0x00, 0x00, 0x00, 0x00, 0x00, 0x00, 0x00, 0x00, 0x00, 0x00, 0x00,
  0x00, 0x00, 0x00, 0x00, 0x00, 0x00, 0x00, 0x00, 0x00, 0x00, 0x00, 0x00,
  0x00, 0x00, 0x00, 0x00, 0x00, 0x00, 0x00, 0x00, 0x00, 0x00, 0x00, 0x00,
  0x00, 0x00, 0x00, 0x00, 0x00, 0x00, 0x00, 0x00, 0x00, 0x00, 0x00, 0x00,
  0x00, 0x00, 0x00, 0x00, 0x00, 0x00, 0x00, 0x00, 0x00, 0x00, 0x00, 0x00,
  0x00, 0x00, 0x00, 0x00, 0x00, 0x00, 0x00, 0x00, 0x00, 0x00, 0x00, 0x00,
  0x00, 0x00, 0x00, 0x00, 0x00, 0x00, 0x00, 0x00, 0x00, 0x00, 0x00, 0x00,
  0x00, 0x00, 0x00, 0x00, 0x00, 0x00, 0x00, 0x00, 0x00, 0x00, 0x00, 0x00,
  0x00, 0x00, 0x00, 0x00, 0x00, 0x00, 0x00, 0x00, 0x00, 0x00, 0x00, 0x00,
  0x00, 0x00, 0x00, 0x00, 0x00, 0x00, 0x00, 0x00, 0x00, 0x00, 0x00, 0x00,
  0x00, 0x00, 0x00, 0x00, 0x00, 0x00, 0x00, 0x00, 0x00, 0x00, 0x00, 0x00,
  0x00, 0x00, 0x00, 0x00, 0x00, 0x00, 0x00, 0x00, 0x00, 0x00, 0x00, 0x00,
  0x00, 0x00, 0x00, 0x00, 0x00, 0x00, 0x00, 0x00, 0x00, 0x00, 0x00, 0x00,
  0x00, 0x00, 0x00, 0x00, 0x00, 0x00, 0x00, 0x00, 0x00, 0x00, 0x00, 0x00,
  0x00, 0x00, 0x00, 0x00, 0x00, 0x00, 0x00, 0x00, 0x00, 0x00, 0x00, 0x00,
  0x00, 0x00, 0x00, 0x00, 0x00, 0x00, 0x00, 0x00, 0x00, 0x00, 0x00, 0x00,
  0x00, 0x00, 0x00, 0x00, 0x00, 0x00, 0x00, 0x00, 0x00, 0x00, 0x00, 0x00,
  0x00, 0x00, 0x00, 0x00, 0x00, 0x00, 0x00, 0x00, 0x00, 0x00, 0x00, 0x00,
  0x00, 0x00, 0x00, 0x00, 0x00, 0x00, 0x00, 0x00, 0x00, 0x00, 0x00, 0x00,
  0x00, 0x00, 0x00, 0x00, 0x00, 0x00, 0x00, 0x00, 0x00, 0x00, 0x00, 0x00,
  0x00, 0x00, 0x00, 0x00, 0x00, 0x00, 0x00, 0x00, 0x00, 0x00, 0x00, 0x00,
  0x00, 0x00, 0x00, 0x00, 0x00, 0x00, 0x00, 0x00, 0x00, 0x00, 0x00, 0x00,
  0x00, 0x00, 0x00, 0x00, 0x00, 0x00, 0x00, 0x00, 0x00, 0x00, 0x00, 0x00,
  0x00, 0x00, 0x00, 0x00, 0x00, 0x00, 0x00, 0x00, 0x00, 0x00, 0x00, 0x00,
  0x00, 0x00, 0x00, 0x00, 0x00, 0x00, 0x00, 0x00, 0x00, 0x00, 0x00, 0x00,
  0x00, 0x00, 0x00, 0x00, 0x00, 0x00, 0x00, 0x00, 0x00, 0x00, 0x00, 0x00,
  0x00, 0x00, 0x00, 0x00, 0x00, 0x00, 0x00, 0x00, 0x00, 0x00, 0x00, 0x00,
  0x00, 0x00, 0x00, 0x00, 0x00, 0x00, 0x00, 0x00, 0x00, 0x00, 0x00, 0x00,
  0x00, 0x00, 0x00, 0x00, 0x00, 0x00, 0x00, 0x00, 0x00, 0x00, 0x00, 0x00,
  0x00, 0x00, 0x00, 0x00, 0x00, 0x00, 0x00, 0x00, 0x00, 0x00, 0x00, 0x00,
  0x00, 0x00, 0x00, 0x00, 0x00, 0x00, 0x00, 0x00, 0x00, 0x00, 0x00, 0x00,
  0x00, 0x00, 0x00, 0x00, 0x00, 0x00, 0x00, 0x00, 0x00, 0x00, 0x00, 0x00,
  0x00, 0x00, 0x00, 0x00, 0x00, 0x00, 0x00, 0x00, 0x00, 0x00, 0x00, 0x00,
  0x00, 0x00, 0x00, 0x00, 0x00, 0x00, 0x00, 0x00, 0x00, 0x00, 0x00, 0x00,
  0x00, 0x00, 0x00, 0x00, 0x00, 0x00, 0x00, 0x00, 0x00, 0x00, 0x00, 0x00,
  0x00, 0x00, 0x00, 0x00, 0x00, 0x00, 0x00, 0x00, 0x00, 0x00, 0x00, 0x00,
  0x00, 0x00, 0x00, 0x00, 0x00, 0x00, 0x00, 0x00, 0x00, 0x00, 0x00, 0x00,
  0x00, 0x00, 0x00, 0x00, 0x00, 0x00, 0x00, 0x00, 0x00, 0x00, 0x00, 0x00,
  0x00, 0x00, 0x00, 0x00, 0x00, 0x00, 0x00, 0x00, 0x00, 0x00, 0x00, 0x00,
  0x00, 0x00, 0x00, 0x00, 0x00, 0x00, 0x00, 0x00, 0x00, 0x00, 0x00, 0x00,
  0x00, 0x00, 0x00, 0x00, 0x00, 0x00, 0x00, 0x00, 0x00, 0x00, 0x00, 0x00,
  0x00, 0x00, 0x00, 0x00, 0x00, 0x00, 0x00, 0x00, 0x00, 0x00, 0x00, 0x00,
  0x00, 0x00, 0x00, 0x00, 0x00, 0x00, 0x00, 0x00, 0x00, 0x00, 0x00, 0x00,
  0x00, 0x00, 0x00, 0x00, 0x00, 0x00, 0x00, 0x00, 0x00, 0x00, 0x00, 0x00,
  0x00, 0x00, 0x00, 0x00, 0x00, 0x00, 0x00, 0x00, 0x00, 0x00, 0x00, 0x00,
  0x00, 0x00, 0x00, 0x00, 0x00, 0x00, 0x00, 0x00, 0x00, 0x00, 0x00, 0x00,
  0x00, 0x00, 0x00, 0x00, 0x00, 0x00, 0x00, 0x00, 0x00, 0x00, 0x00, 0x00,
  0x00, 0x00, 0x00, 0x00, 0x00, 0x00, 0x00, 0x00, 0x00, 0x00, 0x00, 0x00,
  0x00, 0x00, 0x00, 0x00, 0x00, 0x00, 0x00, 0x00, 0x00, 0x00, 0x00, 0x00,
  0x00, 0x00, 0x00, 0x00, 0x00, 0x00, 0x00, 0x00, 0x00, 0x00, 0x00, 0x00,
  0x00, 0x00, 0x00, 0x00, 0x00, 0x00, 0x00, 0x00, 0x00, 0x00, 0x00, 0x00,
  0x00, 0x00, 0x00, 0x00, 0x00, 0x00, 0x00, 0x00, 0x00, 0x00, 0x00, 0x00,
  0x00, 0x00, 0x00, 0x00, 0x00, 0x00, 0x00, 0x00, 0x00, 0x00, 0x00, 0x00,
  0x00, 0x00, 0x00, 0x00, 0x00, 0x00, 0x00, 0x00, 0x00, 0x00, 0x00, 0x00,
  0x00, 0x00, 0x00, 0x00, 0x00, 0x00, 0x00, 0x00, 0x00, 0x00, 0x00, 0x00,
  0x00, 0x00, 0x00, 0x00, 0x00, 0x00, 0x00, 0x00, 0x00, 0x00, 0x00, 0x00,
  0x00, 0x00, 0x00, 0x00, 0x00, 0x00, 0x00, 0x00, 0x00, 0x00, 0x00, 0x00,
  0x00, 0x00, 0x00, 0x00, 0x00, 0x00, 0x00, 0x00, 0x00, 0x00, 0x00, 0x00,
  0x00, 0x00, 0x00, 0x00, 0x00, 0x00, 0x00, 0x00, 0x00, 0x00, 0x00, 0x00,
  0x00, 0x00, 0x00, 0x00, 0x00, 0x00, 0x00, 0x00, 0x00, 0x00, 0x00, 0x00,
  0x00, 0x00, 0x00, 0x00, 0x00, 0x00, 0x00, 0x00, 0x00, 0x00, 0x00, 0x00,
  0x00, 0x00, 0x00, 0x00, 0x00, 0x00, 0x00, 0x00, 0x00, 0x00, 0x00, 0x00,
  0x00, 0x00, 0x00, 0x00, 0x00, 0x00, 0x00, 0x00, 0x00, 0x00, 0x00, 0x00,
  0x00, 0x00, 0x00, 0x00, 0x00, 0x00, 0x00, 0x00, 0x00, 0x00, 0x00, 0x00,
  0x00, 0x00, 0x00, 0x00, 0x00, 0x00, 0x00, 0x00, 0x00, 0x00, 0x00, 0x00,
  0x00, 0x00, 0x00, 0x00, 0x00, 0x00, 0x00, 0x00, 0x00, 0x00, 0x00, 0x00,
  0x00, 0x00, 0x00, 0x00, 0x00, 0x00, 0x00, 0x00, 0x00, 0x00, 0x00, 0x00,
  0x00, 0x00, 0x00, 0x00, 0x00, 0x00, 0x00, 0x00, 0x00, 0x00, 0x00, 0x00,
  0x00, 0x00, 0x00, 0x00, 0x00, 0x00, 0x00, 0x00, 0x00, 0x00, 0x00, 0x00,
  0x00, 0x00, 0x00, 0x00, 0x00, 0x00, 0x00, 0x00, 0x00, 0x00, 0x00, 0x00,
  0x00, 0x00, 0x00, 0x00, 0x00, 0x00, 0x00, 0x00, 0x00, 0x00, 0x00, 0x00,
  0x00, 0x00, 0x00, 0x00, 0x00, 0x00, 0x00, 0x00, 0x00, 0x00, 0x00, 0x00,
  0x00, 0x00, 0x00, 0x00, 0x00, 0x00, 0x00, 0x00, 0x00, 0x00, 0x00, 0x00,
  0x00, 0x00, 0x00, 0x00, 0x00, 0x00, 0x00, 0x00, 0x00, 0x00, 0x00, 0x00,
  0x00, 0x00, 0x00, 0x00, 0x00, 0x00, 0x00, 0x00, 0x00, 0x00, 0x00, 0x00,
  0x00, 0x00, 0x00, 0x00, 0x00, 0x00, 0x00, 0x00, 0x00, 0x00, 0x00, 0x00,
  0x00, 0x00, 0x00, 0x00, 0x00, 0x00, 0x00, 0x00, 0x00, 0x00, 0x00, 0x00,
  0x00, 0x00, 0x00, 0x00, 0x00, 0x00, 0x00, 0x00, 0x00, 0x00, 0x00, 0x00,
  0x00, 0x00, 0x00, 0x00, 0x00, 0x00, 0x00, 0x00, 0x00, 0x00, 0x00, 0x00,
  0x00, 0x00, 0x00, 0x00, 0x00, 0x00, 0x00, 0x00, 0x00, 0x00, 0x00, 0x00,
  0x00, 0x00, 0x00, 0x00, 0x00, 0x00, 0x00, 0x00, 0x00, 0x00, 0x00, 0x00,
  0x00, 0x00, 0x00, 0x00, 0x00, 0x00, 0x00, 0x00, 0x00, 0x00, 0x00, 0x00,
  0x00, 0x00, 0x00, 0x00, 0x00, 0x00, 0x00, 0x00, 0x00, 0x00, 0x00, 0x00,
  0x00, 0x00, 0x00, 0x00, 0x00, 0x00, 0x00, 0x00, 0x00, 0x00, 0x00, 0x00,
  0x00, 0x00, 0x00, 0x00, 0x00, 0x00, 0x00, 0x00, 0x00, 0x00, 0x00, 0x00,
  0x00, 0x00, 0x00, 0x00, 0x00, 0x00, 0x00, 0x00, 0x00, 0x00, 0x00, 0x00,
  0x00, 0x00, 0x00, 0x00, 0x00, 0x00, 0x00, 0x00, 0x00, 0x00, 0x00, 0x00,
  0x00, 0x00, 0x00, 0x00, 0x00, 0x00, 0x00, 0x00, 0x00, 0x00, 0x00, 0x00,
  0x00, 0x00, 0x00, 0x00, 0x00, 0x00, 0x00, 0x00, 0x00, 0x00, 0x00, 0x00,
  0x00, 0x00, 0x00, 0x00, 0x00, 0x00, 0x00, 0x00, 0x00, 0x00, 0x00, 0x00,
  0x00, 0x00, 0x00, 0x00, 0x00, 0x00, 0x00, 0x00, 0x00, 0x00, 0x00, 0x00,
  0x00, 0x00, 0x00, 0x00, 0x00, 0x00, 0x00, 0x00, 0x00, 0x00, 0x00, 0x00,
  0x00, 0x00, 0x00, 0x00, 0x00, 0x00, 0x00, 0x00, 0x00, 0x00, 0x00, 0x00,
  0x00, 0x00, 0x00, 0x00, 0x00, 0x00, 0x00, 0x00, 0x00, 0x00, 0x00, 0x00,
  0x00, 0x00, 0x00, 0x00, 0x00, 0x00, 0x00, 0x00, 0x00, 0x00, 0x00, 0x00,
  0x00, 0x00, 0x00, 0x00, 0x00, 0x00, 0x00, 0x00, 0x00, 0x00, 0x00, 0x00,
  0x00, 0x00, 0x00, 0x00, 0x00, 0x00, 0x00, 0x00, 0x00, 0x00, 0x00, 0x00,
  0x00, 0x00, 0x00, 0x00, 0x00, 0x00, 0x00, 0x00, 0x00, 0x00, 0x00, 0x00,
  0x00, 0x00, 0x00, 0x00, 0x00, 0x00, 0x00, 0x00, 0x00, 0x00, 0x00, 0x00,
  0x00, 0x00, 0x00, 0x00, 0x00, 0x00, 0x00, 0x00, 0x00, 0x00, 0x00, 0x00,
  0x00, 0x00, 0x00, 0x00, 0x00, 0x00, 0x00, 0x00, 0x00, 0x00, 0x00, 0x00,
  0x00, 0x00, 0x00, 0x00, 0x00, 0x00, 0x00, 0x00, 0x00, 0x00, 0x00, 0x00,
  0x00, 0x00, 0x00, 0x00, 0x00, 0x00, 0x00, 0x00, 0x00, 0x00, 0x00, 0x00,
  0x00, 0x00, 0x00, 0x00, 0x00, 0x00, 0x00, 0x00, 0x00, 0x00, 0x00, 0x00,
  0x00, 0x00, 0x00, 0x00, 0x00, 0x00, 0x00, 0x00, 0x00, 0x00, 0x00, 0x00,
  0x00, 0x00, 0x00, 0x00, 0x00, 0x00, 0x00, 0x00, 0x00, 0x00, 0x00, 0x00,
  0x00, 0x00, 0x00, 0x00, 0x00, 0x00, 0x00, 0x00, 0x00, 0x00, 0x00, 0x00,
  0x00, 0x00, 0x00, 0x00, 0x00, 0x00, 0x00, 0x00, 0x00, 0x00, 0x00, 0x00,
  0x00, 0x00, 0x00, 0x00, 0x00, 0x00, 0x00, 0x00, 0x00, 0x00, 0x00, 0x00,
  0x00, 0x00, 0x00, 0x00, 0x00, 0x00, 0x00, 0x00, 0x00, 0x00, 0x00, 0x00,
  0x00, 0x00, 0x00, 0x00, 0x00, 0x00, 0x00, 0x00, 0x00, 0x00, 0x00, 0x00,
  0x00, 0x00, 0x00, 0x00, 0x00, 0x00, 0x00, 0x00, 0x00, 0x00, 0x00, 0x00,
  0x00, 0x00, 0x00, 0x00, 0x00, 0x00, 0x00, 0x00, 0x00, 0x00, 0x00, 0x00,
  0x00, 0x00, 0x00, 0x00, 0x00, 0x00, 0x00, 0x00, 0x00, 0x00, 0x00, 0x00,
  0x00, 0x00, 0x00, 0x00, 0x00, 0x00, 0x00, 0x00, 0x00, 0x00, 0x00, 0x00,
  0x00, 0x00, 0x00, 0x00, 0x00, 0x00, 0x00, 0x00, 0x00, 0x00, 0x00, 0x00,
  0x00, 0x00, 0x00, 0x00, 0x00, 0x00, 0x00, 0x00, 0x00, 0x00, 0x00, 0x00,
  0x00, 0x00, 0x00, 0x00, 0x00, 0x00, 0x00, 0x00, 0x00, 0x00, 0x00, 0x00,
  0x00, 0x00, 0x00, 0x00, 0x00, 0x00, 0x00, 0x00, 0x00, 0x00, 0x00, 0x00,
  0x00, 0x00, 0x00, 0x00, 0x00, 0x00, 0x00, 0x00, 0x00, 0x00, 0x00, 0x00,
  0x00, 0x00, 0x00, 0x00, 0x00, 0x00, 0x00, 0x00, 0x00, 0x00, 0x00, 0x00,
  0x00, 0x00, 0x00, 0x00, 0x00, 0x00, 0x00, 0x00, 0x00, 0x00, 0x00, 0x00,
  0x00, 0x00, 0x00, 0x00, 0x00, 0x00, 0x00, 0x00, 0x00, 0x00, 0x00, 0x00,
  0x00, 0x00, 0x00, 0x00, 0x00, 0x00, 0x00, 0x00, 0x00, 0x00, 0x00, 0x00,
  0x00, 0x00, 0x00, 0x00, 0x00, 0x00, 0x00, 0x00, 0x00, 0x00, 0x00, 0x00,
  0x00, 0x00, 0x00, 0x00, 0x00, 0x00, 0x00, 0x00, 0x00, 0x00, 0x00, 0x00,
  0x00, 0x00, 0x00, 0x00, 0x00, 0x00, 0x00, 0x00, 0x00, 0x00, 0x00, 0x00,
  0x00, 0x00, 0x00, 0x00, 0x00, 0x00, 0x00, 0x00, 0x00, 0x00, 0x00, 0x00,
  0x00, 0x00, 0x00, 0x00, 0x00, 0x00, 0x00, 0x00, 0x00, 0x00, 0x00, 0x00,
  0x00, 0x00, 0x00, 0x00, 0x00, 0x00, 0x00, 0x00, 0x00, 0x00, 0x00, 0x00,
  0x00, 0x00, 0x00, 0x00, 0x00, 0x00, 0x00, 0x00, 0x00, 0x00, 0x00, 0x00,
  0x00, 0x00, 0x00, 0x00, 0x00, 0x00, 0x00, 0x00, 0x00, 0x00, 0x00, 0x00,
  0x00, 0x00, 0x00, 0x00, 0x00, 0x00, 0x00, 0x00, 0x00, 0x00, 0x00, 0x00,
  0x00, 0x00, 0x00, 0x00, 0x00, 0x00, 0x00, 0x00, 0x00, 0x00, 0x00, 0x00,
  0x00, 0x00, 0x00, 0x00, 0x00, 0x00, 0x00, 0x00, 0x00, 0x00, 0x00, 0x00,
  0x00, 0x00, 0x00, 0x00, 0x00, 0x00, 0x00, 0x00, 0x00, 0x00, 0x00, 0x00,
  0x00, 0x00, 0x00, 0x00, 0x00, 0x00, 0x00, 0x00, 0x00, 0x00, 0x00, 0x00,
  0x00, 0x00, 0x00, 0x00, 0x00, 0x00, 0x00, 0x00, 0x00, 0x00, 0x00, 0x00,
  0x00, 0x00, 0x00, 0x00, 0x00, 0x00, 0x00, 0x00, 0x00, 0x00, 0x00, 0x00,
  0x00, 0x00, 0x00, 0x00, 0x00, 0x00, 0x00, 0x00, 0x00, 0x00, 0x00, 0x00,
  0x00, 0x00, 0x00, 0x00, 0x00, 0x00, 0x00, 0x00, 0x00, 0x00, 0x00, 0x00,
  0x00, 0x00, 0x00, 0x00, 0x00, 0x00, 0x00, 0x00, 0x00, 0x00, 0x00, 0x00,
  0x00, 0x00, 0x00, 0x00, 0x00, 0x00, 0x00, 0x00, 0x00, 0x00, 0x00, 0x00,
  0x00, 0x00, 0x00, 0x00, 0x00, 0x00, 0x00, 0x00, 0x00, 0x00, 0x00, 0x00,
  0x00, 0x00, 0x00, 0x00, 0x00, 0x00, 0x00, 0x00, 0x00, 0x00, 0x00, 0x00,
  0x00, 0x00, 0x00, 0x00, 0x00, 0x00, 0x00, 0x00, 0x00, 0x00, 0x00, 0x00,
  0x00, 0x00, 0x00, 0x00, 0x00, 0x00, 0x00, 0x00, 0x00, 0x00, 0x00, 0x00,
  0x00, 0x00, 0x00, 0x00, 0x00, 0x00, 0x00, 0x00, 0x00, 0x00, 0x00, 0x00,
  0x00, 0x00, 0x00, 0x00, 0x00, 0x00, 0x00, 0x00, 0x00, 0x00, 0x00, 0x00,
  0x00, 0x00, 0x00, 0x00, 0x00, 0x00, 0x00, 0x00, 0x00, 0x00, 0x00, 0x00,
  0x00, 0x00, 0x00, 0x00, 0x00, 0x00, 0x00, 0x00, 0x00, 0x00, 0x00, 0x00,
  0x00, 0x00, 0x00, 0x00, 0x00, 0x00, 0x00, 0x00, 0x00, 0x00, 0x00, 0x00,
  0x00, 0x00, 0x00, 0x00, 0x00, 0x00, 0x00, 0x00, 0x00, 0x00, 0x00, 0x00,
  0x00, 0x00, 0x00, 0x00, 0x00, 0x00, 0x00, 0x00, 0x00, 0x00, 0x00, 0x00,
  0x00, 0x00, 0x00, 0x00, 0x00, 0x00, 0x00, 0x00, 0x00, 0x00, 0x00, 0x00,
  0x00, 0x00, 0x00, 0x00, 0x00, 0x00, 0x00, 0x00, 0x00, 0x00, 0x00, 0x00,
  0x00, 0x00, 0x00, 0x00, 0x00, 0x00, 0x00, 0x00, 0x00, 0x00, 0x00, 0x00,
  0x00, 0x00, 0x00, 0x00, 0x00, 0x00, 0x00, 0x00, 0x00, 0x00, 0x00, 0x00,
  0x00, 0x00, 0x00, 0x00, 0x00, 0x00, 0x00, 0x00, 0x00, 0x00, 0x00, 0x00,
  0x00, 0x00, 0x00, 0x00, 0x00, 0x00, 0x00, 0x00, 0x00, 0x00, 0x00, 0x00,
  0x00, 0x00, 0x00, 0x00, 0x00, 0x00, 0x00, 0x00, 0x00, 0x00, 0x00, 0x00,
  0x00, 0x00, 0x00, 0x00, 0x00, 0x00, 0x00, 0x00, 0x00, 0x00, 0x00, 0x00,
  0x00, 0x00, 0x00, 0x00, 0x00, 0x00, 0x00, 0x00, 0x00, 0x00, 0x00, 0x00,
  0x00, 0x00, 0x00, 0x00, 0x00, 0x00, 0x00, 0x00, 0x00, 0x00, 0x00, 0x00,
  0x00, 0x00, 0x00, 0x00, 0x00, 0x00, 0x00, 0x00, 0x00, 0x00, 0x00, 0x00,
  0x00, 0x00, 0x00, 0x00, 0x00, 0x00, 0x00, 0x00, 0x00, 0x00, 0x00, 0x00,
  0x00, 0x00, 0x00, 0x00, 0x00, 0x00, 0x00, 0x00, 0x00, 0x00, 0x00, 0x00,
  0x00, 0x00, 0x00, 0x00, 0x00, 0x00, 0x00, 0x00, 0x00, 0x00, 0x00, 0x00,
  0x00, 0x00, 0x00, 0x00, 0x00, 0x00, 0x00, 0x00, 0x00, 0x00, 0x00, 0x00,
  0x00, 0x00, 0x00, 0x00, 0x00, 0x00, 0x00, 0x00, 0x00, 0x00, 0x00, 0x00,
  0x00, 0x00, 0x00, 0x00, 0x00, 0x00, 0x00, 0x00, 0x00, 0x00, 0x00, 0x00,
  0x00, 0x00, 0x00, 0x00, 0x00, 0x00, 0x00, 0x00, 0x00, 0x00, 0x00, 0x00,
  0x00, 0x00, 0x00, 0x00, 0x00, 0x00, 0x00, 0x00, 0x00, 0x00, 0x00, 0x00,
  0x00, 0x00, 0x00, 0x00, 0x00, 0x00, 0x00, 0x00, 0x00, 0x00, 0x00, 0x00,
  0x00, 0x00, 0x00, 0x00, 0x00, 0x00, 0x00, 0x00, 0x00, 0x00, 0x00, 0x00,
  0x00, 0x00, 0x00, 0x00, 0x00, 0x00, 0x00, 0x00, 0x00, 0x00, 0x00, 0x00,
  0x00, 0x00, 0x00, 0x00, 0x00, 0x00, 0x00, 0x00, 0x00, 0x00, 0x00, 0x00,
  0x00, 0x00, 0x00, 0x00, 0x00, 0x00, 0x00, 0x00, 0x00, 0x00, 0x00, 0x00,
  0x00, 0x00, 0x00, 0x00, 0x00, 0x00, 0x00, 0x00, 0x00, 0x00, 0x00, 0x00,
  0x00, 0x00, 0x00, 0x00, 0x00, 0x00, 0x00, 0x00, 0x00, 0x00, 0x00, 0x00,
  0x00, 0x00, 0x00, 0x00, 0x00, 0x00, 0x00, 0x00, 0x00, 0x00, 0x00, 0x00,
  0x00, 0x00, 0x00, 0x00, 0x00, 0x00, 0x00, 0x00, 0x00, 0x00, 0x00, 0x00,
  0x00, 0x00, 0x00, 0x00, 0x00, 0x00, 0x00, 0x00, 0x00, 0x00, 0x00, 0x00,
  0x00, 0x00, 0x00, 0x00, 0x00, 0x00, 0x00, 0x00, 0x00, 0x00, 0x00, 0x00,
  0x00, 0x00, 0x00, 0x00, 0x00, 0x00, 0x00, 0x00, 0x00, 0x00, 0x00, 0x00,
  0x00, 0x00, 0x00, 0x00, 0x00, 0x00, 0x00, 0x00, 0x00, 0x00, 0x00, 0x00,
  0x00, 0x00, 0x00, 0x00, 0x00, 0x00, 0x00, 0x00, 0x00, 0x00, 0x00, 0x00,
  0x00, 0x00, 0x00, 0x00, 0x00, 0x00, 0x00, 0x00, 0x00, 0x00, 0x00, 0x00,
  0x00, 0x00, 0x00, 0x00, 0x00, 0x00, 0x00, 0x00, 0x00, 0x00, 0x00, 0x00,
  0x00, 0x00, 0x00, 0x00, 0x00, 0x00, 0x00, 0x00, 0x00, 0x00, 0x00, 0x00,
  0x00, 0x00, 0x00, 0x00, 0x00, 0x00, 0x00, 0x00, 0x00, 0x00, 0x00, 0x00,
  0x00, 0x00, 0x00, 0x00, 0x00, 0x00, 0x00, 0x00, 0x00, 0x00, 0x00, 0x00,
  0x00, 0x00, 0x00, 0x00, 0x00, 0x00, 0x00, 0x00, 0x00, 0x00, 0x00, 0x00,
  0x00, 0x00, 0x00, 0x00, 0x00, 0x00, 0x00, 0x00, 0x00, 0x00, 0x00, 0x00,
  0x00, 0x00, 0x00, 0x00, 0x00, 0x00, 0x00, 0x00, 0x00, 0x00, 0x00, 0x00,
  0x00, 0x00, 0x00, 0x00, 0x00, 0x00, 0x00, 0x00, 0x00, 0x00, 0x00, 0x00,
  0x00, 0x00, 0x00, 0x00, 0x00, 0x00, 0x00, 0x00, 0x00, 0x00, 0x00, 0x00,
  0x00, 0x00, 0x00, 0x00, 0x00, 0x00, 0x00, 0x00, 0x00, 0x00, 0x00, 0x00,
  0x00, 0x00, 0x00, 0x00, 0x00, 0x00, 0x00, 0x00, 0x00, 0x00, 0x00, 0x00,
  0x00, 0x00, 0x00, 0x00, 0x00, 0x00, 0x00, 0x00, 0x00, 0x00, 0x00, 0x00,
  0x00, 0x00, 0x00, 0x00, 0x00, 0x00, 0x00, 0x00, 0x00, 0x00, 0x00, 0x00,
  0x00, 0x00, 0x00, 0x00, 0x00, 0x00, 0x00, 0x00, 0x00, 0x00, 0x00, 0x00,
  0x00, 0x00, 0x00, 0x00, 0x00, 0x00, 0x00, 0x00, 0x00, 0x00, 0x00, 0x00,
  0x00, 0x00, 0x00, 0x00, 0x00, 0x00, 0x00, 0x00, 0x00, 0x00, 0x00, 0x00,
  0x00, 0x00, 0x00, 0x00, 0x00, 0x00, 0x00, 0x00, 0x00, 0x00, 0x00, 0x00,
  0x00, 0x00, 0x00, 0x00, 0x00, 0x00, 0x00, 0x00, 0x00, 0x00, 0x00, 0x00,
  0x00, 0x00, 0x00, 0x00, 0x00, 0x00, 0x00, 0x00, 0x00, 0x00, 0x00, 0x00,
  0x00, 0x00, 0x00, 0x00, 0x00, 0x00, 0x00, 0x00, 0x00, 0x00, 0x00, 0x00,
  0x00, 0x00, 0x00, 0x00, 0x00, 0x00, 0x00, 0x00, 0x00, 0x00, 0x00, 0x00,
  0x00, 0x00, 0x00, 0x00, 0x00, 0x00, 0x00, 0x00, 0x00, 0x00, 0x00, 0x00,
  0x00, 0x00, 0x00, 0x00, 0x00, 0x00, 0x00, 0x00, 0x00, 0x00, 0x00, 0x00,
  0x00, 0x00, 0x00, 0x00, 0x00, 0x00, 0x00, 0x00, 0x00, 0x00, 0x00, 0x00,
  0x00, 0x00, 0x00, 0x00, 0x00, 0x00, 0x00, 0x00, 0x00, 0x00, 0x00, 0x00,
  0x00, 0x00, 0x00, 0x00, 0x00, 0x00, 0x00, 0x00, 0x00, 0x00, 0x00, 0x00,
  0x00, 0x00, 0x00, 0x00, 0x00, 0x00, 0x00, 0x00, 0x00, 0x00, 0x00, 0x00,
  0x00, 0x00, 0x00, 0x00, 0x00, 0x00, 0x00, 0x00, 0x00, 0x00, 0x00, 0x00,
  0x00, 0x00, 0x00, 0x00, 0x00, 0x00, 0x00, 0x00, 0x00, 0x00, 0x00, 0x00,
  0x00, 0x00, 0x00, 0x00, 0x00, 0x00, 0x00, 0x00, 0x00, 0x00, 0x00, 0x00,
  0x00, 0x00, 0x00, 0x00, 0x00, 0x00, 0x00, 0x00, 0x00, 0x00, 0x00, 0x00,
  0x00, 0x00, 0x00, 0x00, 0x00, 0x00, 0x00, 0x00, 0x00, 0x00, 0x00, 0x00,
  0x00, 0x00, 0x00, 0x00, 0x00, 0x00, 0x00, 0x00, 0x00, 0x00, 0x00, 0x00,
  0x00, 0x00, 0x00, 0x00, 0x00, 0x00, 0x00, 0x00, 0x00, 0x00, 0x00, 0x00,
  0x00, 0x00, 0x00, 0x00, 0x00, 0x00, 0x00, 0x00, 0x00, 0x00, 0x00, 0x00,
  0x00, 0x00, 0x00, 0x00, 0x00, 0x00, 0x00, 0x00, 0x00, 0x00, 0x00, 0x00,
  0x00, 0x00, 0x00, 0x00, 0x00, 0x00, 0x00, 0x00, 0x00, 0x00, 0x00, 0x00,
  0x00, 0x00, 0x00, 0x00, 0x00, 0x00, 0x00, 0x00, 0x00, 0x00, 0x00, 0x00,
  0x00, 0x00, 0x00, 0x00, 0x00, 0x00, 0x00, 0x00, 0x00, 0x00, 0x00, 0x00,
  0x00, 0x00, 0x00, 0x00, 0x00, 0x00, 0x00, 0x00, 0x00, 0x00, 0x00, 0x00,
  0x00, 0x00, 0x00, 0x00, 0x00, 0x00, 0x00, 0x00, 0x00, 0x00, 0x00, 0x00,
  0x00, 0x00, 0x00, 0x00, 0x00, 0x00, 0x00, 0x00, 0x00, 0x00, 0x00, 0x00,
  0x00, 0x00, 0x00, 0x00, 0x00, 0x00, 0x00, 0x00, 0x00, 0x00, 0x00, 0x00,
  0x00, 0x00, 0x00, 0x00, 0x00, 0x00, 0x00, 0x00, 0x00, 0x00, 0x00, 0x00,
  0x00, 0x00, 0x00, 0x00, 0x00, 0x00, 0x00, 0x00, 0x00, 0x00, 0x00, 0x00,
  0x00, 0x00, 0x00, 0x00, 0x00, 0x00, 0x00, 0x00, 0x00, 0x00, 0x00, 0x00,
  0x00, 0x00, 0x00, 0x00, 0x00, 0x00, 0x00, 0x00, 0x00, 0x00, 0x00, 0x00,
  0x00, 0x00, 0x00, 0x00, 0x00, 0x00, 0x00, 0x00, 0x00, 0x00, 0x00, 0x00,
  0x00, 0x00, 0x00, 0x00, 0x00, 0x00, 0x00, 0x00, 0x00, 0x00, 0x00, 0x00,
  0x00, 0x00, 0x00, 0x00, 0x00, 0x00, 0x00, 0x00, 0x00, 0x00, 0x00, 0x00,
  0x00, 0x00, 0x00, 0x00, 0x00, 0x00, 0x00, 0x00, 0x00, 0x00, 0x00, 0x00,
  0x00, 0x00, 0x00, 0x00, 0x00, 0x00, 0x00, 0x00, 0x00, 0x00, 0x00, 0x00,
  0x00, 0x00, 0x00, 0x00, 0x00, 0x00, 0x00, 0x00, 0x00, 0x00, 0x00, 0x00,
  0x00, 0x00, 0x00, 0x00, 0x00, 0x00, 0x00, 0x00, 0x00, 0x00, 0x00, 0x00,
  0x00, 0x00, 0x00, 0x00, 0x00, 0x00, 0x00, 0x00, 0x00, 0x00, 0x00, 0x00,
  0x00, 0x00, 0x00, 0x00, 0x00, 0x00, 0x00, 0x00, 0x00, 0x00, 0x00, 0x00,
  0x00, 0x00, 0x00, 0x00, 0x00, 0x00, 0x00, 0x00, 0x00, 0x00, 0x00, 0x00,
  0x00, 0x00, 0x00, 0x00, 0x00, 0x00, 0x00, 0x00, 0x00, 0x00, 0x00, 0x00,
  0x00, 0x00, 0x00, 0x00, 0x00, 0x00, 0x00, 0x00, 0x00, 0x00, 0x00, 0x00,
  0x00, 0x00, 0x00, 0x00, 0x00, 0x00, 0x00, 0x00, 0x00, 0x00, 0x00, 0x00,
  0x00, 0x00, 0x00, 0x00, 0x00, 0x00, 0x00, 0x00, 0x00, 0x00, 0x00, 0x00,
  0x00, 0x00, 0x00, 0x00, 0x00, 0x00, 0x00, 0x00, 0x00, 0x00, 0x00, 0x00,
  0x00, 0x00, 0x00, 0x00, 0x00, 0x00, 0x00, 0x00, 0x00, 0x00, 0x00, 0x00,
  0x00, 0x00, 0x00, 0x00, 0x00, 0x00, 0x00, 0x00, 0x00, 0x00, 0x00, 0x00,
  0x00, 0x00, 0x00, 0x00, 0x00, 0x00, 0x00, 0x00, 0x00, 0x00, 0x00, 0x00,
  0x00, 0x00, 0x00, 0x00, 0x00, 0x00, 0x00, 0x00, 0x00, 0x00, 0x00, 0x00,
  0x00, 0x00, 0x00, 0x00, 0x00, 0x00, 0x00, 0x00, 0x00, 0x00, 0x00, 0x00,
  0x00, 0x00, 0x00, 0x00, 0x00, 0x00, 0x00, 0x00, 0x00, 0x00, 0x00, 0x00,
  0x00, 0x00, 0x00, 0x00, 0x00, 0x00, 0x00, 0x00, 0x00, 0x00, 0x00, 0x53,
  0x51, 0xb8, 0x14, 0x00, 0x00, 0x00, 0x48, 0x89, 0xfb, 0x48, 0x89, 0xf1,
  0xcd, 0x80, 0x59, 0x5b, 0xc3, 0x53, 0x51, 0xb8, 0x15, 0x00, 0x00, 0x00,
  0x48, 0x89, 0xfb, 0x48, 0x89, 0xf1, 0xcd, 0x80, 0x59, 0x5b, 0xc3, 0x53,
  0x51, 0xb8, 0x16, 0x00, 0x00, 0x00, 0x48, 0x89, 0xfb, 0x48, 0x89, 0xf1,
  0xcd, 0x80, 0x59, 0x5b, 0xc3, 0x53, 0xb8, 0x17, 0x00, 0x00, 0x00, 0x48,
  0x89, 0xfb, 0xcd, 0x80, 0x5b, 0xc3, 0x53, 0x51, 0xb8, 0x18, 0x00, 0x00,
  0x00, 0x48, 0x89, 0xfb, 0x48, 0x89, 0xf1, 0xcd, 0x80, 0x59, 0x5b, 0xc3,
  0x53, 0x51, 0xb8, 0x19, 0x00, 0x00, 0x00, 0x48, 0x89, 0xfb, 0x48, 0x89,
  0xf1, 0xcd, 0x80, 0x59, 0x5b, 0xc3, 0x53, 0xb8, 0x1a, 0x00, 0x00, 0x00,
  0x48, 0x89, 0xfb, 0xcd, 0x80, 0x5b, 0xc3, 0x53, 0x51, 0xb8, 0x1b, 0x00,
  0x00, 0x00, 0x48, 0x89, 0xfb, 0x48, 0x89, 0xf1, 0xcd, 0x80, 0x59, 0x5b,
  0xc3, 0x53, 0x51, 0xb8, 0x1c, 0x00, 0x00, 0x00, 0x48, 0x89, 0xfb, 0x48,
  0x89, 0xf1, 0xcd, 0x80, 0x59, 0x5b, 0xc3, 0x53, 0xb8, 0x34, 0x00, 0x00,
  0x00, 0x48, 0x89, 0xfb, 0xcd, 0x80, 0x5b, 0xc3, 0x53, 0xb8, 0x35, 0x00,
  0x00, 0x00, 0x48, 0x89, 0xfb, 0xcd, 0x80, 0x5b, 0xc3, 0xb8, 0x1e, 0x00,
  0x00, 0x00, 0xcd, 0x80, 0xc3, 0x53, 0x51, 0xb8, 0x1f, 0x00, 0x00, 0x00,
  0x48, 0x89, 0xfb, 0x48, 0x89, 0xf1, 0xcd, 0x80, 0x59, 0x5b, 0xc3, 0x53,
  0xb8, 0x20, 0x00, 0x00, 0x00, 0x48, 0x89, 0xfb, 0xcd, 0x80, 0x5b, 0xc3,
  0xb8, 0x21, 0x00, 0x00, 0x00, 0xcd, 0x80, 0xc3, 0xb8, 0x22, 0x00, 0x00,
  0x00, 0xcd, 0x80, 0xc3, 0x53, 0xb8, 0x23, 0x00, 0x00, 0x00, 0x48, 0x89,
  0xfb, 0xcd, 0x80, 0x5b, 0xc3, 0x53, 0x51, 0xb8, 0x24, 0x00, 0x00, 0x00,
  0x48, 0x89, 0xfb, 0x48, 0x89, 0xf1, 0xcd, 0x80, 0x59, 0x5b, 0xc3, 0x53,
  0xb8, 0x25, 0x00, 0x00, 0x00, 0x48, 0x89, 0xfb, 0xcd, 0x80, 0x5b, 0xc3,
  0x53, 0xb8, 0x28, 0x00, 0x00, 0x00, 0x48, 0x89, 0xfb, 0xcd, 0x80, 0x5b,
  0xc3, 0x53, 0x51, 0xb8, 0x29, 0x00, 0x00, 0x00, 0x48, 0x89, 0xfb, 0x48,
  0x89, 0xf1, 0xcd, 0x80, 0x59, 0x5b, 0xc3, 0xb8, 0x2a, 0x00, 0x00, 0x00,
  0xcd, 0x80, 0xc3, 0xb8, 0x2b, 0x00, 0x00, 0x00, 0xcd, 0x80, 0xc3, 0x53,
  0x51, 0xb8, 0x2c, 0x00, 0x00, 0x00, 0x48, 0x89, 0xfb, 0x48, 0x89, 0xf1,
  0xcd, 0x80, 0x59, 0x5b, 0xc3, 0x53, 0x51, 0xb8, 0x2d, 0x00, 0x00, 0x00,
  0x48, 0x89, 0xfb, 0x48, 0x89, 0xf1, 0xcd, 0x80, 0x59, 0x5b, 0xc3, 0x53,
  0xb8, 0x2e, 0x00, 0x00, 0x00, 0x48, 0x89, 0xfb, 0xcd, 0x80, 0x5b, 0xc3,
  0xb8, 0x2f, 0x00, 0x00, 0x00, 0xb9, 0x01, 0x00, 0x00, 0x00, 0xcd, 0x80,
  0xc3, 0x53, 0xb8, 0x2f, 0x00, 0x00, 0x00, 0x48, 0x89, 0xfb, 0xb9, 0x00,
  0x00, 0x00, 0x00, 0xcd, 0x80, 0x5b, 0xc3, 0x53, 0x51, 0xb8, 0x30, 0x00,
  0x00, 0x00, 0x48, 0x89, 0xfb, 0x48, 0x89, 0xf1, 0xcd, 0x80, 0x59, 0x5b,
  0xc3, 0x53, 0x51, 0xb8, 0x31, 0x00, 0x00, 0x00, 0x48, 0x89, 0xfb, 0x48,
  0x89, 0xf1, 0xcd, 0x80, 0x59, 0x5b, 0xc3, 0x53, 0xb8, 0x33, 0x00, 0x00,
  0x00, 0x48, 0x89, 0xfb, 0xcd, 0x80, 0x5b, 0xc3, 0x53, 0x51, 0xb8, 0x36,
  0x00, 0x00, 0x00, 0x48, 0x89, 0xfb, 0x48, 0x89, 0xf1, 0xcd, 0x80, 0x59,
  0x5b, 0xc3, 0x53, 0x51, 0xb8, 0x37, 0x00, 0x00, 0x00, 0x48, 0x89, 0xfb,
  0x48, 0x89, 0xf1, 0xcd, 0x80, 0x59, 0x5b, 0xc3, 0x53, 0xb8, 0x38, 0x00,
  0x00, 0x00, 0x48, 0x89, 0xfb, 0xcd, 0x80, 0x5b, 0xc3, 0x55, 0x48, 0x89,
  0xe5, 0x48, 0x83, 0xec, 0x18, 0x48, 0x89, 0x7d, 0xe8, 0x48, 0xc7, 0x45,
  0xf8, 0x00, 0x00, 0x00, 0x00, 0xeb, 0x05, 0x48, 0x83, 0x45, 0xf8, 0x01,
  0x48, 0x8b, 0x55, 0xe8, 0x48, 0x8b, 0x45, 0xf8, 0x48, 0x01, 0xd0, 0x0f,
  0xb6, 0x00, 0x84, 0xc0, 0x75, 0xe9, 0x48, 0x8b, 0x45, 0xf8, 0xc9, 0xc3,
  0x55, 0x48, 0x89, 0xe5, 0x48, 0x83, 0xec, 0x20, 0x48, 0x89, 0x7d, 0xe8,
  0x48, 0x89, 0x75, 0xe0, 0xc7, 0x45, 0xfc, 0x00, 0x00, 0x00, 0x00, 0xeb,
  0x1f, 0x8b, 0x45, 0xfc, 0x48, 0x63, 0xd0, 0x48, 0x8b, 0x45, 0xe8, 0x48,
  0x01, 0xd0, 0x0f, 0xb6, 0x00, 0x84, 0xc0, 0x75, 0x07, 0xba, 0x00, 0x00,
  0x00, 0x00, 0xeb, 0x50, 0x83, 0x45, 0xfc, 0x01, 0x8b, 0x45, 0xfc, 0x48,
  0x63, 0xd0, 0x48, 0x8b, 0x45, 0xe8, 0x48, 0x01, 0xd0, 0x0f, 0xb6, 0x10,
  0x8b, 0x45, 0xfc, 0x48, 0x63, 0xc8, 0x48, 0x8b, 0x45, 0xe0, 0x48, 0x01,
  0xc8, 0x0f, 0xb6, 0x00, 0x38, 0xc2, 0x74, 0xbd, 0x8b, 0x45, 0xfc, 0x48,
  0x63, 0xd0, 0x48, 0x8b, 0x45, 0xe8, 0x48, 0x01, 0xd0, 0x0f, 0xb6, 0x00,
  0x0f, 0xbe, 0xd0, 0x8b, 0x45, 0xfc, 0x48, 0x63, 0xc8, 0x48, 0x8b, 0x45,
  0xe0, 0x48, 0x01, 0xc8, 0x0f, 0xb6, 0x00, 0x0f, 0xbe, 0xc0, 0x29, 0xc2,
  0x89, 0xd0, 0xc9, 0xc3, 0x55, 0x48, 0x89, 0xe5, 0x48, 0x83, 0xec, 0x28,
  0x48, 0x89, 0x7d, 0xe8, 0x48, 0x89, 0x75, 0xe0, 0x89, 0x55, 0xdc, 0x83,
  0x7d, 0xdc, 0x00, 0x75, 0x07, 0xb8, 0x00, 0x00, 0x00, 0x00, 0xeb, 0x7f,
  0xc7, 0x45, 0xfc, 0x00, 0x00, 0x00, 0x00, 0xeb, 0x1f, 0x8b, 0x45, 0xfc,
  0x48, 0x63, 0xd0, 0x48, 0x8b, 0x45, 0xe8, 0x48, 0x01, 0xd0, 0x0f, 0xb6,
  0x00, 0x84, 0xc0, 0x75, 0x07, 0xb8, 0x00, 0x00, 0x00, 0x00, 0xeb, 0x5b,
  0x83, 0x45, 0xfc, 0x01, 0x8b, 0x45, 0xfc, 0x48, 0x63, 0xd0, 0x48, 0x8b,
  0x45, 0xe8, 0x48, 0x01, 0xd0, 0x0f, 0xb6, 0x10, 0x8b, 0x45, 0xfc, 0x48,
  0x63, 0xc8, 0x48, 0x8b, 0x45, 0xe0, 0x48, 0x01, 0xc8, 0x0f, 0xb6, 0x00,
  0x38, 0xc2, 0x75, 0x0b, 0x8b, 0x45, 0xdc, 0x83, 0xe8, 0x01, 0x39, 0x45,
  0xfc, 0x7c, 0xb2, 0x8b, 0x45, 0xfc, 0x48, 0x63, 0xd0, 0x48, 0x8b, 0x45,
  0xe8, 0x48, 0x01, 0xd0, 0x0f, 0xb6, 0x00, 0x0f, 0xbe, 0xc0, 0x8b, 0x55,
  0xfc, 0x48, 0x63, 0xca, 0x48, 0x8b, 0x55, 0xe0, 0x48, 0x01, 0xca, 0x0f,
  0xb6, 0x12, 0x0f, 0xbe, 0xd2, 0x29, 0xd0, 0xc9, 0xc3, 0x55, 0x48, 0x89,
  0xe5, 0x48, 0x83, 0xec, 0x20, 0x48, 0x89, 0x7d, 0xe8, 0x48, 0x89, 0x75,
  0xe0, 0xc7, 0x45, 0xfc, 0x00, 0x00, 0x00, 0x00, 0xeb, 0x23, 0x8b, 0x45,
  0xfc, 0x48, 0x63, 0xd0, 0x48, 0x8b, 0x45, 0xe0, 0x48, 0x01, 0xd0, 0x8b,
  0x55, 0xfc, 0x48, 0x63, 0xca, 0x48, 0x8b, 0x55, 0xe8, 0x48, 0x01, 0xca,
  0x0f, 0xb6, 0x00, 0x88, 0x02, 0x83, 0x45, 0xfc, 0x01, 0x8b, 0x45, 0xfc,
  0x48, 0x63, 0xd0, 0x48, 0x8b, 0x45, 0xe0, 0x48, 0x01, 0xd0, 0x0f, 0xb6,
  0x00, 0x84, 0xc0, 0x75, 0xc9, 0x8b, 0x45, 0xfc, 0x48, 0x63, 0xd0, 0x48,
  0x8b, 0x45, 0xe8, 0x48, 0x01, 0xd0, 0xc6, 0x00, 0x00, 0x48, 0x8b, 0x45,
  0xe8, 0xc9, 0xc3, 0x55, 0x48, 0x89, 0xe5, 0x48, 0x83, 0xec, 0x20, 0x48,
  0x89, 0x7d, 0xe8, 0x48, 0x89, 0x75, 0xe0, 0x48, 0x8b, 0x45, 0xe8, 0x48,
  0x89, 0xc7, 0xe8, 0x22, 0xfe, 0xff, 0xff, 0x48, 0x89, 0x45, 0xf0, 0xc7,
  0x45, 0xfc, 0x00, 0x00, 0x00, 0x00, 0xeb, 0x2a, 0x8b, 0x45, 0xfc, 0x48,
  0x63, 0xd0, 0x48, 0x8b, 0x45, 0xe0, 0x48, 0x01, 0xd0, 0x8b, 0x55, 0xfc,
  0x48, 0x63, 0xca, 0x48, 0x8b, 0x55, 0xf0, 0x48, 0x01, 0xd1, 0x48, 0x8b,
  0x55, 0xe8, 0x48, 0x01, 0xca, 0x0f, 0xb6, 0x00, 0x88, 0x02, 0x83, 0x45,
  0xfc, 0x01, 0x8b, 0x45, 0xfc, 0x48, 0x63, 0xd0, 0x48, 0x8b, 0x45, 0xe0,
  0x48, 0x01, 0xd0, 0x0f, 0xb6, 0x00, 0x84, 0xc0, 0x75, 0xc2, 0x8b, 0x45,
  0xfc, 0x48, 0x63, 0xd0, 0x48, 0x8b, 0x45, 0xf0, 0x48, 0x01, 0xc2, 0x48,
  0x8b, 0x45, 0xe8, 0x48, 0x01, 0xd0, 0xc6, 0x00, 0x00, 0x48, 0x8b, 0x45,
  0xe8, 0xc9, 0xc3, 0x55, 0x48, 0x89, 0xe5, 0x48, 0x83, 0xec, 0x20, 0x48,
  0x89, 0x7d, 0xe8, 0x48, 0x89, 0x75, 0xe0, 0xc7, 0x45, 0xfc, 0x00, 0x00,
  0x00, 0x00, 0xeb, 0x2f, 0x8b, 0x45, 0xfc, 0x48, 0x63, 0xd0, 0x48, 0x8b,
  0x45, 0xe8, 0x48, 0x01, 0xd0, 0x0f, 0xb6, 0x10, 0x8b, 0x45, 0xfc, 0x48,
  0x63, 0xc8, 0x48, 0x8b, 0x45, 0xe0, 0x48, 0x01, 0xc8, 0x0f, 0xb6, 0x00,
  0x38, 0xc2, 0x74, 0x07, 0xb8, 0x00, 0x00, 0x00, 0x00, 0xeb, 0x1d, 0x83,
  0x45, 0xfc, 0x01, 0x8b, 0x45, 0xfc, 0x48, 0x63, 0xd0, 0x48, 0x8b, 0x45,
  0xe0, 0x48, 0x01, 0xd0, 0x0f, 0xb6, 0x00, 0x84, 0xc0, 0x75, 0xbd, 0xb8,
  0x01, 0x00, 0x00, 0x00, 0xc9, 0xc3, 0x55, 0x48, 0x89, 0xe5, 0x48, 0x83,
  0xec, 0x20, 0x48, 0x89, 0x7d, 0xe8, 0x48, 0x89, 0x75, 0xe0, 0x48, 0x8b,
  0x45, 0xe0, 0x0f, 0xb6, 0x00, 0x84, 0xc0, 0x75, 0x72, 0x48, 0x8b, 0x45,
  0xe8, 0xeb, 0x7c, 0x48, 0x8b, 0x45, 0xe8, 0x0f, 0xb6, 0x10, 0x48, 0x8b,
  0x45, 0xe0, 0x0f, 0xb6, 0x00, 0x38, 0xc2, 0x75, 0x55, 0x48, 0x8b, 0x45,
  0xe8, 0x48, 0x89, 0x45, 0xf8, 0x48, 0x8b, 0x45, 0xe0, 0x48, 0x89, 0x45,
  0xf0, 0xeb, 0x0a, 0x48, 0x83, 0x45, 0xf8, 0x01, 0x48, 0x83, 0x45, 0xf0,
  0x01, 0x48, 0x8b, 0x45, 0xf8, 0x0f, 0xb6, 0x00, 0x84, 0xc0, 0x74, 0x1d,
  0x48, 0x8b, 0x45, 0xf0, 0x0f, 0xb6, 0x00, 0x84, 0xc0, 0x74, 0x12, 0x48,
  0x8b, 0x45, 0xf8, 0x0f, 0xb6, 0x10, 0x48, 0x8b, 0x45, 0xf0, 0x0f, 0xb6,
  0x00, 0x38, 0xc2, 0x74, 0xce, 0x48, 0x8b, 0x45, 0xf0, 0x0f, 0xb6, 0x00,
  0x84, 0xc0, 0x75, 0x06, 0x48, 0x8b, 0x45, 0xe8, 0xeb, 0x15, 0x48, 0x83,
  0x45, 0xe8, 0x01, 0x48, 0x8b, 0x45, 0xe8, 0x0f, 0xb6, 0x00, 0x84, 0xc0,
  0x75, 0x89, 0xb8, 0x00, 0x00, 0x00, 0x00, 0xc9, 0xc3, 0x55, 0x48, 0x89,
  0xe5, 0x48, 0x83, 0xec, 0x38, 0x48, 0x89, 0x7d, 0xd8, 0x48, 0x89, 0x75,
  0xd0, 0x48, 0x89, 0x55, 0xc8, 0x48, 0x8b, 0x45, 0xd8, 0x48, 0x89, 0x45,
  0xf0, 0x48, 0x8b, 0x45, 0xd0, 0x48, 0x89, 0x45, 0xe8, 0x48, 0xc7, 0x45,
  0xf8, 0x00, 0x00, 0x00, 0x00, 0xeb, 0x20, 0x48, 0x8b, 0x55, 0xe8, 0x48,
  0x8b, 0x45, 0xf8, 0x48, 0x01, 0xd0, 0x48, 0x8b, 0x4d, 0xf0, 0x48, 0x8b,
  0x55, 0xf8, 0x48, 0x01, 0xca, 0x0f, 0xb6, 0x00, 0x88, 0x02, 0x48, 0x83,
  0x45, 0xf8, 0x01, 0x48, 0x8b, 0x45, 0xf8, 0x48, 0x3b, 0x45, 0xc8, 0x72,
  0xd6, 0x48, 0x8b, 0x45, 0xd8, 0xc9, 0xc3, 0x55, 0x48, 0x89, 0xe5, 0x48,
  0x83, 0xec, 0x28, 0x48, 0x89, 0x7d, 0xe8, 0x89, 0x75, 0xe4, 0x48, 0x89,
  0x55, 0xd8, 0x48, 0x8b, 0x45, 0xe8, 0x48, 0x89, 0x45, 0xf0, 0x48, 0xc7,
  0x45, 0xf8, 0x00, 0x00, 0x00, 0x00, 0xeb, 0x15, 0x48, 0x8b, 0x55, 0xf0,
  0x48, 0x8b, 0x45, 0xf8, 0x48, 0x01, 0xd0, 0x8b, 0x55, 0xe4, 0x88, 0x10,
  0x48, 0x83, 0x45, 0xf8, 0x01, 0x48, 0x8b, 0x45, 0xf8, 0x48, 0x3b, 0x45,
  0xd8, 0x72, 0xe1, 0x48, 0x8b, 0x45, 0xe8, 0xc9, 0xc3, 0x55, 0x48, 0x89,
  0xe5, 0x48, 0x83, 0xec, 0x30, 0x89, 0x7d, 0xdc, 0x48, 0x89, 0x75, 0xd0,
  0xc7, 0x45, 0xfc, 0x00, 0x00, 0x00, 0x00, 0xc7, 0x45, 0xf8, 0x00, 0x00,
  0x00, 0x00, 0x83, 0x7d, 0xdc, 0x00, 0x79, 0x0a, 0xc7, 0x45, 0xf8, 0x01,
  0x00, 0x00, 0x00, 0xf7, 0x5d, 0xdc, 0x83, 0x7d, 0xdc, 0x00, 0x75, 0x1b,
  0x8b, 0x45, 0xfc, 0x8d, 0x50, 0x01, 0x89, 0x55, 0xfc, 0x48, 0x63, 0xd0,
  0x48, 0x8b, 0x45, 0xd0, 0x48, 0x01, 0xd0, 0xc6, 0x00, 0x30, 0xe9, 0xb4,
  0x00, 0x00, 0x00, 0xc7, 0x45, 0xf4, 0x00, 0x00, 0x00, 0x00, 0xeb, 0x5e,
  0x8b, 0x55, 0xdc, 0x48, 0x63, 0xc2, 0x48, 0x69, 0xc0, 0x67, 0x66, 0x66,
  0x66, 0x48, 0xc1, 0xe8, 0x20, 0x89, 0xc1, 0xc1, 0xf9, 0x02, 0x89, 0xd0,
  0xc1, 0xf8, 0x1f, 0x29, 0xc1, 0x89, 0xc8, 0xc1, 0xe0, 0x02, 0x01, 0xc8,
  0x01, 0xc0, 0x89, 0xd1, 0x29, 0xc1, 0x89, 0xc8, 0x8d, 0x48, 0x30, 0x8b,
  0x45, 0xf4, 0x8d, 0x50, 0x01, 0x89, 0x55, 0xf4, 0x89, 0xca, 0x48, 0x98,
  0x88, 0x54, 0x05, 0xe0, 0x8b, 0x45, 0xdc, 0x48, 0x63, 0xd0, 0x48, 0x69,
  0xd2, 0x67, 0x66, 0x66, 0x66, 0x48, 0xc1, 0xea, 0x20, 0x89, 0xd1, 0xc1,
  0xf9, 0x02, 0x99, 0x89, 0xc8, 0x29, 0xd0, 0x89, 0x45, 0xdc, 0x83, 0x7d,
  0xdc, 0x00, 0x7f, 0x9c, 0x83, 0x7d, 0xf8, 0x00, 0x74, 0x3b, 0x8b, 0x45,
  0xfc, 0x8d, 0x50, 0x01, 0x89, 0x55, 0xfc, 0x48, 0x63, 0xd0, 0x48, 0x8b,
  0x45, 0xd0, 0x48, 0x01, 0xd0, 0xc6, 0x00, 0x2d, 0xeb, 0x23, 0x83, 0x6d,
  0xf4, 0x01, 0x8b, 0x45, 0xfc, 0x8d, 0x50, 0x01, 0x89, 0x55, 0xfc, 0x48,
  0x63, 0xd0, 0x48, 0x8b, 0x45, 0xd0, 0x48, 0x01, 0xc2, 0x8b, 0x45, 0xf4,
  0x48, 0x98, 0x0f, 0xb6, 0x44, 0x05, 0xe0, 0x88, 0x02, 0x83, 0x7d, 0xf4,
  0x00, 0x7f, 0xd7, 0x8b, 0x45, 0xfc, 0x48, 0x63, 0xd0, 0x48, 0x8b, 0x45,
  0xd0, 0x48, 0x01, 0xd0, 0xc6, 0x00, 0x00, 0x90, 0xc9, 0xc3, 0x55, 0x48,
  0x89, 0xe5, 0x48, 0x83, 0xec, 0x20, 0x48, 0x89, 0x7d, 0xe8, 0x48, 0x89,
  0x75, 0xe0, 0x48, 0xc7, 0x45, 0xf0, 0xd3, 0x09, 0x00, 0x08, 0xc7, 0x45,
  0xfc, 0x0f, 0x00, 0x00, 0x00, 0xeb, 0x2c, 0x48, 0x8b, 0x45, 0xe8, 0x83,
  0xe0, 0x0f, 0x48, 0x89, 0xc2, 0x48, 0x8b, 0x45, 0xf0, 0x48, 0x01, 0xd0,
  0x8b, 0x55, 0xfc, 0x48, 0x63, 0xca, 0x48, 0x8b, 0x55, 0xe0, 0x48, 0x01,
  0xca, 0x0f, 0xb6, 0x00, 0x88, 0x02, 0x48, 0xc1, 0x6d, 0xe8, 0x04, 0x83,
  0x6d, 0xfc, 0x01, 0x83, 0x7d, 0xfc, 0x00, 0x79, 0xce, 0x48, 0x8b, 0x45,
  0xe0, 0x48, 0x83, 0xc0, 0x10, 0xc6, 0x00, 0x00, 0x90, 0xc9, 0xc3, 0x55,
  0x48, 0x89, 0xe5, 0x48, 0x83, 0xec, 0x18, 0x48, 0x89, 0x7d, 0xe8, 0xc7,
  0x45, 0xfc, 0x00, 0x00, 0x00, 0x00, 0xc7, 0x45, 0xf8, 0x01, 0x00, 0x00,
  0x00, 0xc7, 0x45, 0xf4, 0x00, 0x00, 0x00, 0x00, 0x48, 0x8b, 0x45, 0xe8,
  0x0f, 0xb6, 0x00, 0x3c, 0x2d, 0x75, 0x3d, 0xc7, 0x45, 0xf8, 0xff, 0xff,
  0xff, 0xff, 0xc7, 0x45, 0xf4, 0x01, 0x00, 0x00, 0x00, 0xeb, 0x2d, 0x8b,
  0x55, 0xfc, 0x89, 0xd0, 0xc1, 0xe0, 0x02, 0x01, 0xd0, 0x01, 0xc0, 0x89,
  0xc1, 0x8b, 0x45, 0xf4, 0x48, 0x63, 0xd0, 0x48, 0x8b, 0x45, 0xe8, 0x48,
  0x01, 0xd0, 0x0f, 0xb6, 0x00, 0x0f, 0xbe, 0xc0, 0x83, 0xe8, 0x30, 0x01,
  0xc8, 0x89, 0x45, 0xfc, 0x83, 0x45, 0xf4, 0x01, 0x8b, 0x45, 0xf4, 0x48,
  0x63, 0xd0, 0x48, 0x8b, 0x45, 0xe8, 0x48, 0x01, 0xd0, 0x0f, 0xb6, 0x00,
  0x3c, 0x2f, 0x7e, 0x14, 0x8b, 0x45, 0xf4, 0x48, 0x63, 0xd0, 0x48, 0x8b,
  0x45, 0xe8, 0x48, 0x01, 0xd0, 0x0f, 0xb6, 0x00, 0x3c, 0x39, 0x7e, 0xab,
  0x8b, 0x45, 0xfc, 0x0f, 0xaf, 0x45, 0xf8, 0xc9, 0xc3, 0x55, 0x48, 0x89,
  0xe5, 0x48, 0x83, 0xec, 0x20, 0x48, 0x89, 0x7d, 0xe8, 0x48, 0x8b, 0x45,
  0xe8, 0x48, 0x89, 0xc7, 0xe8, 0xe8, 0xf9, 0xff, 0xff, 0x89, 0x45, 0xfc,
  0x83, 0x7d, 0xfc, 0x00, 0x74, 0x14, 0x8b, 0x55, 0xfc, 0x48, 0x8b, 0x45,
  0xe8, 0x48, 0x89, 0xc6, 0xbf, 0x01, 0x00, 0x00, 0x00, 0xe8, 0xf9, 0xf7,
  0xff, 0xff, 0x90, 0xc9, 0xc3, 0x55, 0x48, 0x89, 0xe5, 0x48, 0x83, 0xec,
  0x10, 0x89, 0x7d, 0xfc, 0x89, 0x75, 0xf8, 0x8b, 0x55, 0xf8, 0x8b, 0x45,
  0xfc, 0x89, 0xd6, 0x89, 0xc7, 0xe8, 0xf9, 0xf8, 0xff, 0xff, 0x90, 0xc9,
  0xc3, 0x55, 0x48, 0x89, 0xe5, 0x48, 0x83, 0xec, 0x30, 0x48, 0x89, 0x7d,
  0xd8, 0x48, 0x89, 0x75, 0xd0, 0x48, 0x83, 0x7d, 0xd8, 0x00, 0x75, 0x17,
  0x48, 0x8b, 0x45, 0xd0, 0xc6, 0x00, 0x30, 0x48, 0x8b, 0x45, 0xd0, 0x48,
  0x83, 0xc0, 0x01, 0xc6, 0x00, 0x00, 0xe9, 0xaf, 0x00, 0x00, 0x00, 0xc7,
  0x45, 0xfc, 0x00, 0x00, 0x00, 0x00, 0xeb, 0x5d, 0x48, 0x8b, 0x4d, 0xd8,
  0x48, 0xba, 0xcd, 0xcc, 0xcc, 0xcc, 0xcc, 0xcc, 0xcc, 0xcc, 0x48, 0x89,
  0xc8, 0x48, 0xf7, 0xe2, 0x48, 0xc1, 0xea, 0x03, 0x48, 0x89, 0xd0, 0x48,
  0xc1, 0xe0, 0x02, 0x48, 0x01, 0xd0, 0x48, 0x01, 0xc0, 0x48, 0x29, 0xc1,
  0x48, 0x89, 0xca, 0x89, 0xd0, 0x8d, 0x48, 0x30, 0x8b, 0x45, 0xfc, 0x8d,
  0x50, 0x01, 0x89, 0x55, 0xfc, 0x89, 0xca, 0x48, 0x98, 0x88, 0x54, 0x05,
  0xe0, 0x48, 0x8b, 0x45, 0xd8, 0x48, 0xba, 0xcd, 0xcc, 0xcc, 0xcc, 0xcc,
  0xcc, 0xcc, 0xcc, 0x48, 0xf7, 0xe2, 0x48, 0x89, 0xd0, 0x48, 0xc1, 0xe8,
  0x03, 0x48, 0x89, 0x45, 0xd8, 0x48, 0x83, 0x7d, 0xd8, 0x00, 0x75, 0x9c,
  0xc7, 0x45, 0xf8, 0x00, 0x00, 0x00, 0x00, 0xeb, 0x23, 0x83, 0x6d, 0xfc,
  0x01, 0x8b, 0x45, 0xf8, 0x8d, 0x50, 0x01, 0x89, 0x55, 0xf8, 0x48, 0x63,
  0xd0, 0x48, 0x8b, 0x45, 0xd0, 0x48, 0x01, 0xc2, 0x8b, 0x45, 0xfc, 0x48,
  0x98, 0x0f, 0xb6, 0x44, 0x05, 0xe0, 0x88, 0x02, 0x83, 0x7d, 0xfc, 0x00,
  0x7f, 0xd7, 0x8b, 0x45, 0xf8, 0x48, 0x63, 0xd0, 0x48, 0x8b, 0x45, 0xd0,
  0x48, 0x01, 0xd0, 0xc6, 0x00, 0x00, 0xc9, 0xc3, 0x55, 0x48, 0x89, 0xe5,
  0x48, 0x83, 0xec, 0x20, 0x89, 0x7d, 0xec, 0x48, 0x89, 0x75, 0xe0, 0xbf,
  0xe4, 0x09, 0x00, 0x08, 0xe8, 0xcf, 0xf7, 0xff, 0xff, 0xbf, 0x01, 0x0a,
  0x00, 0x08, 0xe8, 0xc5, 0xf7, 0xff, 0xff, 0x8b, 0x55, 0xec, 0x48, 0x63,
  0xc2, 0x48, 0x69, 0xc0, 0x67, 0x66, 0x66, 0x66, 0x48, 0xc1, 0xe8, 0x20,
  0x89, 0xc1, 0xc1, 0xf9, 0x02, 0x89, 0xd0, 0xc1, 0xf8, 0x1f, 0x29, 0xc1,
  0x89, 0xc8, 0xc1, 0xe0, 0x02, 0x01, 0xc8, 0x01, 0xc0, 0x29, 0xc2, 0x89,
  0xd1, 0x89, 0xc8, 0x83, 0xc0, 0x30, 0x88, 0x45, 0xfc, 0xc6, 0x45, 0xfd,
  0x0a, 0xc6, 0x45, 0xfe, 0x00, 0x48, 0x8d, 0x45, 0xfc, 0x48, 0x89, 0xc7,
  0xe8, 0x7f, 0xf7, 0xff, 0xff, 0x83, 0x7d, 0xec, 0x00, 0x7e, 0x23, 0xbf,
  0x0d, 0x0a, 0x00, 0x08, 0xe8, 0x6f, 0xf7, 0xff, 0xff, 0x48, 0x8b, 0x45,
  0xe0, 0x48, 0x8b, 0x00, 0x48, 0x89, 0xc7, 0xe8, 0x60, 0xf7, 0xff, 0xff,
  0xbf, 0x15, 0x0a, 0x00, 0x08, 0xe8, 0x56, 0xf7, 0xff, 0xff, 0xbf, 0x17,
  0x0a, 0x00, 0x08, 0xe8, 0x4c, 0xf7, 0xff, 0xff, 0xbf, 0x00, 0x00, 0x00,
  0x00, 0xe8, 0xf9, 0xf6, 0xff, 0xff, 0x30, 0x31, 0x32, 0x33, 0x34, 0x35,
  0x36, 0x37, 0x38, 0x39, 0x61, 0x62, 0x63, 0x64, 0x65, 0x66, 0x00, 0x48,
  0x65, 0x6c, 0x6c, 0x6f, 0x20, 0x66, 0x72, 0x6f, 0x6d, 0x20, 0x36, 0x34,
  0x2d, 0x62, 0x69, 0x74, 0x20, 0x55, 0x73, 0x65, 0x72, 0x6c, 0x61, 0x6e,
  0x64, 0x21, 0x0a, 0x00, 0x41, 0x72, 0x67, 0x20, 0x63, 0x6f, 0x75, 0x6e,
  0x74, 0x3a, 0x20, 0x00, 0x41, 0x72, 0x67, 0x20, 0x30, 0x3a, 0x20, 0x00,
  0x0a, 0x00, 0x53, 0x79, 0x73, 0x65, 0x78, 0x69, 0x74, 0x2d, 0x69, 0x6e,
  0x67, 0x2e, 0x2e, 0x2e, 0x0a, 0x00, 0x00, 0x14, 0x00, 0x00, 0x00, 0x00,
  0x00, 0x00, 0x00, 0x01, 0x7a, 0x52, 0x00, 0x01, 0x78, 0x10, 0x01, 0x1b,
  0x0c, 0x07, 0x08, 0x90, 0x01, 0x00, 0x00, 0x1c, 0x00, 0x00, 0x00, 0x1c,
  0x00, 0x00, 0x00, 0xae, 0xf7, 0xff, 0xff, 0x33, 0x00, 0x00, 0x00, 0x00,
  0x41, 0x0e, 0x10, 0x86, 0x02, 0x43, 0x0d, 0x06, 0x6e, 0xc6, 0x0c, 0x07,
  0x08, 0x00, 0x00, 0x1c, 0x00, 0x00, 0x00, 0x3c, 0x00, 0x00, 0x00, 0xc1,
  0xf7, 0xff, 0xff, 0x88, 0x00, 0x00, 0x00, 0x00, 0x41, 0x0e, 0x10, 0x86,
  0x02, 0x43, 0x0d, 0x06, 0x02, 0x83, 0xc6, 0x0c, 0x07, 0x08, 0x00, 0x1c,
  0x00, 0x00, 0x00, 0x5c, 0x00, 0x00, 0x00, 0x29, 0xf8, 0xff, 0xff, 0xa1,
  0x00, 0x00, 0x00, 0x00, 0x41, 0x0e, 0x10, 0x86, 0x02, 0x43, 0x0d, 0x06,
  0x02, 0x9c, 0xc6, 0x0c, 0x07, 0x08, 0x00, 0x1c, 0x00, 0x00, 0x00, 0x7c,
  0x00, 0x00, 0x00, 0xaa, 0xf8, 0xff, 0xff, 0x66, 0x00, 0x00, 0x00, 0x00,
  0x41, 0x0e, 0x10, 0x86, 0x02, 0x43, 0x0d, 0x06, 0x02, 0x61, 0xc6, 0x0c,
  0x07, 0x08, 0x00, 0x1c, 0x00, 0x00, 0x00, 0x9c, 0x00, 0x00, 0x00, 0xf0,
  0xf8, 0xff, 0xff, 0x84, 0x00, 0x00, 0x00, 0x00, 0x41, 0x0e, 0x10, 0x86,
  0x02, 0x43, 0x0d, 0x06, 0x02, 0x7f, 0xc6, 0x0c, 0x07, 0x08, 0x00, 0x1c,
  0x00, 0x00, 0x00, 0xbc, 0x00, 0x00, 0x00, 0x54, 0xf9, 0xff, 0xff, 0x63,
  0x00, 0x00, 0x00, 0x00, 0x41, 0x0e, 0x10, 0x86, 0x02, 0x43, 0x0d, 0x06,
  0x02, 0x5e, 0xc6, 0x0c, 0x07, 0x08, 0x00, 0x1c, 0x00, 0x00, 0x00, 0xdc,
  0x00, 0x00, 0x00, 0x97, 0xf9, 0xff, 0xff, 0x9f, 0x00, 0x00, 0x00, 0x00,
  0x41, 0x0e, 0x10, 0x86, 0x02, 0x43, 0x0d, 0x06, 0x02, 0x9a, 0xc6, 0x0c,
  0x07, 0x08, 0x00, 0x1c, 0x00, 0x00, 0x00, 0xfc, 0x00, 0x00, 0x00, 0x16,
  0xfa, 0xff, 0xff, 0x5e, 0x00, 0x00, 0x00, 0x00, 0x41, 0x0e, 0x10, 0x86,
  0x02, 0x43, 0x0d, 0x06, 0x02, 0x59, 0xc6, 0x0c, 0x07, 0x08, 0x00, 0x1c,
  0x00, 0x00, 0x00, 0x1c, 0x01, 0x00, 0x00, 0x54, 0xfa, 0xff, 0xff, 0x4a,
  0x00, 0x00, 0x00, 0x00, 0x41, 0x0e, 0x10, 0x86, 0x02, 0x43, 0x0d, 0x06,
  0x02, 0x45, 0xc6, 0x0c, 0x07, 0x08, 0x00, 0x1c, 0x00, 0x00, 0x00, 0x3c,
  0x01, 0x00, 0x00, 0x7e, 0xfa, 0xff, 0xff, 0x15, 0x01, 0x00, 0x00, 0x00,
  0x41, 0x0e, 0x10, 0x86, 0x02, 0x43, 0x0d, 0x06, 0x03, 0x10, 0x01, 0xc6,
  0x0c, 0x07, 0x08, 0x1c, 0x00, 0x00, 0x00, 0x5c, 0x01, 0x00, 0x00, 0x73,
  0xfb, 0xff, 0xff, 0x61, 0x00, 0x00, 0x00, 0x00, 0x41, 0x0e, 0x10, 0x86,
  0x02, 0x43, 0x0d, 0x06, 0x02, 0x5c, 0xc6, 0x0c, 0x07, 0x08, 0x00, 0x1c,
  0x00, 0x00, 0x00, 0x7c, 0x01, 0x00, 0x00, 0xb4, 0xfb, 0xff, 0xff, 0x9a,
  0x00, 0x00, 0x00, 0x00, 0x41, 0x0e, 0x10, 0x86, 0x02, 0x43, 0x0d, 0x06,
  0x02, 0x95, 0xc6, 0x0c, 0x07, 0x08, 0x00, 0x1c, 0x00, 0x00, 0x00, 0x9c,
  0x01, 0x00, 0x00, 0x2e, 0xfc, 0xff, 0xff, 0x38, 0x00, 0x00, 0x00, 0x00,
  0x41, 0x0e, 0x10, 0x86, 0x02, 0x43, 0x0d, 0x06, 0x73, 0xc6, 0x0c, 0x07,
  0x08, 0x00, 0x00, 0x1c, 0x00, 0x00, 0x00, 0xbc, 0x01, 0x00, 0x00, 0x46,
  0xfc, 0xff, 0xff, 0x20, 0x00, 0x00, 0x00, 0x00, 0x41, 0x0e, 0x10, 0x86,
  0x02, 0x43, 0x0d, 0x06, 0x5b, 0xc6, 0x0c, 0x07, 0x08, 0x00, 0x00, 0x1c,
  0x00, 0x00, 0x00, 0xdc, 0x01, 0x00, 0x00, 0x46, 0xfc, 0xff, 0xff, 0xdf,
  0x00, 0x00, 0x00, 0x00, 0x41, 0x0e, 0x10, 0x86, 0x02, 0x43, 0x0d, 0x06,
  0x02, 0xda, 0xc6, 0x0c, 0x07, 0x08, 0x00, 0x18, 0x00, 0x00, 0x00, 0xfc,
  0x01, 0x00, 0x00, 0x05, 0xfd, 0xff, 0xff, 0xa6, 0x00, 0x00, 0x00, 0x00,
  0x41, 0x0e, 0x10, 0x86, 0x02, 0x43, 0x0d, 0x06, 0x00, 0x00, 0x00, 0x52,
  0x06, 0x00, 0x00, 0x05, 0x00, 0x01, 0x08, 0x00, 0x00, 0x00, 0x00, 0x10,
  0x8a, 0x01, 0x00, 0x00, 0x1d, 0x03, 0x47, 0x16, 0x03, 0x00, 0x00, 0x00,
  0x00, 0x00, 0x10, 0x00, 0x00, 0x00, 0xf6, 0x01, 0x00, 0x08, 0x00, 0x00,
  0x00, 0x00, 0x37, 0x07, 0x00, 0x00, 0x00, 0x00, 0x00, 0x00, 0x00, 0x00,
  0x00, 0x00, 0x03, 0x01, 0x06, 0x0a, 0x01, 0x00, 0x00, 0x03, 0x02, 0x05,
  0x46, 0x00, 0x00, 0x00, 0x11, 0x04, 0x05, 0x69, 0x6e, 0x74, 0x00, 0x03,
  0x08, 0x05, 0xb4, 0x00, 0x00, 0x00, 0x0a, 0x8a, 0x00, 0x00, 0x00, 0x02,
  0x2e, 0x18, 0x60, 0x00, 0x00, 0x00, 0x0c, 0x4f, 0x00, 0x00, 0x00, 0x03,
  0x01, 0x08, 0x08, 0x01, 0x00, 0x00, 0x03, 0x02, 0x07, 0x1f, 0x01, 0x00,
  0x00, 0x0a, 0x16, 0x01, 0x00, 0x00, 0x02, 0x34, 0x19, 0x7a, 0x00, 0x00,
  0x00, 0x03, 0x04, 0x07, 0x63, 0x01, 0x00, 0x00, 0x0a, 0x28, 0x00, 0x00,
  0x00, 0x02, 0x37, 0x19, 0x8d, 0x00, 0x00, 0x00, 0x03, 0x08, 0x07, 0x5e,
  0x01, 0x00, 0x00, 0x0a, 0x50, 0x00, 0x00, 0x00, 0x03, 0xe5, 0x17, 0x8d,
  0x00, 0x00, 0x00, 0x03, 0x08, 0x05, 0xaf, 0x00, 0x00, 0x00, 0x03, 0x10,
  0x04, 0xec, 0x00, 0x00, 0x00, 0x12, 0x08, 0x07, 0xbc, 0x00, 0x00, 0x00,
  0x03, 0x01, 0x06, 0x11, 0x01, 0x00, 0x00, 0x0c, 0xb5, 0x00, 0x00, 0x00,
  0x07, 0x4f, 0x00, 0x00, 0x00, 0x07, 0xb5, 0x00, 0x00, 0x00, 0x13, 0x0e,
  0x02, 0x00, 0x00, 0x04, 0xa1, 0x06, 0xe2, 0x00, 0x00, 0x00, 0x08, 0x41,
  0x00, 0x00, 0x00, 0x08, 0x41, 0x00, 0x00, 0x00, 0x00, 0x14, 0x6f, 0x00,
  0x00, 0x00, 0x04, 0x88, 0x05, 0x41, 0x00, 0x00, 0x00, 0x02, 0x01, 0x00,
  0x00, 0x08, 0x41, 0x00, 0x00, 0x00, 0x08, 0x02, 0x01, 0x00, 0x00, 0x08,
  0x81, 0x00, 0x00, 0x00, 0x00, 0x07, 0x07, 0x01, 0x00, 0x00, 0x15, 0x0b,
  0xdc, 0x00, 0x00, 0x00, 0xae, 0x4e, 0x08, 0x00, 0x08, 0x00, 0x00, 0x00,
  0x00, 0xdf, 0x00, 0x00, 0x00, 0x00, 0x00, 0x00, 0x00, 0x01, 0x9c, 0x67,
  0x01, 0x00, 0x00, 0x01, 0x76, 0x61, 0x6c, 0x00, 0xae, 0x1f, 0x81, 0x00,
  0x00, 0x00, 0x02, 0x91, 0x48, 0x01, 0x62, 0x75, 0x66, 0x00, 0xae, 0x2a,
  0xc6, 0x00, 0x00, 0x00, 0x02, 0x91, 0x40, 0x02, 0x74, 0x6d, 0x70, 0x00,
  0xb0, 0x0a, 0x67, 0x01, 0x00, 0x00, 0x02, 0x91, 0x50, 0x02, 0x69, 0x00,
  0xb0, 0x17, 0x41, 0x00, 0x00, 0x00, 0x02, 0x91, 0x6c, 0x02, 0x6a, 0x00,
  0xb2, 0x09, 0x41, 0x00, 0x00, 0x00, 0x02, 0x91, 0x68, 0x00, 0x0d, 0xb5,
  0x00, 0x00, 0x00, 0x77, 0x01, 0x00, 0x00, 0x0e, 0x8d, 0x00, 0x00, 0x00,
  0x14, 0x00, 0x0f, 0x63, 0x00, 0x00, 0x00, 0xa9, 0x2e, 0x08, 0x00, 0x08,
  0x00, 0x00, 0x00, 0x00, 0x20, 0x00, 0x00, 0x00, 0x00, 0x00, 0x00, 0x00,
  0x01, 0x9c, 0xb0, 0x01, 0x00, 0x00, 0x01, 0x63, 0x6f, 0x6c, 0x00, 0xa9,
  0x16, 0x41, 0x00, 0x00, 0x00, 0x02, 0x91, 0x6c, 0x01, 0x72, 0x6f, 0x77,
  0x00, 0xa9, 0x1f, 0x41, 0x00, 0x00, 0x00, 0x02, 0x91, 0x68, 0x00, 0x0f,
  0x3e, 0x01, 0x00, 0x00, 0xa3, 0xf6, 0x07, 0x00, 0x08, 0x00, 0x00, 0x00,
  0x00, 0x38, 0x00, 0x00, 0x00, 0x00, 0x00, 0x00, 0x00, 0x01, 0x9c, 0xe9,
  0x01, 0x00, 0x00, 0x01, 0x73, 0x74, 0x72, 0x00, 0xa3, 0x1d, 0xb0, 0x00,
  0x00, 0x00, 0x02, 0x91, 0x58, 0x02, 0x6c, 0x65, 0x6e, 0x00, 0xa4, 0x0e,
  0x6e, 0x00, 0x00, 0x00, 0x02, 0x91, 0x6c, 0x00, 0x04, 0x31, 0x00, 0x00,
  0x00, 0x90, 0x05, 0x41, 0x00, 0x00, 0x00, 0x5c, 0x07, 0x00, 0x08, 0x00,
  0x00, 0x00, 0x00, 0x9a, 0x00, 0x00, 0x00, 0x00, 0x00, 0x00, 0x00, 0x01,
  0x9c, 0x41, 0x02, 0x00, 0x00, 0x01, 0x73, 0x74, 0x72, 0x00, 0x90, 0x21,
  0xb0, 0x00, 0x00, 0x00, 0x02, 0x91, 0x58, 0x05, 0x00, 0x00, 0x00, 0x00,
  0x91, 0x09, 0x41, 0x00, 0x00, 0x00, 0x02, 0x91, 0x6c, 0x05, 0x79, 0x01,
  0x00, 0x00, 0x92, 0x09, 0x41, 0x00, 0x00, 0x00, 0x02, 0x91, 0x68, 0x02,
  0x69, 0x00, 0x93, 0x09, 0x41, 0x00, 0x00, 0x00, 0x02, 0x91, 0x64, 0x00,
  0x0b, 0x18, 0x00, 0x00, 0x00, 0x86, 0xfb, 0x06, 0x00, 0x08, 0x00, 0x00,
  0x00, 0x00, 0x61, 0x00, 0x00, 0x00, 0x00, 0x00, 0x00, 0x00, 0x01, 0x9c,
  0xa6, 0x02, 0x00, 0x00, 0x01, 0x76, 0x61, 0x6c, 0x00, 0x86, 0x1f, 0x81,
  0x00, 0x00, 0x00, 0x02, 0x91, 0x58, 0x01, 0x62, 0x75, 0x66, 0x00, 0x86,
  0x2a, 0xc6, 0x00, 0x00, 0x00, 0x02, 0x91, 0x50, 0x05, 0x9e, 0x00, 0x00,
  0x00, 0x87, 0x11, 0xb0, 0x00, 0x00, 0x00, 0x02, 0x91, 0x60, 0x09, 0x13,
  0x07, 0x00, 0x08, 0x00, 0x00, 0x00, 0x00, 0x3b, 0x00, 0x00, 0x00, 0x00,
  0x00, 0x00, 0x00, 0x02, 0x69, 0x00, 0x88, 0x0e, 0x41, 0x00, 0x00, 0x00,
  0x02, 0x91, 0x6c, 0x00, 0x00, 0x0b, 0xf8, 0x00, 0x00, 0x00, 0x69, 0xe6,
  0x05, 0x00, 0x08, 0x00, 0x00, 0x00, 0x00, 0x15, 0x01, 0x00, 0x00, 0x00,
  0x00, 0x00, 0x00, 0x01, 0x9c, 0x23, 0x03, 0x00, 0x00, 0x01, 0x6e, 0x00,
  0x69, 0x1a, 0x41, 0x00, 0x00, 0x00, 0x02, 0x91, 0x4c, 0x01, 0x73, 0x74,
  0x72, 0x00, 0x69, 0x23, 0xc6, 0x00, 0x00, 0x00, 0x02, 0x91, 0x40, 0x02,
  0x69, 0x00, 0x6a, 0x09, 0x41, 0x00, 0x00, 0x00, 0x02, 0x91, 0x6c, 0x05,
  0xbd, 0x00, 0x00, 0x00, 0x6b, 0x09, 0x41, 0x00, 0x00, 0x00, 0x02, 0x91,
  0x68, 0x09, 0x34, 0x06, 0x00, 0x08, 0x00, 0x00, 0x00, 0x00, 0xb4, 0x00,
  0x00, 0x00, 0x00, 0x00, 0x00, 0x00, 0x05, 0x41, 0x00, 0x00, 0x00, 0x75,
  0x0e, 0x23, 0x03, 0x00, 0x00, 0x02, 0x91, 0x50, 0x02, 0x6a, 0x00, 0x76,
  0x0d, 0x41, 0x00, 0x00, 0x00, 0x02, 0x91, 0x64, 0x00, 0x00, 0x0d, 0xb5,
  0x00, 0x00, 0x00, 0x33, 0x03, 0x00, 0x00, 0x0e, 0x8d, 0x00, 0x00, 0x00,
  0x0f, 0x00, 0x04, 0x92, 0x00, 0x00, 0x00, 0x60, 0x07, 0xae, 0x00, 0x00,
  0x00, 0x9c, 0x05, 0x00, 0x08, 0x00, 0x00, 0x00, 0x00, 0x4a, 0x00, 0x00,
  0x00, 0x00, 0x00, 0x00, 0x00, 0x01, 0x9c, 0xa3, 0x03, 0x00, 0x00, 0x01,
  0x73, 0x00, 0x60, 0x19, 0xae, 0x00, 0x00, 0x00, 0x02, 0x91, 0x58, 0x01,
  0x63, 0x00, 0x60, 0x20, 0x41, 0x00, 0x00, 0x00, 0x02, 0x91, 0x54, 0x01,
  0x6e, 0x00, 0x60, 0x2a, 0x94, 0x00, 0x00, 0x00, 0x02, 0x91, 0x48, 0x02,
  0x70, 0x00, 0x61, 0x0e, 0xc1, 0x00, 0x00, 0x00, 0x02, 0x91, 0x60, 0x09,
  0xb7, 0x05, 0x00, 0x08, 0x00, 0x00, 0x00, 0x00, 0x29, 0x00, 0x00, 0x00,
  0x00, 0x00, 0x00, 0x00, 0x02, 0x69, 0x00, 0x62, 0x11, 0x94, 0x00, 0x00,
  0x00, 0x02, 0x91, 0x68, 0x00, 0x00, 0x04, 0x0c, 0x00, 0x00, 0x00, 0x56,
  0x07, 0xae, 0x00, 0x00, 0x00, 0x3e, 0x05, 0x00, 0x08, 0x00, 0x00, 0x00,
  0x00, 0x5e, 0x00, 0x00, 0x00, 0x00, 0x00, 0x00, 0x00, 0x01, 0x9c, 0x24,
  0x04, 0x00, 0x00, 0x06, 0x07, 0x00, 0x00, 0x00, 0x56, 0x19, 0xae, 0x00,
  0x00, 0x00, 0x02, 0x91, 0x48, 0x01, 0x73, 0x72, 0x63, 0x00, 0x56, 0x2b,
  0x02, 0x01, 0x00, 0x00, 0x02, 0x91, 0x40, 0x01, 0x6e, 0x00, 0x56, 0x37,
  0x94, 0x00, 0x00, 0x00, 0x03, 0x91, 0xb8, 0x7f, 0x02, 0x64, 0x00, 0x57,
  0x0e, 0xc1, 0x00, 0x00, 0x00, 0x02, 0x91, 0x60, 0x02, 0x73, 0x00, 0x58,
  0x14, 0x24, 0x04, 0x00, 0x00, 0x02, 0x91, 0x58, 0x09, 0x62, 0x05, 0x00,
  0x08, 0x00, 0x00, 0x00, 0x00, 0x34, 0x00, 0x00, 0x00, 0x00, 0x00, 0x00,
  0x00, 0x02, 0x69, 0x00, 0x59, 0x11, 0x94, 0x00, 0x00, 0x00, 0x02, 0x91,
  0x68, 0x00, 0x00, 0x07, 0x5b, 0x00, 0x00, 0x00, 0x04, 0x7e, 0x01, 0x00,
  0x00, 0x45, 0x07, 0xc6, 0x00, 0x00, 0x00, 0x9f, 0x04, 0x00, 0x08, 0x00,
  0x00, 0x00, 0x00, 0x9f, 0x00, 0x00, 0x00, 0x00, 0x00, 0x00, 0x00, 0x01,
  0x9c, 0x91, 0x04, 0x00, 0x00, 0x06, 0x49, 0x01, 0x00, 0x00, 0x45, 0x1f,
  0xb0, 0x00, 0x00, 0x00, 0x02, 0x91, 0x58, 0x06, 0xa8, 0x00, 0x00, 0x00,
  0x45, 0x35, 0xb0, 0x00, 0x00, 0x00, 0x02, 0x91, 0x50, 0x09, 0xd2, 0x04,
  0x00, 0x08, 0x00, 0x00, 0x00, 0x00, 0x55, 0x00, 0x00, 0x00, 0x00, 0x00,
  0x00, 0x00, 0x02, 0x68, 0x00, 0x49, 0x19, 0xb0, 0x00, 0x00, 0x00, 0x02,
  0x91, 0x68, 0x02, 0x6e, 0x00, 0x4a, 0x19, 0xb0, 0x00, 0x00, 0x00, 0x02,
  0x91, 0x60, 0x00, 0x00, 0x04, 0x7a, 0x00, 0x00, 0x00, 0x3b, 0x05, 0x41,
  0x00, 0x00, 0x00, 0x3c, 0x04, 0x00, 0x08, 0x00, 0x00, 0x00, 0x00, 0x63,
  0x00, 0x00, 0x00, 0x00, 0x00, 0x00, 0x00, 0x01, 0x9c, 0xdb, 0x04, 0x00,
  0x00, 0x01, 0x73, 0x74, 0x72, 0x00, 0x3b, 0x21, 0xb0, 0x00, 0x00, 0x00,
  0x02, 0x91, 0x58, 0x06, 0xc9, 0x00, 0x00, 0x00, 0x3b, 0x32, 0xb0, 0x00,
  0x00, 0x00, 0x02, 0x91, 0x50, 0x02, 0x69, 0x00, 0x3c, 0x09, 0x41, 0x00,
  0x00, 0x00, 0x02, 0x91, 0x6c, 0x00, 0x16, 0x57, 0x00, 0x00, 0x00, 0x01,
  0x2f, 0x07, 0xc6, 0x00, 0x00, 0x00, 0xb8, 0x03, 0x00, 0x08, 0x00, 0x00,
  0x00, 0x00, 0x84, 0x00, 0x00, 0x00, 0x00, 0x00, 0x00, 0x00, 0x01, 0x9c,
  0x34, 0x05, 0x00, 0x00, 0x06, 0x07, 0x00, 0x00, 0x00, 0x2f, 0x19, 0xc6,
  0x00, 0x00, 0x00, 0x02, 0x91, 0x58, 0x01, 0x73, 0x72, 0x63, 0x00, 0x2f,
  0x2b, 0xb0, 0x00, 0x00, 0x00, 0x02, 0x91, 0x50, 0x05, 0x70, 0x01, 0x00,
  0x00, 0x30, 0x0c, 0x94, 0x00, 0x00, 0x00, 0x02, 0x91, 0x60, 0x02, 0x69,
  0x00, 0x31, 0x09, 0x41, 0x00, 0x00, 0x00, 0x02, 0x91, 0x6c, 0x00, 0x04,
  0xd0, 0x00, 0x00, 0x00, 0x24, 0x07, 0xc6, 0x00, 0x00, 0x00, 0x52, 0x03,
  0x00, 0x08, 0x00, 0x00, 0x00, 0x00, 0x66, 0x00, 0x00, 0x00, 0x00, 0x00,
  0x00, 0x00, 0x01, 0x9c, 0x7e, 0x05, 0x00, 0x00, 0x06, 0x07, 0x00, 0x00,
  0x00, 0x24, 0x19, 0xc6, 0x00, 0x00, 0x00, 0x02, 0x91, 0x58, 0x01, 0x73,
  0x72, 0x63, 0x00, 0x24, 0x2b, 0xb0, 0x00, 0x00, 0x00, 0x02, 0x91, 0x50,
  0x02, 0x69, 0x00, 0x25, 0x09, 0x41, 0x00, 0x00, 0x00, 0x02, 0x91, 0x6c,
  0x00, 0x04, 0x01, 0x02, 0x00, 0x00, 0x19, 0x05, 0x41, 0x00, 0x00, 0x00,
  0xb1, 0x02, 0x00, 0x08, 0x00, 0x00, 0x00, 0x00, 0xa1, 0x00, 0x00, 0x00,
  0x00, 0x00, 0x00, 0x00, 0x01, 0x9c, 0xd2, 0x05, 0x00, 0x00, 0x01, 0x73,
  0x31, 0x00, 0x19, 0x1e, 0xb0, 0x00, 0x00, 0x00, 0x02, 0x91, 0x58, 0x01,
  0x73, 0x32, 0x00, 0x19, 0x2e, 0xb0, 0x00, 0x00, 0x00, 0x02, 0x91, 0x50,
  0x01, 0x6e, 0x00, 0x19, 0x36, 0x41, 0x00, 0x00, 0x00, 0x02, 0x91, 0x4c,
  0x02, 0x69, 0x00, 0x1b, 0x09, 0x41, 0x00, 0x00, 0x00, 0x02, 0x91, 0x6c,
  0x00, 0x04, 0x52, 0x01, 0x00, 0x00, 0x0f, 0x05, 0x41, 0x00, 0x00, 0x00,
  0x29, 0x02, 0x00, 0x08, 0x00, 0x00, 0x00, 0x00, 0x88, 0x00, 0x00, 0x00,
  0x00, 0x00, 0x00, 0x00, 0x01, 0x9c, 0x1a, 0x06, 0x00, 0x00, 0x01, 0x73,
  0x31, 0x00, 0x0f, 0x1d, 0xb0, 0x00, 0x00, 0x00, 0x02, 0x91, 0x58, 0x01,
  0x73, 0x32, 0x00, 0x0f, 0x2d, 0xb0, 0x00, 0x00, 0x00, 0x02, 0x91, 0x50,
  0x02, 0x69, 0x00, 0x10, 0x09, 0x41, 0x00, 0x00, 0x00, 0x02, 0x91, 0x6c,
  0x00, 0x17, 0x32, 0x01, 0x00, 0x00, 0x01, 0x08, 0x08, 0x94, 0x00, 0x00,
  0x00, 0xf6, 0x01, 0x00, 0x08, 0x00, 0x00, 0x00, 0x00, 0x33, 0x00, 0x00,
  0x00, 0x00, 0x00, 0x00, 0x00, 0x01, 0x9c, 0x01, 0x73, 0x74, 0x72, 0x00,
  0x08, 0x20, 0xb0, 0x00, 0x00, 0x00, 0x02, 0x91, 0x58, 0x02, 0x6c, 0x65,
  0x6e, 0x00, 0x09, 0x0c, 0x94, 0x00, 0x00, 0x00, 0x02, 0x91, 0x68, 0x00,
  0x00, 0xf9, 0x00, 0x00, 0x00, 0x05, 0x00, 0x01, 0x08, 0x82, 0x01, 0x00,
  0x00, 0x05, 0x8a, 0x01, 0x00, 0x00, 0x1d, 0x03, 0x47, 0x16, 0x03, 0x00,
  0xa5, 0x00, 0x00, 0x00, 0x10, 0x00, 0x00, 0x00, 0x2d, 0x09, 0x00, 0x08,
  0x00, 0x00, 0x00, 0x00, 0xa6, 0x00, 0x00, 0x00, 0x00, 0x00, 0x00, 0x00,
  0xe6, 0x03, 0x00, 0x00, 0x01, 0x01, 0x06, 0x0a, 0x01, 0x00, 0x00, 0x01,
  0x02, 0x05, 0x46, 0x00, 0x00, 0x00, 0x06, 0x04, 0x05, 0x69, 0x6e, 0x74,
  0x00, 0x01, 0x08, 0x05, 0xb4, 0x00, 0x00, 0x00, 0x01, 0x01, 0x08, 0x08,
  0x01, 0x00, 0x00, 0x01, 0x02, 0x07, 0x1f, 0x01, 0x00, 0x00, 0x01, 0x04,
  0x07, 0x63, 0x01, 0x00, 0x00, 0x01, 0x08, 0x07, 0x5e, 0x01, 0x00, 0x00,
  0x01, 0x01, 0x06, 0x11, 0x01, 0x00, 0x00, 0x07, 0x6b, 0x00, 0x00, 0x00,
  0x08, 0x1a, 0x02, 0x00, 0x00, 0x02, 0x95, 0x06, 0x89, 0x00, 0x00, 0x00,
  0x03, 0x41, 0x00, 0x00, 0x00, 0x00, 0x09, 0x24, 0x02, 0x00, 0x00, 0x02,
  0x9d, 0x06, 0x9b, 0x00, 0x00, 0x00, 0x03, 0x9b, 0x00, 0x00, 0x00, 0x00,
  0x02, 0x72, 0x00, 0x00, 0x00, 0x0a, 0x2f, 0x02, 0x00, 0x00, 0x01, 0x04,
  0x06, 0x2d, 0x09, 0x00, 0x08, 0x00, 0x00, 0x00, 0x00, 0xa6, 0x00, 0x00,
  0x00, 0x00, 0x00, 0x00, 0x00, 0x01, 0x9c, 0xe6, 0x00, 0x00, 0x00, 0x04,
  0x36, 0x02, 0x00, 0x00, 0x11, 0x41, 0x00, 0x00, 0x00, 0x02, 0x91, 0x5c,
  0x04, 0x3b, 0x02, 0x00, 0x00, 0x1e, 0xe6, 0x00, 0x00, 0x00, 0x02, 0x91,
  0x50, 0x0b, 0x73, 0x00, 0x01, 0x09, 0x0a, 0xf0, 0x00, 0x00, 0x00, 0x02,
  0x91, 0x6c, 0x00, 0x02, 0xeb, 0x00, 0x00, 0x00, 0x02, 0x6b, 0x00, 0x00,
  0x00, 0x0c, 0x6b, 0x00, 0x00, 0x00, 0x0d, 0x64, 0x00, 0x00, 0x00, 0x03,
  0x00, 0x00, 0x01, 0x05, 0x00, 0x03, 0x08, 0x3a, 0x21, 0x01, 0x3b, 0x0b,
  0x39, 0x0b, 0x49, 0x13, 0x02, 0x18, 0x00, 0x00, 0x02, 0x34, 0x00, 0x03,
  0x08, 0x3a, 0x21, 0x01, 0x3b, 0x0b, 0x39, 0x0b, 0x49, 0x13, 0x02, 0x18,
  0x00, 0x00, 0x03, 0x24, 0x00, 0x0b, 0x0b, 0x3e, 0x0b, 0x03, 0x0e, 0x00,
  0x00, 0x04, 0x2e, 0x01, 0x3f, 0x19, 0x03, 0x0e, 0x3a, 0x21, 0x01, 0x3b,
  0x0b, 0x39, 0x0b, 0x27, 0x19, 0x49, 0x13, 0x11, 0x01, 0x12, 0x07, 0x40,
  0x18, 0x7a, 0x19, 0x01, 0x13, 0x00, 0x00, 0x05, 0x34, 0x00, 0x03, 0x0e,
  0x3a, 0x21, 0x01, 0x3b, 0x0b, 0x39, 0x0b, 0x49, 0x13, 0x02, 0x18, 0x00,
  0x00, 0x06, 0x05, 0x00, 0x03, 0x0e, 0x3a, 0x21, 0x01, 0x3b, 0x0b, 0x39,
  0x0b, 0x49, 0x13, 0x02, 0x18, 0x00, 0x00, 0x07, 0x0f, 0x00, 0x0b, 0x21,
  0x08, 0x49, 0x13, 0x00, 0x00, 0x08, 0x05, 0x00, 0x49, 0x13, 0x00, 0x00,
  0x09, 0x0b, 0x01, 0x11, 0x01, 0x12, 0x07, 0x00, 0x00, 0x0a, 0x16, 0x00,
  0x03, 0x0e, 0x3a, 0x0b, 0x3b, 0x0b, 0x39, 0x0b, 0x49, 0x13, 0x00, 0x00,
  0x0b, 0x2e, 0x01, 0x3f, 0x19, 0x03, 0x0e, 0x3a, 0x21, 0x01, 0x3b, 0x0b,
  0x39, 0x21, 0x06, 0x27, 0x19, 0x11, 0x01, 0x12, 0x07, 0x40, 0x18, 0x7a,
  0x19, 0x01, 0x13, 0x00, 0x00, 0x0c, 0x26, 0x00, 0x49, 0x13, 0x00, 0x00,
  0x0d, 0x01, 0x01, 0x49, 0x13, 0x01, 0x13, 0x00, 0x00, 0x0e, 0x21, 0x00,
  0x49, 0x13, 0x2f, 0x0b, 0x00, 0x00, 0x0f, 0x2e, 0x01, 0x3f, 0x19, 0x03,
  0x0e, 0x3a, 0x21, 0x01, 0x3b, 0x0b, 0x39, 0x21, 0x06, 0x27, 0x19, 0x11,
  0x01, 0x12, 0x07, 0x40, 0x18, 0x7c, 0x19, 0x01, 0x13, 0x00, 0x00, 0x10,
  0x11, 0x01, 0x25, 0x0e, 0x13, 0x0b, 0x90, 0x01, 0x0b, 0x91, 0x01, 0x06,
  0x03, 0x1f, 0x1b, 0x1f, 0x11, 0x01, 0x12, 0x07, 0x10, 0x17, 0x00, 0x00,
  0x11, 0x24, 0x00, 0x0b, 0x0b, 0x3e, 0x0b, 0x03, 0x08, 0x00, 0x00, 0x12,
  0x0f, 0x00, 0x0b, 0x0b, 0x00, 0x00, 0x13, 0x2e, 0x01, 0x3f, 0x19, 0x03,
  0x0e, 0x3a, 0x0b, 0x3b, 0x0b, 0x39, 0x0b, 0x27, 0x19, 0x3c, 0x19, 0x01,
  0x13, 0x00, 0x00, 0x14, 0x2e, 0x01, 0x3f, 0x19, 0x03, 0x0e, 0x3a, 0x0b,
  0x3b, 0x0b, 0x39, 0x0b, 0x27, 0x19, 0x49, 0x13, 0x3c, 0x19, 0x01, 0x13,
  0x00, 0x00, 0x15, 0x26, 0x00, 0x00, 0x00, 0x16, 0x2e, 0x01, 0x3f, 0x19,
  0x03, 0x0e, 0x3a, 0x0b, 0x3b, 0x0b, 0x39, 0x0b, 0x27, 0x19, 0x49, 0x13,
  0x11, 0x01, 0x12, 0x07, 0x40, 0x18, 0x7c, 0x19, 0x01, 0x13, 0x00, 0x00,
  0x17, 0x2e, 0x01, 0x3f, 0x19, 0x03, 0x0e, 0x3a, 0x0b, 0x3b, 0x0b, 0x39,
  0x0b, 0x27, 0x19, 0x49, 0x13, 0x11, 0x01, 0x12, 0x07, 0x40, 0x18, 0x7a,
  0x19, 0x00, 0x00, 0x00, 0x01, 0x24, 0x00, 0x0b, 0x0b, 0x3e, 0x0b, 0x03,
  0x0e, 0x00, 0x00, 0x02, 0x0f, 0x00, 0x0b, 0x21, 0x08, 0x49, 0x13, 0x00,
  0x00, 0x03, 0x05, 0x00, 0x49, 0x13, 0x00, 0x00, 0x04, 0x05, 0x00, 0x03,
  0x0e, 0x3a, 0x21, 0x01, 0x3b, 0x21, 0x04, 0x39, 0x0b, 0x49, 0x13, 0x02,
  0x18, 0x00, 0x00, 0x05, 0x11, 0x01, 0x25, 0x0e, 0x13, 0x0b, 0x90, 0x01,
  0x0b, 0x91, 0x01, 0x06, 0x03, 0x1f, 0x1b, 0x1f, 0x11, 0x01, 0x12, 0x07,
  0x10, 0x17, 0x00, 0x00, 0x06, 0x24, 0x00, 0x0b, 0x0b, 0x3e, 0x0b, 0x03,
  0x08, 0x00, 0x00, 0x07, 0x26, 0x00, 0x49, 0x13, 0x00, 0x00, 0x08, 0x2e,
  0x01, 0x3f, 0x19, 0x03, 0x0e, 0x3a, 0x0b, 0x3b, 0x0b, 0x39, 0x0b, 0x27,
  0x19, 0x87, 0x01, 0x19, 0x3c, 0x19, 0x01, 0x13, 0x00, 0x00, 0x09, 0x2e,
  0x01, 0x3f, 0x19, 0x03, 0x0e, 0x3a, 0x0b, 0x3b, 0x0b, 0x39, 0x0b, 0x27,
  0x19, 0x3c, 0x19, 0x01, 0x13, 0x00, 0x00, 0x0a, 0x2e, 0x01, 0x3f, 0x19,
  0x03, 0x0e, 0x3a, 0x0b, 0x3b, 0x0b, 0x39, 0x0b, 0x27, 0x19, 0x11, 0x01,
  0x12, 0x07, 0x40, 0x18, 0x7c, 0x19, 0x01, 0x13, 0x00, 0x00, 0x0b, 0x34,
  0x00, 0x03, 0x08, 0x3a, 0x0b, 0x3b, 0x0b, 0x39, 0x0b, 0x49, 0x13, 0x02,
  0x18, 0x00, 0x00, 0x0c, 0x01, 0x01, 0x49, 0x13, 0x00, 0x00, 0x0d, 0x21,
  0x00, 0x49, 0x13, 0x2f, 0x0b, 0x00, 0x00, 0x00, 0x2c, 0x00, 0x00, 0x00,
  0x02, 0x00, 0x00, 0x00, 0x00, 0x00, 0x08, 0x00, 0x00, 0x00, 0x00, 0x00,
  0xf6, 0x01, 0x00, 0x08, 0x00, 0x00, 0x00, 0x00, 0x37, 0x07, 0x00, 0x00,
  0x00, 0x00, 0x00, 0x00, 0x00, 0x00, 0x00, 0x00, 0x00, 0x00, 0x00, 0x00,
  0x00, 0x00, 0x00, 0x00, 0x00, 0x00, 0x00, 0x00, 0x2c, 0x00, 0x00, 0x00,
  0x02, 0x00, 0x56, 0x06, 0x00, 0x00, 0x08, 0x00, 0x00, 0x00, 0x00, 0x00,
  0x2d, 0x09, 0x00, 0x08, 0x00, 0x00, 0x00, 0x00, 0xa6, 0x00, 0x00, 0x00,
  0x00, 0x00, 0x00, 0x00, 0x00, 0x00, 0x00, 0x00, 0x00, 0x00, 0x00, 0x00,
  0x00, 0x00, 0x00, 0x00, 0x00, 0x00, 0x00, 0x00, 0xe2, 0x03, 0x00, 0x00,
  0x05, 0x00, 0x08, 0x00, 0x45, 0x00, 0x00, 0x00, 0x01, 0x01, 0x01, 0xfb,
  0x0e, 0x0d, 0x00, 0x01, 0x01, 0x01, 0x01, 0x00, 0x00, 0x00, 0x01, 0x00,
  0x00, 0x01, 0x01, 0x01, 0x1f, 0x04, 0x10, 0x00, 0x00, 0x00, 0x2d, 0x00,
  0x00, 0x00, 0x36, 0x00, 0x00, 0x00, 0x5f, 0x00, 0x00, 0x00, 0x02, 0x01,
  0x1f, 0x02, 0x0f, 0x05, 0x09, 0x00, 0x00, 0x00, 0x01, 0x09, 0x00, 0x00,
  0x00, 0x01, 0x85, 0x00, 0x00, 0x00, 0x02, 0x92, 0x00, 0x00, 0x00, 0x02,
  0x9b, 0x00, 0x00, 0x00, 0x03, 0x05, 0x25, 0x00, 0x09, 0x02, 0xf6, 0x01,
  0x00, 0x08, 0x00, 0x00, 0x00, 0x00, 0x19, 0x05, 0x0c, 0xbb, 0x05, 0x0b,
  0x83, 0x05, 0x21, 0x00, 0x02, 0x04, 0x02, 0x2e, 0x05, 0x0f, 0x00, 0x02,
  0x04, 0x01, 0x58, 0x05, 0x15, 0x00, 0x02, 0x04, 0x01, 0xd6, 0x05, 0x0c,
  0x4b, 0x05, 0x01, 0x4b, 0x05, 0x31, 0x31, 0x05, 0x09, 0xf3, 0x05, 0x0b,
  0x75, 0x05, 0x0f, 0x2f, 0x05, 0x0c, 0xf2, 0x05, 0x23, 0x00, 0x02, 0x04,
  0x01, 0x4a, 0x06, 0x58, 0x05, 0x0a, 0x06, 0x2f, 0x05, 0x0e, 0x48, 0x05,
  0x17, 0xf2, 0x05, 0x12, 0xf2, 0x05, 0x0e, 0x4e, 0x05, 0x16, 0x08, 0x2e,
  0x05, 0x12, 0x08, 0x2e, 0x05, 0x01, 0x2f, 0x05, 0x39, 0x4d, 0x05, 0x08,
  0x08, 0x2f, 0x05, 0x18, 0x00, 0x02, 0x04, 0x01, 0x66, 0x06, 0x58, 0x05,
  0x09, 0x06, 0x2f, 0x05, 0x0b, 0x75, 0x05, 0x0f, 0x2f, 0x05, 0x0c, 0xf2,
  0x05, 0x23, 0x00, 0x02, 0x04, 0x01, 0x4a, 0x06, 0x58, 0x05, 0x0a, 0x06,
  0x2f, 0x05, 0x0e, 0x48, 0x05, 0x17, 0xf2, 0x05, 0x1b, 0xf2, 0x05, 0x24,
  0x00, 0x02, 0x04, 0x01, 0x4a, 0x05, 0x1b, 0x00, 0x02, 0x04, 0x01, 0x66,
  0x05, 0x0e, 0x5c, 0x05, 0x16, 0x08, 0x2e, 0x05, 0x12, 0x08, 0x2e, 0x05,
  0x01, 0x2f, 0x05, 0x30, 0x31, 0x05, 0x09, 0xf3, 0x05, 0x0b, 0x75, 0x05,
  0x16, 0x2f, 0x05, 0x0d, 0xc8, 0x05, 0x16, 0xc8, 0x05, 0x11, 0x3c, 0x05,
  0x0a, 0x2f, 0x05, 0x0f, 0x48, 0x05, 0x13, 0xf2, 0x05, 0x09, 0x4e, 0x05,
  0x0d, 0xc8, 0x05, 0x0c, 0x3d, 0x05, 0x01, 0x4b, 0x05, 0x30, 0x31, 0x05,
  0x17, 0xf3, 0x05, 0x09, 0xf3, 0x05, 0x0b, 0x75, 0x05, 0x21, 0x2f, 0x05,
  0x17, 0xc8, 0x05, 0x0d, 0xc8, 0x05, 0x21, 0x74, 0x05, 0x1c, 0x3c, 0x05,
  0x0a, 0x2f, 0x05, 0x0f, 0x48, 0x05, 0x13, 0xf2, 0x4e, 0x05, 0x09, 0xc8,
  0x05, 0x18, 0x74, 0x05, 0x0c, 0x3d, 0x05, 0x01, 0x4b, 0x05, 0x3a, 0x31,
  0x05, 0x09, 0xf3, 0x05, 0x0b, 0x75, 0x05, 0x10, 0x2f, 0x05, 0x1d, 0xf2,
  0x05, 0x0c, 0xf2, 0x05, 0x29, 0x00, 0x02, 0x04, 0x01, 0x4a, 0x06, 0x58,
  0x05, 0x0a, 0x06, 0x2f, 0x05, 0x12, 0x48, 0x05, 0x16, 0xf2, 0x05, 0x0c,
  0x4e, 0x05, 0x01, 0x59, 0x05, 0x3d, 0x31, 0x05, 0x0a, 0xf3, 0x05, 0x08,
  0x74, 0x05, 0x1a, 0x00, 0x02, 0x04, 0x01, 0x4a, 0x06, 0x4a, 0x05, 0x0d,
  0x06, 0x30, 0x05, 0x1a, 0x74, 0x05, 0x0c, 0x74, 0x05, 0x19, 0x4b, 0x83,
  0x05, 0x13, 0x83, 0x05, 0x12, 0x2f, 0x59, 0x05, 0x14, 0x56, 0x05, 0x1d,
  0x74, 0x05, 0x1a, 0x00, 0x02, 0x04, 0x01, 0x4a, 0x05, 0x17, 0x00, 0x02,
  0x04, 0x01, 0x74, 0x05, 0x20, 0x00, 0x02, 0x04, 0x02, 0x4a, 0x05, 0x26,
  0x00, 0x02, 0x04, 0x02, 0x74, 0x05, 0x1d, 0x00, 0x02, 0x04, 0x02, 0x74,
  0x05, 0x12, 0x4e, 0x05, 0x10, 0x74, 0x05, 0x1d, 0x00, 0x02, 0x04, 0x01,
  0x4a, 0x06, 0x4a, 0x05, 0x1f, 0x06, 0x03, 0x78, 0x2e, 0x05, 0x0c, 0x00,
  0x02, 0x04, 0x01, 0x58, 0x03, 0x0b, 0xac, 0x05, 0x01, 0x59, 0x05, 0x3a,
  0x31, 0x05, 0x0e, 0x08, 0x3d, 0x05, 0x14, 0x83, 0x05, 0x11, 0x83, 0x05,
  0x05, 0x82, 0x05, 0x11, 0x2f, 0x05, 0x0a, 0xac, 0x05, 0x11, 0xac, 0x05,
  0x0e, 0x3c, 0x05, 0x20, 0x00, 0x02, 0x04, 0x03, 0x2d, 0x05, 0x1a, 0x00,
  0x02, 0x04, 0x01, 0x58, 0x05, 0x0c, 0xa1, 0x05, 0x01, 0x4b, 0x05, 0x2d,
  0x31, 0x05, 0x0e, 0x08, 0x2f, 0x05, 0x11, 0x83, 0x05, 0x05, 0x82, 0x05,
  0x0a, 0x2f, 0x05, 0x10, 0xac, 0x05, 0x0e, 0x3c, 0x05, 0x20, 0x00, 0x02,
  0x04, 0x03, 0x2d, 0x05, 0x1a, 0x00, 0x02, 0x04, 0x01, 0x58, 0x05, 0x0c,
  0xa1, 0x05, 0x01, 0x4b, 0x05, 0x28, 0x31, 0x05, 0x09, 0xe5, 0x75, 0x05,
  0x08, 0x76, 0x05, 0x15, 0x67, 0x05, 0x0b, 0x75, 0x05, 0x08, 0x3f, 0x05,
  0x0e, 0x67, 0x05, 0x0c, 0xba, 0x05, 0x12, 0x74, 0x05, 0x0d, 0x85, 0x05,
  0x0f, 0x75, 0x05, 0x22, 0x2f, 0x05, 0x1d, 0x02, 0x2a, 0x12, 0x05, 0x13,
  0x58, 0x05, 0x1d, 0x90, 0x05, 0x17, 0x2e, 0x05, 0x0f, 0x67, 0x05, 0x12,
  0x08, 0xc6, 0x05, 0x0c, 0x6a, 0x05, 0x12, 0x67, 0x05, 0x10, 0xba, 0x05,
  0x16, 0x74, 0x05, 0x0f, 0x3e, 0x05, 0x16, 0x2f, 0x05, 0x12, 0x4a, 0x05,
  0x10, 0xba, 0x05, 0x1c, 0x74, 0x05, 0x16, 0x9e, 0x05, 0x12, 0x2d, 0x05,
  0x08, 0x6a, 0x05, 0x0c, 0xc8, 0x05, 0x01, 0x3d, 0x05, 0x2f, 0x3f, 0x05,
  0x11, 0xf3, 0x05, 0x0e, 0x83, 0x05, 0x05, 0x74, 0x05, 0x20, 0x2f, 0x05,
  0x1b, 0x9e, 0x05, 0x0c, 0x74, 0x05, 0x1b, 0xc8, 0x05, 0x10, 0x3c, 0x05,
  0x0d, 0x2f, 0x05, 0x1f, 0x00, 0x02, 0x04, 0x03, 0x56, 0x05, 0x18, 0x00,
  0x02, 0x04, 0x01, 0x4a, 0x05, 0x08, 0x6a, 0x05, 0x0d, 0x82, 0x05, 0x01,
  0x3d, 0x05, 0x26, 0x3f, 0x05, 0x09, 0xbb, 0x75, 0x75, 0x05, 0x0c, 0x76,
  0x05, 0x08, 0x74, 0x05, 0x0e, 0x4b, 0x05, 0x0b, 0x75, 0x77, 0x05, 0x19,
  0x2f, 0x05, 0x24, 0xd6, 0x05, 0x28, 0x08, 0x2e, 0x05, 0x10, 0x3c, 0x05,
  0x0a, 0x59, 0x05, 0x0f, 0x48, 0x05, 0x1a, 0xf2, 0x05, 0x20, 0x00, 0x02,
  0x04, 0x01, 0x4a, 0x05, 0x1a, 0x00, 0x02, 0x04, 0x01, 0xf2, 0x05, 0x13,
  0x4f, 0x05, 0x01, 0x75, 0x05, 0x22, 0x31, 0x05, 0x1e, 0xbb, 0x05, 0x0e,
  0x00, 0x02, 0x04, 0x01, 0xba, 0x05, 0x08, 0x3d, 0x05, 0x12, 0x00, 0x02,
  0x04, 0x01, 0x66, 0x05, 0x01, 0x08, 0x3d, 0x05, 0x24, 0x3f, 0x05, 0x05,
  0xd7, 0x05, 0x01, 0xe5, 0x05, 0x2f, 0x3f, 0x05, 0x08, 0xf3, 0x05, 0x1b,
  0x00, 0x02, 0x04, 0x01, 0x74, 0x05, 0x24, 0x00, 0x02, 0x04, 0x01, 0x74,
  0x05, 0x27, 0x00, 0x02, 0x04, 0x01, 0x82, 0x05, 0x2e, 0x3c, 0x05, 0x17,
  0x59, 0x05, 0x0b, 0x75, 0x05, 0x2d, 0x00, 0x02, 0x04, 0x02, 0x2e, 0x05,
  0x26, 0x00, 0x02, 0x04, 0x02, 0x02, 0x2b, 0x12, 0x05, 0x1c, 0x00, 0x02,
  0x04, 0x02, 0x58, 0x05, 0x26, 0x00, 0x02, 0x04, 0x02, 0x90, 0x05, 0x20,
  0x00, 0x02, 0x04, 0x02, 0x2e, 0x05, 0x38, 0x00, 0x02, 0x04, 0x02, 0x66,
  0x05, 0x10, 0x00, 0x02, 0x04, 0x01, 0x08, 0xac, 0x05, 0x09, 0x75, 0x05,
  0x0b, 0x75, 0x05, 0x1c, 0x00, 0x02, 0x04, 0x02, 0x2e, 0x05, 0x18, 0x00,
  0x02, 0x04, 0x02, 0x4a, 0x05, 0x16, 0x00, 0x02, 0x04, 0x02, 0xba, 0x05,
  0x21, 0x00, 0x02, 0x04, 0x02, 0x74, 0x05, 0x1c, 0x00, 0x02, 0x04, 0x02,
  0x9e, 0x05, 0x0e, 0x00, 0x02, 0x04, 0x01, 0x2e, 0x05, 0x08, 0x67, 0x05,
  0x0c, 0xc8, 0x05, 0x01, 0x3d, 0x02, 0x02, 0x00, 0x01, 0x01, 0x72, 0x00,
  0x00, 0x00, 0x05, 0x00, 0x08, 0x00, 0x37, 0x00, 0x00, 0x00, 0x01, 0x01,
  0x01, 0xfb, 0x0e, 0x0d, 0x00, 0x01, 0x01, 0x01, 0x01, 0x00, 0x00, 0x00,
  0x01, 0x00, 0x00, 0x01, 0x01, 0x01, 0x1f, 0x03, 0x10, 0x00, 0x00, 0x00,
  0xba, 0x00, 0x00, 0x00, 0xc5, 0x00, 0x00, 0x00, 0x02, 0x01, 0x1f, 0x02,
  0x0f, 0x03, 0xb0, 0x00, 0x00, 0x00, 0x01, 0xb0, 0x00, 0x00, 0x00, 0x01,
  0x9b, 0x00, 0x00, 0x00, 0x02, 0x05, 0x24, 0x00, 0x09, 0x02, 0x2d, 0x09,
  0x00, 0x08, 0x00, 0x00, 0x00, 0x00, 0x15, 0x05, 0x05, 0xe5, 0xa1, 0x05,
  0x1f, 0xa0, 0x05, 0x17, 0x02, 0x2a, 0x12, 0x05, 0x0a, 0x58, 0x3d, 0x4b,
  0x05, 0x05, 0x4b, 0x05, 0x08, 0xbc, 0x05, 0x09, 0x67, 0x9f, 0xe5, 0x05,
  0x05, 0xa1, 0x9f, 0x02, 0x0a, 0x00, 0x01, 0x01, 0x72, 0x65, 0x73, 0x75,
  0x6c, 0x74, 0x00, 0x64, 0x65, 0x73, 0x74, 0x00, 0x75, 0x6c, 0x69, 0x62,
  0x5f, 0x6d, 0x65, 0x6d, 0x63, 0x70, 0x79, 0x00, 0x75, 0x6c, 0x69, 0x62,
  0x5f, 0x75, 0x36, 0x34, 0x5f, 0x74, 0x6f, 0x5f, 0x68, 0x65, 0x78, 0x00,
  0x75, 0x69, 0x6e, 0x74, 0x36, 0x34, 0x5f, 0x74, 0x00, 0x75, 0x6c, 0x69,
  0x62, 0x5f, 0x73, 0x74, 0x72, 0x5f, 0x74, 0x6f, 0x5f, 0x69, 0x6e, 0x74,
  0x00, 0x74, 0x65, 0x6d, 0x70, 0x00, 0x73, 0x68, 0x6f, 0x72, 0x74, 0x20,
  0x69, 0x6e, 0x74, 0x00, 0x73, 0x69, 0x7a, 0x65, 0x5f, 0x74, 0x00, 0x75,
  0x6c, 0x69, 0x62, 0x5f, 0x73, 0x74, 0x72, 0x63, 0x61, 0x74, 0x00, 0x75,
  0x6c, 0x69, 0x62, 0x5f, 0x67, 0x6f, 0x74, 0x6f, 0x78, 0x79, 0x00, 0x75,
  0x61, 0x62, 0x69, 0x5f, 0x77, 0x72, 0x69, 0x74, 0x65, 0x00, 0x75, 0x6c,
  0x69, 0x62, 0x5f, 0x73, 0x74, 0x61, 0x72, 0x74, 0x73, 0x77, 0x69, 0x74,
  0x68, 0x00, 0x75, 0x69, 0x6e, 0x74, 0x38, 0x5f, 0x74, 0x00, 0x75, 0x6c,
  0x69, 0x62, 0x5f, 0x6d, 0x65, 0x6d, 0x73, 0x65, 0x74, 0x00, 0x68, 0x65,
  0x78, 0x5f, 0x63, 0x68, 0x61, 0x72, 0x73, 0x00, 0x6e, 0x65, 0x65, 0x64,
  0x6c, 0x65, 0x00, 0x6c, 0x6f, 0x6e, 0x67, 0x20, 0x6c, 0x6f, 0x6e, 0x67,
  0x20, 0x69, 0x6e, 0x74, 0x00, 0x69, 0x73, 0x5f, 0x6e, 0x65, 0x67, 0x61,
  0x74, 0x69, 0x76, 0x65, 0x00, 0x70, 0x72, 0x65, 0x66, 0x69, 0x78, 0x00,
  0x75, 0x6c, 0x69, 0x62, 0x5f, 0x73, 0x74, 0x72, 0x63, 0x70, 0x79, 0x00,
  0x75, 0x6c, 0x69, 0x62, 0x5f, 0x75, 0x36, 0x34, 0x5f, 0x74, 0x6f, 0x5f,
  0x64, 0x65, 0x63, 0x00, 0x6c, 0x6f, 0x6e, 0x67, 0x20, 0x64, 0x6f, 0x75,
  0x62, 0x6c, 0x65, 0x00, 0x75, 0x6c, 0x69, 0x62, 0x5f, 0x69, 0x6e, 0x74,
  0x5f, 0x74, 0x6f, 0x5f, 0x73, 0x74, 0x72, 0x00, 0x75, 0x6e, 0x73, 0x69,
  0x67, 0x6e, 0x65, 0x64, 0x20, 0x63, 0x68, 0x61, 0x72, 0x00, 0x75, 0x69,
  0x6e, 0x74, 0x33, 0x32, 0x5f, 0x74, 0x00, 0x73, 0x68, 0x6f, 0x72, 0x74,
  0x20, 0x75, 0x6e, 0x73, 0x69, 0x67, 0x6e, 0x65, 0x64, 0x20, 0x69, 0x6e,
  0x74, 0x00, 0x75, 0x6c, 0x69, 0x62, 0x5f, 0x73, 0x74, 0x72, 0x6c, 0x65,
  0x6e, 0x00, 0x75, 0x6c, 0x69, 0x62, 0x5f, 0x70, 0x72, 0x69, 0x6e, 0x74,
  0x00, 0x68, 0x61, 0x79, 0x73, 0x74, 0x61, 0x63, 0x6b, 0x00, 0x75, 0x6c,
  0x69, 0x62, 0x5f, 0x73, 0x74, 0x72, 0x63, 0x6d, 0x70, 0x00, 0x6c, 0x6f,
  0x6e, 0x67, 0x20, 0x75, 0x6e, 0x73, 0x69, 0x67, 0x6e, 0x65, 0x64, 0x20,
  0x69, 0x6e, 0x74, 0x00, 0x64, 0x65, 0x73, 0x74, 0x5f, 0x6c, 0x65, 0x6e,
  0x00, 0x73, 0x69, 0x67, 0x6e, 0x00, 0x75, 0x6c, 0x69, 0x62, 0x5f, 0x73,
  0x74, 0x72, 0x73, 0x74, 0x72, 0x00, 0x47, 0x4e, 0x55, 0x20, 0x43, 0x32,
  0x33, 0x20, 0x31, 0x35, 0x2e, 0x32, 0x2e, 0x30, 0x20, 0x2d, 0x6d, 0x36,
  0x34, 0x20, 0x2d, 0x6d, 0x6e, 0x6f, 0x2d, 0x72, 0x65, 0x64, 0x2d, 0x7a,
  0x6f, 0x6e, 0x65, 0x20, 0x2d, 0x6d, 0x74, 0x75, 0x6e, 0x65, 0x3d, 0x67,
  0x65, 0x6e, 0x65, 0x72, 0x69, 0x63, 0x20, 0x2d, 0x6d, 0x61, 0x72, 0x63,
  0x68, 0x3d, 0x78, 0x38, 0x36, 0x2d, 0x36, 0x34, 0x20, 0x2d, 0x67, 0x20,
  0x2d, 0x66, 0x66, 0x72, 0x65, 0x65, 0x73, 0x74, 0x61, 0x6e, 0x64, 0x69,
  0x6e, 0x67, 0x20, 0x2d, 0x66, 0x6e, 0x6f, 0x2d, 0x70, 0x69, 0x63, 0x20,
  0x2d, 0x66, 0x61, 0x73, 0x79, 0x6e, 0x63, 0x68, 0x72, 0x6f, 0x6e, 0x6f,
  0x75, 0x73, 0x2d, 0x75, 0x6e, 0x77, 0x69, 0x6e, 0x64, 0x2d, 0x74, 0x61,
  0x62, 0x6c, 0x65, 0x73, 0x00, 0x75, 0x6c, 0x69, 0x62, 0x5f, 0x73, 0x74,
  0x72, 0x6e, 0x63, 0x6d, 0x70, 0x00, 0x75, 0x61, 0x62, 0x69, 0x5f, 0x67,
  0x6f, 0x74, 0x6f, 0x78, 0x79, 0x00, 0x75, 0x61, 0x62, 0x69, 0x5f, 0x65,
  0x78, 0x69, 0x74, 0x00, 0x75, 0x61, 0x62, 0x69, 0x5f, 0x70, 0x72, 0x69,
  0x6e, 0x74, 0x00, 0x5f, 0x73, 0x74, 0x61, 0x72, 0x74, 0x00, 0x61, 0x72,
  0x67, 0x63, 0x00, 0x61, 0x72, 0x67, 0x76, 0x00, 0x75, 0x73, 0x65, 0x72,
  0x2f, 0x6c, 0x69, 0x62, 0x2f, 0x75, 0x6c, 0x69, 0x62, 0x2e, 0x63, 0x00,
  0x2f, 0x68, 0x6f, 0x6d, 0x65, 0x2f, 0x76, 0x69, 0x6f, 0x6c, 0x65, 0x74,
  0x2f, 0x44, 0x65, 0x73, 0x6b, 0x74, 0x6f, 0x70, 0x2f, 0x63, 0x75, 0x72,
  0x6c, 0x73, 0x36, 0x34, 0x00, 0x75, 0x73, 0x65, 0x72, 0x2f, 0x6c, 0x69,
  0x62, 0x00, 0x2f, 0x75, 0x73, 0x72, 0x2f, 0x6c, 0x69, 0x62, 0x2f, 0x67,
  0x63, 0x63, 0x2f, 0x78, 0x38, 0x36, 0x5f, 0x36, 0x34, 0x2d, 0x6c, 0x69,
  0x6e, 0x75, 0x78, 0x2d, 0x67, 0x6e, 0x75, 0x2f, 0x31, 0x35, 0x2f, 0x69,
  0x6e, 0x63, 0x6c, 0x75, 0x64, 0x65, 0x00, 0x75, 0x73, 0x65, 0x72, 0x2f,
  0x6c, 0x69, 0x62, 0x2f, 0x2e, 0x2e, 0x2f, 0x2e, 0x2e, 0x2f, 0x69, 0x6e,
  0x63, 0x6c, 0x75, 0x64, 0x65, 0x2f, 0x6d, 0x6f, 0x64, 0x75, 0x6c, 0x65,
  0x2f, 0x2e, 0x2e, 0x2f, 0x75, 0x61, 0x62, 0x69, 0x00, 0x73, 0x74, 0x64,
  0x69, 0x6e, 0x74, 0x2d, 0x67, 0x63, 0x63, 0x2e, 0x68, 0x00, 0x73, 0x74,
  0x64, 0x64, 0x65, 0x66, 0x2e, 0x68, 0x00, 0x75, 0x61, 0x62, 0x69, 0x5f,
  0x76, 0x32, 0x2e, 0x68, 0x00, 0x75, 0x73, 0x65, 0x72, 0x2f, 0x68, 0x65,
  0x6c, 0x6c, 0x6f, 0x2f, 0x68, 0x65, 0x6c, 0x6c, 0x6f, 0x36, 0x34, 0x2e,
  0x63, 0x00, 0x75, 0x73, 0x65, 0x72, 0x2f, 0x68, 0x65, 0x6c, 0x6c, 0x6f,
  0x00, 0x75, 0x73, 0x65, 0x72, 0x2f, 0x68, 0x65, 0x6c, 0x6c, 0x6f, 0x2f,
  0x2e, 0x2e, 0x2f, 0x2e, 0x2e, 0x2f, 0x69, 0x6e, 0x63, 0x6c, 0x75, 0x64,
  0x65, 0x2f, 0x75, 0x61, 0x62, 0x69, 0x00, 0x00, 0x00, 0x00, 0x00, 0x00,
  0x00, 0x00, 0x00, 0x00, 0x00, 0x00, 0x00, 0x00, 0x00, 0x00, 0x00, 0x00,
  0x00, 0x00, 0x00, 0x00, 0x00, 0x00, 0x00, 0x00, 0x00, 0x00, 0x00, 0x01,
  0x00, 0x00, 0x00, 0x04, 0x00, 0xf1, 0xff, 0x00, 0x00, 0x00, 0x00, 0x00,
  0x00, 0x00, 0x00, 0x00, 0x00, 0x00, 0x00, 0x00, 0x00, 0x00, 0x00, 0x1c,
  0x00, 0x00, 0x00, 0x04, 0x00, 0xf1, 0xff, 0x00, 0x00, 0x00, 0x00, 0x00,
  0x00, 0x00, 0x00, 0x00, 0x00, 0x00, 0x00, 0x00, 0x00, 0x00, 0x00, 0x23,
  0x00, 0x00, 0x00, 0x04, 0x00, 0xf1, 0xff, 0x00, 0x00, 0x00, 0x00, 0x00,
  0x00, 0x00, 0x00, 0x00, 0x00, 0x00, 0x00, 0x00, 0x00, 0x00, 0x00, 0x2d,
  0x00, 0x00, 0x00, 0x12, 0x00, 0x01, 0x00, 0x29, 0x02, 0x00, 0x08, 0x00,
  0x00, 0x00, 0x00, 0x88, 0x00, 0x00, 0x00, 0x00, 0x00, 0x00, 0x00, 0x39,
  0x00, 0x00, 0x00, 0x10, 0x00, 0x01, 0x00, 0x24, 0x00, 0x00, 0x08, 0x00,
  0x00, 0x00, 0x00, 0x00, 0x00, 0x00, 0x00, 0x00, 0x00, 0x00, 0x00, 0x44,
  0x00, 0x00, 0x00, 0x10, 0x00, 0x01, 0x00, 0xba, 0x00, 0x00, 0x08, 0x00,
  0x00, 0x00, 0x00, 0x00, 0x00, 0x00, 0x00, 0x00, 0x00, 0x00, 0x00, 0x4e,
  0x00, 0x00, 0x00, 0x10, 0x00, 0x01, 0x00, 0x98, 0x00, 0x00, 0x08, 0x00,
  0x00, 0x00, 0x00, 0x00, 0x00, 0x00, 0x00, 0x00, 0x00, 0x00, 0x00, 0x59,
  0x00, 0x00, 0x00, 0x10, 0x00, 0x01, 0x00, 0x82, 0x01, 0x00, 0x08, 0x00,
  0x00, 0x00, 0x00, 0x00, 0x00, 0x00, 0x00, 0x00, 0x00, 0x00, 0x00, 0x68,
  0x00, 0x00, 0x00, 0x10, 0x00, 0x01, 0x00, 0x44, 0x01, 0x00, 0x08, 0x00,
  0x00, 0x00, 0x00, 0x00, 0x00, 0x00, 0x00, 0x00, 0x00, 0x00, 0x00, 0x74,
  0x00, 0x00, 0x00, 0x12, 0x00, 0x01, 0x00, 0xf6, 0x01, 0x00, 0x08, 0x00,
  0x00, 0x00, 0x00, 0x33, 0x00, 0x00, 0x00, 0x00, 0x00, 0x00, 0x00, 0x80,
  0x00, 0x00, 0x00, 0x12, 0x00, 0x01, 0x00, 0x2e, 0x08, 0x00, 0x08, 0x00,
  0x00, 0x00, 0x00, 0x20, 0x00, 0x00, 0x00, 0x00, 0x00, 0x00, 0x00, 0x8c,
  0x00, 0x00, 0x00, 0x10, 0x00, 0x01, 0x00, 0xb2, 0x00, 0x00, 0x08, 0x00,
  0x00, 0x00, 0x00, 0x00, 0x00, 0x00, 0x00, 0x00, 0x00, 0x00, 0x00, 0x96,
  0x00, 0x00, 0x00, 0x10, 0x00, 0x01, 0x00, 0xe9, 0x01, 0x00, 0x08, 0x00,
  0x00, 0x00, 0x00, 0x00, 0x00, 0x00, 0x00, 0x00, 0x00, 0x00, 0x00, 0xa2,
  0x00, 0x00, 0x00, 0x10, 0x00, 0x01, 0x00, 0x43, 0x00, 0x00, 0x08, 0x00,
  0x00, 0x00, 0x00, 0x00, 0x00, 0x00, 0x00, 0x00, 0x00, 0x00, 0x00, 0xaf,
  0x00, 0x00, 0x00, 0x10, 0x00, 0x01, 0x00, 0x3c, 0x01, 0x00, 0x08, 0x00,
  0x00, 0x00, 0x00, 0x00, 0x00, 0x00, 0x00, 0x00, 0x00, 0x00, 0x00, 0xb9,
  0x00, 0x00, 0x00, 0x10, 0x00, 0x01, 0x00, 0x00, 0x00, 0x00, 0x08, 0x00,
  0x00, 0x00, 0x00, 0x00, 0x00, 0x00, 0x00, 0x00, 0x00, 0x00, 0x00, 0xc3,
  0x00, 0x00, 0x00, 0x10, 0x00, 0x01, 0x00, 0xd7, 0x01, 0x00, 0x08, 0x00,
  0x00, 0x00, 0x00, 0x00, 0x00, 0x00, 0x00, 0x00, 0x00, 0x00, 0x00, 0xce,
  0x00, 0x00, 0x00, 0x10, 0x00, 0x01, 0x00, 0xcc, 0x00, 0x00, 0x08, 0x00,
  0x00, 0x00, 0x00, 0x00, 0x00, 0x00, 0x00, 0x00, 0x00, 0x00, 0x00, 0xd8,
  0x00, 0x00, 0x00, 0x10, 0x00, 0x01, 0x00, 0x12, 0x00, 0x00, 0x08, 0x00,
  0x00, 0x00, 0x00, 0x00, 0x00, 0x00, 0x00, 0x00, 0x00, 0x00, 0x00, 0xe2,
  0x00, 0x00, 0x00, 0x10, 0x00, 0x01, 0x00, 0xb8, 0x01, 0x00, 0x08, 0x00,
  0x00, 0x00, 0x00, 0x00, 0x00, 0x00, 0x00, 0x00, 0x00, 0x00, 0x00, 0xed,
  0x00, 0x00, 0x00, 0x12, 0x00, 0x01, 0x00, 0x5c, 0x07, 0x00, 0x08, 0x00,
  0x00, 0x00, 0x00, 0x9a, 0x00, 0x00, 0x00, 0x00, 0x00, 0x00, 0x00, 0xfd,
  0x00, 0x00, 0x00, 0x12, 0x00, 0x01, 0x00, 0xe6, 0x05, 0x00, 0x08, 0x00,
  0x00, 0x00, 0x00, 0x15, 0x01, 0x00, 0x00, 0x00, 0x00, 0x00, 0x00, 0x0d,
  0x01, 0x00, 0x00, 0x10, 0x00, 0x01, 0x00, 0x67, 0x00, 0x00, 0x08, 0x00,
  0x00, 0x00, 0x00, 0x00, 0x00, 0x00, 0x00, 0x00, 0x00, 0x00, 0x00, 0x18,
  0x01, 0x00, 0x00, 0x12, 0x00, 0x01, 0x00, 0x2d, 0x09, 0x00, 0x08, 0x00,
  0x00, 0x00, 0x00, 0xa6, 0x00, 0x00, 0x00, 0x00, 0x00, 0x00, 0x00, 0x1f,
  0x01, 0x00, 0x00, 0x10, 0x00, 0x01, 0x00, 0x36, 0x00, 0x00, 0x08, 0x00,
  0x00, 0x00, 0x00, 0x00, 0x00, 0x00, 0x00, 0x00, 0x00, 0x00, 0x00, 0x2a,
  0x01, 0x00, 0x00, 0x10, 0x00, 0x01, 0x00, 0x75, 0x01, 0x00, 0x08, 0x00,
  0x00, 0x00, 0x00, 0x00, 0x00, 0x00, 0x00, 0x00, 0x00, 0x00, 0x00, 0x3d,
  0x01, 0x00, 0x00, 0x10, 0x00, 0x01, 0x00, 0x56, 0x01, 0x00, 0x08, 0x00,
  0x00, 0x00, 0x00, 0x00, 0x00, 0x00, 0x00, 0x00, 0x00, 0x00, 0x00, 0x45,
  0x01, 0x00, 0x00, 0x10, 0x00, 0x01, 0x00, 0x74, 0x00, 0x00, 0x08, 0x00,
  0x00, 0x00, 0x00, 0x00, 0x00, 0x00, 0x00, 0x00, 0x00, 0x00, 0x00, 0x4f,
  0x01, 0x00, 0x00, 0x10, 0x00, 0x01, 0x00, 0xe1, 0x00, 0x00, 0x08, 0x00,
  0x00, 0x00, 0x00, 0x00, 0x00, 0x00, 0x00, 0x00, 0x00, 0x00, 0x00, 0x5b,
  0x01, 0x00, 0x00, 0x12, 0x00, 0x01, 0x00, 0xb1, 0x02, 0x00, 0x08, 0x00,
  0x00, 0x00, 0x00, 0xa1, 0x00, 0x00, 0x00, 0x00, 0x00, 0x00, 0x00, 0x68,
  0x01, 0x00, 0x00, 0x10, 0x00, 0x01, 0x00, 0xc5, 0x01, 0x00, 0x08, 0x00,
  0x00, 0x00, 0x00, 0x00, 0x00, 0x00, 0x00, 0x00, 0x00, 0x00, 0x00, 0x75,
  0x01, 0x00, 0x00, 0x10, 0x00, 0x01, 0x00, 0x55, 0x00, 0x00, 0x08, 0x00,
  0x00, 0x00, 0x00, 0x00, 0x00, 0x00, 0x00, 0x00, 0x00, 0x00, 0x00, 0x81,
  0x01, 0x00, 0x00, 0x10, 0x00, 0x01, 0x00, 0xe9, 0x00, 0x00, 0x08, 0x00,
  0x00, 0x00, 0x00, 0x00, 0x00, 0x00, 0x00, 0x00, 0x00, 0x00, 0x00, 0x8b,
  0x01, 0x00, 0x00, 0x12, 0x00, 0x01, 0x00, 0x9c, 0x05, 0x00, 0x08, 0x00,
  0x00, 0x00, 0x00, 0x4a, 0x00, 0x00, 0x00, 0x00, 0x00, 0x00, 0x00, 0x97,
  0x01, 0x00, 0x00, 0x12, 0x00, 0x01, 0x00, 0xf6, 0x07, 0x00, 0x08, 0x00,
  0x00, 0x00, 0x00, 0x38, 0x00, 0x00, 0x00, 0x00, 0x00, 0x00, 0x00, 0xa2,
  0x01, 0x00, 0x00, 0x12, 0x00, 0x01, 0x00, 0x9f, 0x04, 0x00, 0x08, 0x00,
  0x00, 0x00, 0x00, 0x9f, 0x00, 0x00, 0x00, 0x00, 0x00, 0x00, 0x00, 0xae,
  0x01, 0x00, 0x00, 0x12, 0x00, 0x01, 0x00, 0x52, 0x03, 0x00, 0x08, 0x00,
  0x00, 0x00, 0x00, 0x66, 0x00, 0x00, 0x00, 0x00, 0x00, 0x00, 0x00, 0xba,
  0x01, 0x00, 0x00, 0x12, 0x00, 0x01, 0x00, 0x3e, 0x05, 0x00, 0x08, 0x00,
  0x00, 0x00, 0x00, 0x5e, 0x00, 0x00, 0x00, 0x00, 0x00, 0x00, 0x00, 0xc6,
  0x01, 0x00, 0x00, 0x10, 0x00, 0x01, 0x00, 0x68, 0x01, 0x00, 0x08, 0x00,
  0x00, 0x00, 0x00, 0x00, 0x00, 0x00, 0x00, 0x00, 0x00, 0x00, 0x00, 0xd3,
  0x01, 0x00, 0x00, 0x10, 0x00, 0x01, 0x00, 0x94, 0x01, 0x00, 0x08, 0x00,
  0x00, 0x00, 0x00, 0x00, 0x00, 0x00, 0x00, 0x00, 0x00, 0x00, 0x00, 0xdd,
  0x01, 0x00, 0x00, 0x10, 0x00, 0x01, 0x00, 0x34, 0x01, 0x00, 0x08, 0x00,
  0x00, 0x00, 0x00, 0x00, 0x00, 0x00, 0x00, 0x00, 0x00, 0x00, 0x00, 0xe8,
  0x01, 0x00, 0x00, 0x12, 0x00, 0x01, 0x00, 0x3c, 0x04, 0x00, 0x08, 0x00,
  0x00, 0x00, 0x00, 0x63, 0x00, 0x00, 0x00, 0x00, 0x00, 0x00, 0x00, 0xf8,
  0x01, 0x00, 0x00, 0x10, 0x00, 0x01, 0x00, 0xd9, 0x00, 0x00, 0x08, 0x00,
  0x00, 0x00, 0x00, 0x00, 0x00, 0x00, 0x00, 0x00, 0x00, 0x00, 0x00, 0x02,
  0x02, 0x00, 0x00, 0x10, 0x00, 0x01, 0x00, 0xa5, 0x00, 0x00, 0x08, 0x00,
  0x00, 0x00, 0x00, 0x00, 0x00, 0x00, 0x00, 0x00, 0x00, 0x00, 0x00, 0x0e,
  0x02, 0x00, 0x00, 0x10, 0x00, 0x01, 0x00, 0x22, 0x01, 0x00, 0x08, 0x00,
  0x00, 0x00, 0x00, 0x00, 0x00, 0x00, 0x00, 0x00, 0x00, 0x00, 0x00, 0x1b,
  0x02, 0x00, 0x00, 0x10, 0x00, 0x01, 0x00, 0x15, 0x01, 0x00, 0x08, 0x00,
  0x00, 0x00, 0x00, 0x00, 0x00, 0x00, 0x00, 0x00, 0x00, 0x00, 0x00, 0x26,
  0x02, 0x00, 0x00, 0x10, 0x00, 0x01, 0x00, 0x08, 0x01, 0x00, 0x08, 0x00,
  0x00, 0x00, 0x00, 0x00, 0x00, 0x00, 0x00, 0x00, 0x00, 0x00, 0x00, 0x2f,
  0x02, 0x00, 0x00, 0x12, 0x00, 0x01, 0x00, 0xfb, 0x06, 0x00, 0x08, 0x00,
  0x00, 0x00, 0x00, 0x61, 0x00, 0x00, 0x00, 0x00, 0x00, 0x00, 0x00, 0x3f,
  0x02, 0x00, 0x00, 0x12, 0x00, 0x01, 0x00, 0x4e, 0x08, 0x00, 0x08, 0x00,
  0x00, 0x00, 0x00, 0xdf, 0x00, 0x00, 0x00, 0x00, 0x00, 0x00, 0x00, 0x4f,
  0x02, 0x00, 0x00, 0x10, 0x00, 0x01, 0x00, 0xa6, 0x01, 0x00, 0x08, 0x00,
  0x00, 0x00, 0x00, 0x00, 0x00, 0x00, 0x00, 0x00, 0x00, 0x00, 0x00, 0x5e,
  0x02, 0x00, 0x00, 0x10, 0x00, 0x01, 0x00, 0xf6, 0x00, 0x00, 0x08, 0x00,
  0x00, 0x00, 0x00, 0x00, 0x00, 0x00, 0x00, 0x00, 0x00, 0x00, 0x00, 0x68,
  0x02, 0x00, 0x00, 0x12, 0x00, 0x01, 0x00, 0xb8, 0x03, 0x00, 0x08, 0x00,
  0x00, 0x00, 0x00, 0x84, 0x00, 0x00, 0x00, 0x00, 0x00, 0x00, 0x00, 0x74,
  0x02, 0x00, 0x00, 0x10, 0x00, 0x01, 0x00, 0x86, 0x00, 0x00, 0x08, 0x00,
  0x00, 0x00, 0x00, 0x00, 0x00, 0x00, 0x00, 0x00, 0x00, 0x00, 0x00, 0x00,
  0x75, 0x73, 0x65, 0x72, 0x2f, 0x6c, 0x69, 0x62, 0x2f, 0x75, 0x61, 0x62,
  0x69, 0x5f, 0x73, 0x79, 0x73, 0x63, 0x61, 0x6c, 0x6c, 0x73, 0x36, 0x34,
  0x2e, 0x73, 0x00, 0x75, 0x6c, 0x69, 0x62, 0x2e, 0x63, 0x00, 0x68, 0x65,
  0x6c, 0x6c, 0x6f, 0x36, 0x34, 0x2e, 0x63, 0x00, 0x75, 0x6c, 0x69, 0x62,
  0x5f, 0x73, 0x74, 0x72, 0x63, 0x6d, 0x70, 0x00, 0x75, 0x61, 0x62, 0x69,
  0x5f, 0x77, 0x72, 0x69, 0x74, 0x65, 0x00, 0x75, 0x61, 0x62, 0x69, 0x5f,
  0x65, 0x78, 0x65, 0x63, 0x00, 0x75, 0x61, 0x62, 0x69, 0x5f, 0x6d, 0x6b,
  0x64, 0x69, 0x72, 0x00, 0x75, 0x61, 0x62, 0x69, 0x5f, 0x73, 0x65, 0x74,
  0x5f, 0x64, 0x65, 0x62, 0x75, 0x67, 0x00, 0x75, 0x61, 0x62, 0x69, 0x5f,
  0x67, 0x6f, 0x74, 0x6f, 0x78, 0x79, 0x00, 0x75, 0x6c, 0x69, 0x62, 0x5f,
  0x73, 0x74, 0x72, 0x6c, 0x65, 0x6e, 0x00, 0x75, 0x6c, 0x69, 0x62, 0x5f,
  0x67, 0x6f, 0x74, 0x6f, 0x78, 0x79, 0x00, 0x75, 0x61, 0x62, 0x69, 0x5f,
  0x66, 0x6f, 0x72, 0x6b, 0x00, 0x75, 0x61, 0x62, 0x69, 0x5f, 0x75, 0x6d,
  0x6f, 0x75, 0x6e, 0x74, 0x00, 0x75, 0x61, 0x62, 0x69, 0x5f, 0x72, 0x65,
  0x61, 0x64, 0x64, 0x69, 0x72, 0x00, 0x75, 0x61, 0x62, 0x69, 0x5f, 0x67,
  0x65, 0x74, 0x63, 0x00, 0x75, 0x61, 0x62, 0x69, 0x5f, 0x6f, 0x70, 0x65,
  0x6e, 0x00, 0x75, 0x61, 0x62, 0x69, 0x5f, 0x6d, 0x6f, 0x75, 0x6e, 0x74,
  0x00, 0x75, 0x61, 0x62, 0x69, 0x5f, 0x65, 0x78, 0x69, 0x74, 0x00, 0x75,
  0x61, 0x62, 0x69, 0x5f, 0x72, 0x65, 0x61, 0x64, 0x00, 0x75, 0x61, 0x62,
  0x69, 0x5f, 0x73, 0x6c, 0x65, 0x65, 0x70, 0x00, 0x75, 0x6c, 0x69, 0x62,
  0x5f, 0x73, 0x74, 0x72, 0x5f, 0x74, 0x6f, 0x5f, 0x69, 0x6e, 0x74, 0x00,
  0x75, 0x6c, 0x69, 0x62, 0x5f, 0x69, 0x6e, 0x74, 0x5f, 0x74, 0x6f, 0x5f,
  0x73, 0x74, 0x72, 0x00, 0x75, 0x61, 0x62, 0x69, 0x5f, 0x63, 0x68, 0x64,
  0x69, 0x72, 0x00, 0x5f, 0x73, 0x74, 0x61, 0x72, 0x74, 0x00, 0x75, 0x61,
  0x62, 0x69, 0x5f, 0x63, 0x6c, 0x6f, 0x73, 0x65, 0x00, 0x75, 0x61, 0x62,
  0x69, 0x5f, 0x64, 0x65, 0x62, 0x75, 0x67, 0x5f, 0x65, 0x6e, 0x61, 0x62,
  0x6c, 0x65, 0x64, 0x00, 0x75, 0x61, 0x62, 0x69, 0x5f, 0x70, 0x73, 0x00,
  0x75, 0x61, 0x62, 0x69, 0x5f, 0x73, 0x74, 0x61, 0x74, 0x00, 0x75, 0x61,
  0x62, 0x69, 0x5f, 0x67, 0x65, 0x74, 0x70, 0x69, 0x64, 0x00, 0x75, 0x6c,
  0x69, 0x62, 0x5f, 0x73, 0x74, 0x72, 0x6e, 0x63, 0x6d, 0x70, 0x00, 0x75,
  0x61, 0x62, 0x69, 0x5f, 0x64, 0x65, 0x76, 0x69, 0x6e, 0x66, 0x6f, 0x00,
  0x75, 0x61, 0x62, 0x69, 0x5f, 0x67, 0x65, 0x74, 0x63, 0x77, 0x64, 0x00,
  0x75, 0x61, 0x62, 0x69, 0x5f, 0x70, 0x69, 0x70, 0x65, 0x00, 0x75, 0x6c,
  0x69, 0x62, 0x5f, 0x6d, 0x65, 0x6d, 0x73, 0x65, 0x74, 0x00, 0x75, 0x6c,
  0x69, 0x62, 0x5f, 0x70, 0x72, 0x69, 0x6e, 0x74, 0x00, 0x75, 0x6c, 0x69,
  0x62, 0x5f, 0x73, 0x74, 0x72, 0x73, 0x74, 0x72, 0x00, 0x75, 0x6c, 0x69,
  0x62, 0x5f, 0x73, 0x74, 0x72, 0x63, 0x70, 0x79, 0x00, 0x75, 0x6c, 0x69,
  0x62, 0x5f, 0x6d, 0x65, 0x6d, 0x63, 0x70, 0x79, 0x00, 0x75, 0x61, 0x62,
  0x69, 0x5f, 0x6d, 0x65, 0x6d, 0x73, 0x74, 0x61, 0x74, 0x00, 0x75, 0x61,
  0x62, 0x69, 0x5f, 0x6b, 0x69, 0x6c, 0x6c, 0x00, 0x75, 0x61, 0x62, 0x69,
  0x5f, 0x63, 0x6c, 0x65, 0x61, 0x72, 0x00, 0x75, 0x6c, 0x69, 0x62, 0x5f,
  0x73, 0x74, 0x61, 0x72, 0x74, 0x73, 0x77, 0x69, 0x74, 0x68, 0x00, 0x75,
  0x61, 0x62, 0x69, 0x5f, 0x77, 0x61, 0x69, 0x74, 0x00, 0x75, 0x61, 0x62,
  0x69, 0x5f, 0x75, 0x6e, 0x6c, 0x69, 0x6e, 0x6b, 0x00, 0x75, 0x61, 0x62,
  0x69, 0x5f, 0x67, 0x65, 0x74, 0x6c, 0x69, 0x6e, 0x65, 0x00, 0x75, 0x61,
  0x62, 0x69, 0x5f, 0x70, 0x72, 0x69, 0x6e, 0x74, 0x00, 0x75, 0x61, 0x62,
  0x69, 0x5f, 0x64, 0x75, 0x70, 0x00, 0x75, 0x6c, 0x69, 0x62, 0x5f, 0x75,
  0x36, 0x34, 0x5f, 0x74, 0x6f, 0x5f, 0x68, 0x65, 0x78, 0x00, 0x75, 0x6c,
  0x69, 0x62, 0x5f, 0x75, 0x36, 0x34, 0x5f, 0x74, 0x6f, 0x5f, 0x64, 0x65,
  0x63, 0x00, 0x75, 0x61, 0x62, 0x69, 0x5f, 0x73, 0x69, 0x67, 0x61, 0x63,
  0x74, 0x69, 0x6f, 0x6e, 0x00, 0x75, 0x61, 0x62, 0x69, 0x5f, 0x64, 0x75,
  0x70, 0x32, 0x00, 0x75, 0x6c, 0x69, 0x62, 0x5f, 0x73, 0x74, 0x72, 0x63,
  0x61, 0x74, 0x00, 0x75, 0x61, 0x62, 0x69, 0x5f, 0x6c, 0x73, 0x65, 0x65,
  0x6b, 0x00, 0x00, 0x2e, 0x73, 0x79, 0x6d, 0x74, 0x61, 0x62, 0x00, 0x2e,
  0x73, 0x74, 0x72, 0x74, 0x61, 0x62, 0x00, 0x2e, 0x73, 0x68, 0x73, 0x74,
  0x72, 0x74, 0x61, 0x62, 0x00, 0x2e, 0x74, 0x65, 0x78, 0x74, 0x00, 0x2e,
  0x72, 0x6f, 0x64, 0x61, 0x74, 0x61, 0x00, 0x2e, 0x65, 0x68, 0x5f, 0x66,
  0x72, 0x61, 0x6d, 0x65, 0x00, 0x2e, 0x64, 0x65, 0x62, 0x75, 0x67, 0x5f,
  0x69, 0x6e, 0x66, 0x6f, 0x00, 0x2e, 0x64, 0x65, 0x62, 0x75, 0x67, 0x5f,
  0x61, 0x62, 0x62, 0x72, 0x65, 0x76, 0x00, 0x2e, 0x64, 0x65, 0x62, 0x75,
  0x67, 0x5f, 0x61, 0x72, 0x61, 0x6e, 0x67, 0x65, 0x73, 0x00, 0x2e, 0x64,
  0x65, 0x62, 0x75, 0x67, 0x5f, 0x6c, 0x69, 0x6e, 0x65, 0x00, 0x2e, 0x64,
  0x65, 0x62, 0x75, 0x67, 0x5f, 0x73, 0x74, 0x72, 0x00, 0x2e, 0x64, 0x65,
  0x62, 0x75, 0x67, 0x5f, 0x6c, 0x69, 0x6e, 0x65, 0x5f, 0x73, 0x74, 0x72,
  0x00, 0x00, 0x00, 0x00, 0x00, 0x00, 0x00, 0x00, 0x00, 0x00, 0x00, 0x00,
  0x00, 0x00, 0x00, 0x00, 0x00, 0x00, 0x00, 0x00, 0x00, 0x00, 0x00, 0x00,
  0x00, 0x00, 0x00, 0x00, 0x00, 0x00, 0x00, 0x00, 0x00, 0x00, 0x00, 0x00,
  0x00, 0x00, 0x00, 0x00, 0x00, 0x00, 0x00, 0x00, 0x00, 0x00, 0x00, 0x00,
  0x00, 0x00, 0x00, 0x00, 0x00, 0x00, 0x00, 0x00, 0x00, 0x00, 0x00, 0x00,
  0x00, 0x00, 0x00, 0x00, 0x00, 0x00, 0x00, 0x00, 0x00, 0x00, 0x00, 0x1b,
  0x00, 0x00, 0x00, 0x01, 0x00, 0x00, 0x00, 0x06, 0x00, 0x00, 0x00, 0x00,
  0x00, 0x00, 0x00, 0x00, 0x00, 0x00, 0x08, 0x00, 0x00, 0x00, 0x00, 0x00,
  0x10, 0x00, 0x00, 0x00, 0x00, 0x00, 0x00, 0xd3, 0x09, 0x00, 0x00, 0x00,
  0x00, 0x00, 0x00, 0x00, 0x00, 0x00, 0x00, 0x00, 0x00, 0x00, 0x00, 0x10,
  0x00, 0x00, 0x00, 0x00, 0x00, 0x00, 0x00, 0x00, 0x00, 0x00, 0x00, 0x00,
  0x00, 0x00, 0x00, 0x21, 0x00, 0x00, 0x00, 0x01, 0x00, 0x00, 0x00, 0x02,
  0x00, 0x00, 0x00, 0x00, 0x00, 0x00, 0x00, 0xd3, 0x09, 0x00, 0x08, 0x00,
  0x00, 0x00, 0x00, 0xd3, 0x19, 0x00, 0x00, 0x00, 0x00, 0x00, 0x00, 0x54,
  0x00, 0x00, 0x00, 0x00, 0x00, 0x00, 0x00, 0x00, 0x00, 0x00, 0x00, 0x00,
  0x00, 0x00, 0x00, 0x01, 0x00, 0x00, 0x00, 0x00, 0x00, 0x00, 0x00, 0x00,
  0x00, 0x00, 0x00, 0x00, 0x00, 0x00, 0x00, 0x29, 0x00, 0x00, 0x00, 0x01,
  0x00, 0x00, 0x00, 0x02, 0x00, 0x00, 0x00, 0x00, 0x00, 0x00, 0x00, 0x28,
  0x0a, 0x00, 0x08, 0x00, 0x00, 0x00, 0x00, 0x28, 0x1a, 0x00, 0x00, 0x00,
  0x00, 0x00, 0x00, 0x14, 0x02, 0x00, 0x00, 0x00, 0x00, 0x00, 0x00, 0x00,
  0x00, 0x00, 0x00, 0x00, 0x00, 0x00, 0x00, 0x08, 0x00, 0x00, 0x00, 0x00,
  0x00, 0x00, 0x00, 0x00, 0x00, 0x00, 0x00, 0x00, 0x00, 0x00, 0x00, 0x33,
  0x00, 0x00, 0x00, 0x01, 0x00, 0x00, 0x00, 0x00, 0x00, 0x00, 0x00, 0x00,
  0x00, 0x00, 0x00, 0x00, 0x00, 0x00, 0x00, 0x00, 0x00, 0x00, 0x00, 0x3c,
  0x1c, 0x00, 0x00, 0x00, 0x00, 0x00, 0x00, 0x53, 0x07, 0x00, 0x00, 0x00,
  0x00, 0x00, 0x00, 0x00, 0x00, 0x00, 0x00, 0x00, 0x00, 0x00, 0x00, 0x01,
  0x00, 0x00, 0x00, 0x00, 0x00, 0x00, 0x00, 0x00, 0x00, 0x00, 0x00, 0x00,
  0x00, 0x00, 0x00, 0x3f, 0x00, 0x00, 0x00, 0x01, 0x00, 0x00, 0x00, 0x00,
  0x00, 0x00, 0x00, 0x00, 0x00, 0x00, 0x00, 0x00, 0x00, 0x00, 0x00, 0x00,
  0x00, 0x00, 0x00, 0x8f, 0x23, 0x00, 0x00, 0x00, 0x00, 0x00, 0x00, 0x46,
  0x02, 0x00, 0x00, 0x00, 0x00, 0x00, 0x00, 0x00, 0x00, 0x00, 0x00, 0x00,
  0x00, 0x00, 0x00, 0x01, 0x00, 0x00, 0x00, 0x00, 0x00, 0x00, 0x00, 0x00,
  0x00, 0x00, 0x00, 0x00, 0x00, 0x00, 0x00, 0x4d, 0x00, 0x00, 0x00, 0x01,
  0x00, 0x00, 0x00, 0x00, 0x00, 0x00, 0x00, 0x00, 0x00, 0x00, 0x00, 0x00,
  0x00, 0x00, 0x00, 0x00, 0x00, 0x00, 0x00, 0xd5, 0x25, 0x00, 0x00, 0x00,
  0x00, 0x00, 0x00, 0x60, 0x00, 0x00, 0x00, 0x00, 0x00, 0x00, 0x00, 0x00,
  0x00, 0x00, 0x00, 0x00, 0x00, 0x00, 0x00, 0x01, 0x00, 0x00, 0x00, 0x00,
  0x00, 0x00, 0x00, 0x00, 0x00, 0x00, 0x00, 0x00, 0x00, 0x00, 0x00, 0x5c,
  0x00, 0x00, 0x00, 0x01, 0x00, 0x00, 0x00, 0x00, 0x00, 0x00, 0x00, 0x00,
  0x00, 0x00, 0x00, 0x00, 0x00, 0x00, 0x00, 0x00, 0x00, 0x00, 0x00, 0x35,
  0x26, 0x00, 0x00, 0x00, 0x00, 0x00, 0x00, 0x5c, 0x04, 0x00, 0x00, 0x00,
  0x00, 0x00, 0x00, 0x00, 0x00, 0x00, 0x00, 0x00, 0x00, 0x00, 0x00, 0x01,
  0x00, 0x00, 0x00, 0x00, 0x00, 0x00, 0x00, 0x00, 0x00, 0x00, 0x00, 0x00,
  0x00, 0x00, 0x00, 0x68, 0x00, 0x00, 0x00, 0x01, 0x00, 0x00, 0x00, 0x30,
  0x00, 0x00, 0x00, 0x00, 0x00, 0x00, 0x00, 0x00, 0x00, 0x00, 0x00, 0x00,
  0x00, 0x00, 0x00, 0x91, 0x2a, 0x00, 0x00, 0x00, 0x00, 0x00, 0x00, 0x40,
  0x02, 0x00, 0x00, 0x00, 0x00, 0x00, 0x00, 0x00, 0x00, 0x00, 0x00, 0x00,
  0x00, 0x00, 0x00, 0x01, 0x00, 0x00, 0x00, 0x00, 0x00, 0x00, 0x00, 0x01,
  0x00, 0x00, 0x00, 0x00, 0x00, 0x00, 0x00, 0x73, 0x00, 0x00, 0x00, 0x01,
  0x00, 0x00, 0x00, 0x30, 0x00, 0x00, 0x00, 0x00, 0x00, 0x00, 0x00, 0x00,
  0x00, 0x00, 0x00, 0x00, 0x00, 0x00, 0x00, 0xd1, 0x2c, 0x00, 0x00, 0x00,
  0x00, 0x00, 0x00, 0xe3, 0x00, 0x00, 0x00, 0x00, 0x00, 0x00, 0x00, 0x00,
  0x00, 0x00, 0x00, 0x00, 0x00, 0x00, 0x00, 0x01, 0x00, 0x00, 0x00, 0x00,
  0x00, 0x00, 0x00, 0x01, 0x00, 0x00, 0x00, 0x00, 0x00, 0x00, 0x00, 0x01,
  0x00, 0x00, 0x00, 0x02, 0x00, 0x00, 0x00, 0x00, 0x00, 0x00, 0x00, 0x00,
  0x00, 0x00, 0x00, 0x00, 0x00, 0x00, 0x00, 0x00, 0x00, 0x00, 0x00, 0xb8,
  0x2d, 0x00, 0x00, 0x00, 0x00, 0x00, 0x00, 0x10, 0x05, 0x00, 0x00, 0x00,
  0x00, 0x00, 0x00, 0x0b, 0x00, 0x00, 0x00, 0x04, 0x00, 0x00, 0x00, 0x08,
  0x00, 0x00, 0x00, 0x00, 0x00, 0x00, 0x00, 0x18, 0x00, 0x00, 0x00, 0x00,
  0x00, 0x00, 0x00, 0x09, 0x00, 0x00, 0x00, 0x03, 0x00, 0x00, 0x00, 0x00,
  0x00, 0x00, 0x00, 0x00, 0x00, 0x00, 0x00, 0x00, 0x00, 0x00, 0x00, 0x00,
  0x00, 0x00, 0x00, 0xc8, 0x32, 0x00, 0x00, 0x00, 0x00, 0x00, 0x00, 0x7f,
  0x02, 0x00, 0x00, 0x00, 0x00, 0x00, 0x00, 0x00, 0x00, 0x00, 0x00, 0x00,
  0x00, 0x00, 0x00, 0x01, 0x00, 0x00, 0x00, 0x00, 0x00, 0x00, 0x00, 0x00,
  0x00, 0x00, 0x00, 0x00, 0x00, 0x00, 0x00, 0x11, 0x00, 0x00, 0x00, 0x03,
  0x00, 0x00, 0x00, 0x00, 0x00, 0x00, 0x00, 0x00, 0x00, 0x00, 0x00, 0x00,
  0x00, 0x00, 0x00, 0x00, 0x00, 0x00, 0x00, 0x47, 0x35, 0x00, 0x00, 0x00,
  0x00, 0x00, 0x00, 0x83, 0x00, 0x00, 0x00, 0x00, 0x00, 0x00, 0x00, 0x00,
  0x00, 0x00, 0x00, 0x00, 0x00, 0x00, 0x00, 0x01, 0x00, 0x00, 0x00, 0x00,
  0x00, 0x00, 0x00, 0x00, 0x00, 0x00, 0x00, 0x00, 0x00, 0x00, 0x00, 0x7f,
  0x45, 0x4c, 0x46, 0x01, 0x01, 0x01, 0x00, 0x00, 0x00, 0x00, 0x00, 0x00,
  0x00, 0x00, 0x00, 0x02, 0x00, 0x03, 0x00, 0x01, 0x00, 0x00, 0x00, 0xf4,
  0x80, 0x04, 0x08, 0x34, 0x00, 0x00, 0x00, 0xbc, 0x34, 0x00, 0x00, 0x00,
  0x00, 0x00, 0x00, 0x34, 0x00, 0x20, 0x00, 0x02, 0x00, 0x28, 0x00, 0x0e,
  0x00, 0x0d, 0x00, 0x01, 0x00, 0x00, 0x00, 0x00, 0x10, 0x00, 0x00, 0x00,
  0x80, 0x04, 0x08, 0x00, 0x80, 0x04, 0x08, 0x54, 0x0c, 0x00, 0x00, 0x54,
  0x0c, 0x00, 0x00, 0x07, 0x00, 0x00, 0x00, 0x00, 0x10, 0x00, 0x00, 0x51,
  0xe5, 0x74, 0x64, 0x00, 0x00, 0x00, 0x00, 0x00, 0x00, 0x00, 0x00, 0x00,
  0x00, 0x00, 0x00, 0x00, 0x00, 0x00, 0x00, 0x00, 0x00, 0x00, 0x00, 0x06,
  0x00, 0x00, 0x00, 0x10, 0x00, 0x00, 0x00, 0x00, 0x00, 0x00, 0x00, 0x00,
  0x00, 0x00, 0x00, 0x00, 0x00, 0x00, 0x00, 0x00, 0x00, 0x00, 0x00, 0x00,
  0x00, 0x00, 0x00, 0x00, 0x00, 0x00, 0x00, 0x00, 0x00, 0x00, 0x00, 0x00,
  0x00, 0x00, 0x00, 0x00, 0x00, 0x00, 0x00, 0x00, 0x00, 0x00, 0x00, 0x00,
  0x00, 0x00, 0x00, 0x00, 0x00, 0x00, 0x00, 0x00, 0x00, 0x00, 0x00, 0x00,
  0x00, 0x00, 0x00, 0x00, 0x00, 0x00, 0x00, 0x00, 0x00, 0x00, 0x00, 0x00,
  0x00, 0x00, 0x00, 0x00, 0x00, 0x00, 0x00, 0x00, 0x00, 0x00, 0x00, 0x00,
  0x00, 0x00, 0x00, 0x00, 0x00, 0x00, 0x00, 0x00, 0x00, 0x00, 0x00, 0x00,
  0x00, 0x00, 0x00, 0x00, 0x00, 0x00, 0x00, 0x00, 0x00, 0x00, 0x00, 0x00,
  0x00, 0x00, 0x00, 0x00, 0x00, 0x00, 0x00, 0x00, 0x00, 0x00, 0x00, 0x00,
  0x00, 0x00, 0x00, 0x00, 0x00, 0x00, 0x00, 0x00, 0x00, 0x00, 0x00, 0x00,
  0x00, 0x00, 0x00, 0x00, 0x00, 0x00, 0x00, 0x00, 0x00, 0x00, 0x00, 0x00,
  0x00, 0x00, 0x00, 0x00, 0x00, 0x00, 0x00, 0x00, 0x00, 0x00, 0x00, 0x00,
  0x00, 0x00, 0x00, 0x00, 0x00, 0x00, 0x00, 0x00, 0x00, 0x00, 0x00, 0x00,
  0x00, 0x00, 0x00, 0x00, 0x00, 0x00, 0x00, 0x00, 0x00, 0x00, 0x00, 0x00,
  0x00, 0x00, 0x00, 0x00, 0x00, 0x00, 0x00, 0x00, 0x00, 0x00, 0x00, 0x00,
  0x00, 0x00, 0x00, 0x00, 0x00, 0x00, 0x00, 0x00, 0x00, 0x00, 0x00, 0x00,
  0x00, 0x00, 0x00, 0x00, 0x00, 0x00, 0x00, 0x00, 0x00, 0x00, 0x00, 0x00,
  0x00, 0x00, 0x00, 0x00, 0x00, 0x00, 0x00, 0x00, 0x00, 0x00, 0x00, 0x00,
  0x00, 0x00, 0x00, 0x00, 0x00, 0x00, 0x00, 0x00, 0x00, 0x00, 0x00, 0x00,
  0x00, 0x00, 0x00, 0x00, 0x00, 0x00, 0x00, 0x00, 0x00, 0x00, 0x00, 0x00,
  0x00, 0x00, 0x00, 0x00, 0x00, 0x00, 0x00, 0x00, 0x00, 0x00, 0x00, 0x00,
  0x00, 0x00, 0x00, 0x00, 0x00, 0x00, 0x00, 0x00, 0x00, 0x00, 0x00, 0x00,
  0x00, 0x00, 0x00, 0x00, 0x00, 0x00, 0x00, 0x00, 0x00, 0x00, 0x00, 0x00,
  0x00, 0x00, 0x00, 0x00, 0x00, 0x00, 0x00, 0x00, 0x00, 0x00, 0x00, 0x00,
  0x00, 0x00, 0x00, 0x00, 0x00, 0x00, 0x00, 0x00, 0x00, 0x00, 0x00, 0x00,
  0x00, 0x00, 0x00, 0x00, 0x00, 0x00, 0x00, 0x00, 0x00, 0x00, 0x00, 0x00,
  0x00, 0x00, 0x00, 0x00, 0x00, 0x00, 0x00, 0x00, 0x00, 0x00, 0x00, 0x00,
  0x00, 0x00, 0x00, 0x00, 0x00, 0x00, 0x00, 0x00, 0x00, 0x00, 0x00, 0x00,
  0x00, 0x00, 0x00, 0x00, 0x00, 0x00, 0x00, 0x00, 0x00, 0x00, 0x00, 0x00,
  0x00, 0x00, 0x00, 0x00, 0x00, 0x00, 0x00, 0x00, 0x00, 0x00, 0x00, 0x00,
  0x00, 0x00, 0x00, 0x00, 0x00, 0x00, 0x00, 0x00, 0x00, 0x00, 0x00, 0x00,
  0x00, 0x00, 0x00, 0x00, 0x00, 0x00, 0x00, 0x00, 0x00, 0x00, 0x00, 0x00,
  0x00, 0x00, 0x00, 0x00, 0x00, 0x00, 0x00, 0x00, 0x00, 0x00, 0x00, 0x00,
  0x00, 0x00, 0x00, 0x00, 0x00, 0x00, 0x00, 0x00, 0x00, 0x00, 0x00, 0x00,
  0x00, 0x00, 0x00, 0x00, 0x00, 0x00, 0x00, 0x00, 0x00, 0x00, 0x00, 0x00,
  0x00, 0x00, 0x00, 0x00, 0x00, 0x00, 0x00, 0x00, 0x00, 0x00, 0x00, 0x00,
  0x00, 0x00, 0x00, 0x00, 0x00, 0x00, 0x00, 0x00, 0x00, 0x00, 0x00, 0x00,
  0x00, 0x00, 0x00, 0x00, 0x00, 0x00, 0x00, 0x00, 0x00, 0x00, 0x00, 0x00,
  0x00, 0x00, 0x00, 0x00, 0x00, 0x00, 0x00, 0x00, 0x00, 0x00, 0x00, 0x00,
  0x00, 0x00, 0x00, 0x00, 0x00, 0x00, 0x00, 0x00, 0x00, 0x00, 0x00, 0x00,
  0x00, 0x00, 0x00, 0x00, 0x00, 0x00, 0x00, 0x00, 0x00, 0x00, 0x00, 0x00,
  0x00, 0x00, 0x00, 0x00, 0x00, 0x00, 0x00, 0x00, 0x00, 0x00, 0x00, 0x00,
  0x00, 0x00, 0x00, 0x00, 0x00, 0x00, 0x00, 0x00, 0x00, 0x00, 0x00, 0x00,
  0x00, 0x00, 0x00, 0x00, 0x00, 0x00, 0x00, 0x00, 0x00, 0x00, 0x00, 0x00,
  0x00, 0x00, 0x00, 0x00, 0x00, 0x00, 0x00, 0x00, 0x00, 0x00, 0x00, 0x00,
  0x00, 0x00, 0x00, 0x00, 0x00, 0x00, 0x00, 0x00, 0x00, 0x00, 0x00, 0x00,
  0x00, 0x00, 0x00, 0x00, 0x00, 0x00, 0x00, 0x00, 0x00, 0x00, 0x00, 0x00,
  0x00, 0x00, 0x00, 0x00, 0x00, 0x00, 0x00, 0x00, 0x00, 0x00, 0x00, 0x00,
  0x00, 0x00, 0x00, 0x00, 0x00, 0x00, 0x00, 0x00, 0x00, 0x00, 0x00, 0x00,
  0x00, 0x00, 0x00, 0x00, 0x00, 0x00, 0x00, 0x00, 0x00, 0x00, 0x00, 0x00,
  0x00, 0x00, 0x00, 0x00, 0x00, 0x00, 0x00, 0x00, 0x00, 0x00, 0x00, 0x00,
  0x00, 0x00, 0x00, 0x00, 0x00, 0x00, 0x00, 0x00, 0x00, 0x00, 0x00, 0x00,
  0x00, 0x00, 0x00, 0x00, 0x00, 0x00, 0x00, 0x00, 0x00, 0x00, 0x00, 0x00,
  0x00, 0x00, 0x00, 0x00, 0x00, 0x00, 0x00, 0x00, 0x00, 0x00, 0x00, 0x00,
  0x00, 0x00, 0x00, 0x00, 0x00, 0x00, 0x00, 0x00, 0x00, 0x00, 0x00, 0x00,
  0x00, 0x00, 0x00, 0x00, 0x00, 0x00, 0x00, 0x00, 0x00, 0x00, 0x00, 0x00,
  0x00, 0x00, 0x00, 0x00, 0x00, 0x00, 0x00, 0x00, 0x00, 0x00, 0x00, 0x00,
  0x00, 0x00, 0x00, 0x00, 0x00, 0x00, 0x00, 0x00, 0x00, 0x00, 0x00, 0x00,
  0x00, 0x00, 0x00, 0x00, 0x00, 0x00, 0x00, 0x00, 0x00, 0x00, 0x00, 0x00,
  0x00, 0x00, 0x00, 0x00, 0x00, 0x00, 0x00, 0x00, 0x00, 0x00, 0x00, 0x00,
  0x00, 0x00, 0x00, 0x00, 0x00, 0x00, 0x00, 0x00, 0x00, 0x00, 0x00, 0x00,
  0x00, 0x00, 0x00, 0x00, 0x00, 0x00, 0x00, 0x00, 0x00, 0x00, 0x00, 0x00,
  0x00, 0x00, 0x00, 0x00, 0x00, 0x00, 0x00, 0x00, 0x00, 0x00, 0x00, 0x00,
  0x00, 0x00, 0x00, 0x00, 0x00, 0x00, 0x00, 0x00, 0x00, 0x00, 0x00, 0x00,
  0x00, 0x00, 0x00, 0x00, 0x00, 0x00, 0x00, 0x00, 0x00, 0x00, 0x00, 0x00,
  0x00, 0x00, 0x00, 0x00, 0x00, 0x00, 0x00, 0x00, 0x00, 0x00, 0x00, 0x00,
  0x00, 0x00, 0x00, 0x00, 0x00, 0x00, 0x00, 0x00, 0x00, 0x00, 0x00, 0x00,
  0x00, 0x00, 0x00, 0x00, 0x00, 0x00, 0x00, 0x00, 0x00, 0x00, 0x00, 0x00,
  0x00, 0x00, 0x00, 0x00, 0x00, 0x00, 0x00, 0x00, 0x00, 0x00, 0x00, 0x00,
  0x00, 0x00, 0x00, 0x00, 0x00, 0x00, 0x00, 0x00, 0x00, 0x00, 0x00, 0x00,
  0x00, 0x00, 0x00, 0x00, 0x00, 0x00, 0x00, 0x00, 0x00, 0x00, 0x00, 0x00,
  0x00, 0x00, 0x00, 0x00, 0x00, 0x00, 0x00, 0x00, 0x00, 0x00, 0x00, 0x00,
  0x00, 0x00, 0x00, 0x00, 0x00, 0x00, 0x00, 0x00, 0x00, 0x00, 0x00, 0x00,
  0x00, 0x00, 0x00, 0x00, 0x00, 0x00, 0x00, 0x00, 0x00, 0x00, 0x00, 0x00,
  0x00, 0x00, 0x00, 0x00, 0x00, 0x00, 0x00, 0x00, 0x00, 0x00, 0x00, 0x00,
  0x00, 0x00, 0x00, 0x00, 0x00, 0x00, 0x00, 0x00, 0x00, 0x00, 0x00, 0x00,
  0x00, 0x00, 0x00, 0x00, 0x00, 0x00, 0x00, 0x00, 0x00, 0x00, 0x00, 0x00,
  0x00, 0x00, 0x00, 0x00, 0x00, 0x00, 0x00, 0x00, 0x00, 0x00, 0x00, 0x00,
  0x00, 0x00, 0x00, 0x00, 0x00, 0x00, 0x00, 0x00, 0x00, 0x00, 0x00, 0x00,
  0x00, 0x00, 0x00, 0x00, 0x00, 0x00, 0x00, 0x00, 0x00, 0x00, 0x00, 0x00,
  0x00, 0x00, 0x00, 0x00, 0x00, 0x00, 0x00, 0x00, 0x00, 0x00, 0x00, 0x00,
  0x00, 0x00, 0x00, 0x00, 0x00, 0x00, 0x00, 0x00, 0x00, 0x00, 0x00, 0x00,
  0x00, 0x00, 0x00, 0x00, 0x00, 0x00, 0x00, 0x00, 0x00, 0x00, 0x00, 0x00,
  0x00, 0x00, 0x00, 0x00, 0x00, 0x00, 0x00, 0x00, 0x00, 0x00, 0x00, 0x00,
  0x00, 0x00, 0x00, 0x00, 0x00, 0x00, 0x00, 0x00, 0x00, 0x00, 0x00, 0x00,
  0x00, 0x00, 0x00, 0x00, 0x00, 0x00, 0x00, 0x00, 0x00, 0x00, 0x00, 0x00,
  0x00, 0x00, 0x00, 0x00, 0x00, 0x00, 0x00, 0x00, 0x00, 0x00, 0x00, 0x00,
  0x00, 0x00, 0x00, 0x00, 0x00, 0x00, 0x00, 0x00, 0x00, 0x00, 0x00, 0x00,
  0x00, 0x00, 0x00, 0x00, 0x00, 0x00, 0x00, 0x00, 0x00, 0x00, 0x00, 0x00,
  0x00, 0x00, 0x00, 0x00, 0x00, 0x00, 0x00, 0x00, 0x00, 0x00, 0x00, 0x00,
  0x00, 0x00, 0x00, 0x00, 0x00, 0x00, 0x00, 0x00, 0x00, 0x00, 0x00, 0x00,
  0x00, 0x00, 0x00, 0x00, 0x00, 0x00, 0x00, 0x00, 0x00, 0x00, 0x00, 0x00,
  0x00, 0x00, 0x00, 0x00, 0x00, 0x00, 0x00, 0x00, 0x00, 0x00, 0x00, 0x00,
  0x00, 0x00, 0x00, 0x00, 0x00, 0x00, 0x00, 0x00, 0x00, 0x00, 0x00, 0x00,
  0x00, 0x00, 0x00, 0x00, 0x00, 0x00, 0x00, 0x00, 0x00, 0x00, 0x00, 0x00,
  0x00, 0x00, 0x00, 0x00, 0x00, 0x00, 0x00, 0x00, 0x00, 0x00, 0x00, 0x00,
  0x00, 0x00, 0x00, 0x00, 0x00, 0x00, 0x00, 0x00, 0x00, 0x00, 0x00, 0x00,
  0x00, 0x00, 0x00, 0x00, 0x00, 0x00, 0x00, 0x00, 0x00, 0x00, 0x00, 0x00,
  0x00, 0x00, 0x00, 0x00, 0x00, 0x00, 0x00, 0x00, 0x00, 0x00, 0x00, 0x00,
  0x00, 0x00, 0x00, 0x00, 0x00, 0x00, 0x00, 0x00, 0x00, 0x00, 0x00, 0x00,
  0x00, 0x00, 0x00, 0x00, 0x00, 0x00, 0x00, 0x00, 0x00, 0x00, 0x00, 0x00,
  0x00, 0x00, 0x00, 0x00, 0x00, 0x00, 0x00, 0x00, 0x00, 0x00, 0x00, 0x00,
  0x00, 0x00, 0x00, 0x00, 0x00, 0x00, 0x00, 0x00, 0x00, 0x00, 0x00, 0x00,
  0x00, 0x00, 0x00, 0x00, 0x00, 0x00, 0x00, 0x00, 0x00, 0x00, 0x00, 0x00,
  0x00, 0x00, 0x00, 0x00, 0x00, 0x00, 0x00, 0x00, 0x00, 0x00, 0x00, 0x00,
  0x00, 0x00, 0x00, 0x00, 0x00, 0x00, 0x00, 0x00, 0x00, 0x00, 0x00, 0x00,
  0x00, 0x00, 0x00, 0x00, 0x00, 0x00, 0x00, 0x00, 0x00, 0x00, 0x00, 0x00,
  0x00, 0x00, 0x00, 0x00, 0x00, 0x00, 0x00, 0x00, 0x00, 0x00, 0x00, 0x00,
  0x00, 0x00, 0x00, 0x00, 0x00, 0x00, 0x00, 0x00, 0x00, 0x00, 0x00, 0x00,
  0x00, 0x00, 0x00, 0x00, 0x00, 0x00, 0x00, 0x00, 0x00, 0x00, 0x00, 0x00,
  0x00, 0x00, 0x00, 0x00, 0x00, 0x00, 0x00, 0x00, 0x00, 0x00, 0x00, 0x00,
  0x00, 0x00, 0x00, 0x00, 0x00, 0x00, 0x00, 0x00, 0x00, 0x00, 0x00, 0x00,
  0x00, 0x00, 0x00, 0x00, 0x00, 0x00, 0x00, 0x00, 0x00, 0x00, 0x00, 0x00,
  0x00, 0x00, 0x00, 0x00, 0x00, 0x00, 0x00, 0x00, 0x00, 0x00, 0x00, 0x00,
  0x00, 0x00, 0x00, 0x00, 0x00, 0x00, 0x00, 0x00, 0x00, 0x00, 0x00, 0x00,
  0x00, 0x00, 0x00, 0x00, 0x00, 0x00, 0x00, 0x00, 0x00, 0x00, 0x00, 0x00,
  0x00, 0x00, 0x00, 0x00, 0x00, 0x00, 0x00, 0x00, 0x00, 0x00, 0x00, 0x00,
  0x00, 0x00, 0x00, 0x00, 0x00, 0x00, 0x00, 0x00, 0x00, 0x00, 0x00, 0x00,
  0x00, 0x00, 0x00, 0x00, 0x00, 0x00, 0x00, 0x00, 0x00, 0x00, 0x00, 0x00,
  0x00, 0x00, 0x00, 0x00, 0x00, 0x00, 0x00, 0x00, 0x00, 0x00, 0x00, 0x00,
  0x00, 0x00, 0x00, 0x00, 0x00, 0x00, 0x00, 0x00, 0x00, 0x00, 0x00, 0x00,
  0x00, 0x00, 0x00, 0x00, 0x00, 0x00, 0x00, 0x00, 0x00, 0x00, 0x00, 0x00,
  0x00, 0x00, 0x00, 0x00, 0x00, 0x00, 0x00, 0x00, 0x00, 0x00, 0x00, 0x00,
  0x00, 0x00, 0x00, 0x00, 0x00, 0x00, 0x00, 0x00, 0x00, 0x00, 0x00, 0x00,
  0x00, 0x00, 0x00, 0x00, 0x00, 0x00, 0x00, 0x00, 0x00, 0x00, 0x00, 0x00,
  0x00, 0x00, 0x00, 0x00, 0x00, 0x00, 0x00, 0x00, 0x00, 0x00, 0x00, 0x00,
  0x00, 0x00, 0x00, 0x00, 0x00, 0x00, 0x00, 0x00, 0x00, 0x00, 0x00, 0x00,
  0x00, 0x00, 0x00, 0x00, 0x00, 0x00, 0x00, 0x00, 0x00, 0x00, 0x00, 0x00,
  0x00, 0x00, 0x00, 0x00, 0x00, 0x00, 0x00, 0x00, 0x00, 0x00, 0x00, 0x00,
  0x00, 0x00, 0x00, 0x00, 0x00, 0x00, 0x00, 0x00, 0x00, 0x00, 0x00, 0x00,
  0x00, 0x00, 0x00, 0x00, 0x00, 0x00, 0x00, 0x00, 0x00, 0x00, 0x00, 0x00,
  0x00, 0x00, 0x00, 0x00, 0x00, 0x00, 0x00, 0x00, 0x00, 0x00, 0x00, 0x00,
  0x00, 0x00, 0x00, 0x00, 0x00, 0x00, 0x00, 0x00, 0x00, 0x00, 0x00, 0x00,
  0x00, 0x00, 0x00, 0x00, 0x00, 0x00, 0x00, 0x00, 0x00, 0x00, 0x00, 0x00,
  0x00, 0x00, 0x00, 0x00, 0x00, 0x00, 0x00, 0x00, 0x00, 0x00, 0x00, 0x00,
  0x00, 0x00, 0x00, 0x00, 0x00, 0x00, 0x00, 0x00, 0x00, 0x00, 0x00, 0x00,
  0x00, 0x00, 0x00, 0x00, 0x00, 0x00, 0x00, 0x00, 0x00, 0x00, 0x00, 0x00,
  0x00, 0x00, 0x00, 0x00, 0x00, 0x00, 0x00, 0x00, 0x00, 0x00, 0x00, 0x00,
  0x00, 0x00, 0x00, 0x00, 0x00, 0x00, 0x00, 0x00, 0x00, 0x00, 0x00, 0x00,
  0x00, 0x00, 0x00, 0x00, 0x00, 0x00, 0x00, 0x00, 0x00, 0x00, 0x00, 0x00,
  0x00, 0x00, 0x00, 0x00, 0x00, 0x00, 0x00, 0x00, 0x00, 0x00, 0x00, 0x00,
  0x00, 0x00, 0x00, 0x00, 0x00, 0x00, 0x00, 0x00, 0x00, 0x00, 0x00, 0x00,
  0x00, 0x00, 0x00, 0x00, 0x00, 0x00, 0x00, 0x00, 0x00, 0x00, 0x00, 0x00,
  0x00, 0x00, 0x00, 0x00, 0x00, 0x00, 0x00, 0x00, 0x00, 0x00, 0x00, 0x00,
  0x00, 0x00, 0x00, 0x00, 0x00, 0x00, 0x00, 0x00, 0x00, 0x00, 0x00, 0x00,
  0x00, 0x00, 0x00, 0x00, 0x00, 0x00, 0x00, 0x00, 0x00, 0x00, 0x00, 0x00,
  0x00, 0x00, 0x00, 0x00, 0x00, 0x00, 0x00, 0x00, 0x00, 0x00, 0x00, 0x00,
  0x00, 0x00, 0x00, 0x00, 0x00, 0x00, 0x00, 0x00, 0x00, 0x00, 0x00, 0x00,
  0x00, 0x00, 0x00, 0x00, 0x00, 0x00, 0x00, 0x00, 0x00, 0x00, 0x00, 0x00,
  0x00, 0x00, 0x00, 0x00, 0x00, 0x00, 0x00, 0x00, 0x00, 0x00, 0x00, 0x00,
  0x00, 0x00, 0x00, 0x00, 0x00, 0x00, 0x00, 0x00, 0x00, 0x00, 0x00, 0x00,
  0x00, 0x00, 0x00, 0x00, 0x00, 0x00, 0x00, 0x00, 0x00, 0x00, 0x00, 0x00,
  0x00, 0x00, 0x00, 0x00, 0x00, 0x00, 0x00, 0x00, 0x00, 0x00, 0x00, 0x00,
  0x00, 0x00, 0x00, 0x00, 0x00, 0x00, 0x00, 0x00, 0x00, 0x00, 0x00, 0x00,
  0x00, 0x00, 0x00, 0x00, 0x00, 0x00, 0x00, 0x00, 0x00, 0x00, 0x00, 0x00,
  0x00, 0x00, 0x00, 0x00, 0x00, 0x00, 0x00, 0x00, 0x00, 0x00, 0x00, 0x00,
  0x00, 0x00, 0x00, 0x00, 0x00, 0x00, 0x00, 0x00, 0x00, 0x00, 0x00, 0x00,
  0x00, 0x00, 0x00, 0x00, 0x00, 0x00, 0x00, 0x00, 0x00, 0x00, 0x00, 0x00,
  0x00, 0x00, 0x00, 0x00, 0x00, 0x00, 0x00, 0x00, 0x00, 0x00, 0x00, 0x00,
  0x00, 0x00, 0x00, 0x00, 0x00, 0x00, 0x00, 0x00, 0x00, 0x00, 0x00, 0x00,
  0x00, 0x00, 0x00, 0x00, 0x00, 0x00, 0x00, 0x00, 0x00, 0x00, 0x00, 0x00,
  0x00, 0x00, 0x00, 0x00, 0x00, 0x00, 0x00, 0x00, 0x00, 0x00, 0x00, 0x00,
  0x00, 0x00, 0x00, 0x00, 0x00, 0x00, 0x00, 0x00, 0x00, 0x00, 0x00, 0x00,
  0x00, 0x00, 0x00, 0x00, 0x00, 0x00, 0x00, 0x00, 0x00, 0x00, 0x00, 0x00,
  0x00, 0x00, 0x00, 0x00, 0x00, 0x00, 0x00, 0x00, 0x00, 0x00, 0x00, 0x00,
  0x00, 0x00, 0x00, 0x00, 0x00, 0x00, 0x00, 0x00, 0x00, 0x00, 0x00, 0x00,
  0x00, 0x00, 0x00, 0x00, 0x00, 0x00, 0x00, 0x00, 0x00, 0x00, 0x00, 0x00,
  0x00, 0x00, 0x00, 0x00, 0x00, 0x00, 0x00, 0x00, 0x00, 0x00, 0x00, 0x00,
  0x00, 0x00, 0x00, 0x00, 0x00, 0x00, 0x00, 0x00, 0x00, 0x00, 0x00, 0x00,
  0x00, 0x00, 0x00, 0x00, 0x00, 0x00, 0x00, 0x00, 0x00, 0x00, 0x00, 0x00,
  0x00, 0x00, 0x00, 0x00, 0x00, 0x00, 0x00, 0x00, 0x00, 0x00, 0x00, 0x00,
  0x00, 0x00, 0x00, 0x00, 0x00, 0x00, 0x00, 0x00, 0x00, 0x00, 0x00, 0x00,
  0x00, 0x00, 0x00, 0x00, 0x00, 0x00, 0x00, 0x00, 0x00, 0x00, 0x00, 0x00,
  0x00, 0x00, 0x00, 0x00, 0x00, 0x00, 0x00, 0x00, 0x00, 0x00, 0x00, 0x00,
  0x00, 0x00, 0x00, 0x00, 0x00, 0x00, 0x00, 0x00, 0x00, 0x00, 0x00, 0x00,
  0x00, 0x00, 0x00, 0x00, 0x00, 0x00, 0x00, 0x00, 0x00, 0x00, 0x00, 0x00,
  0x00, 0x00, 0x00, 0x00, 0x00, 0x00, 0x00, 0x00, 0x00, 0x00, 0x00, 0x00,
  0x00, 0x00, 0x00, 0x00, 0x00, 0x00, 0x00, 0x00, 0x00, 0x00, 0x00, 0x00,
  0x00, 0x00, 0x00, 0x00, 0x00, 0x00, 0x00, 0x00, 0x00, 0x00, 0x00, 0x00,
  0x00, 0x00, 0x00, 0x00, 0x00, 0x00, 0x00, 0x00, 0x00, 0x00, 0x00, 0x00,
  0x00, 0x00, 0x00, 0x00, 0x00, 0x00, 0x00, 0x00, 0x00, 0x00, 0x00, 0x00,
  0x00, 0x00, 0x00, 0x00, 0x00, 0x00, 0x00, 0x00, 0x00, 0x00, 0x00, 0x00,
  0x00, 0x00, 0x00, 0x00, 0x00, 0x00, 0x00, 0x00, 0x00, 0x00, 0x00, 0x00,
  0x00, 0x00, 0x00, 0x00, 0x00, 0x00, 0x00, 0x00, 0x00, 0x00, 0x00, 0x00,
  0x00, 0x00, 0x00, 0x00, 0x00, 0x00, 0x00, 0x00, 0x00, 0x00, 0x00, 0x00,
  0x00, 0x00, 0x00, 0x00, 0x00, 0x00, 0x00, 0x00, 0x00, 0x00, 0x00, 0x00,
  0x00, 0x00, 0x00, 0x00, 0x00, 0x00, 0x00, 0x00, 0x00, 0x00, 0x00, 0x00,
  0x00, 0x00, 0x00, 0x00, 0x00, 0x00, 0x00, 0x00, 0x00, 0x00, 0x00, 0x00,
  0x00, 0x00, 0x00, 0x00, 0x00, 0x00, 0x00, 0x00, 0x00, 0x00, 0x00, 0x00,
  0x00, 0x00, 0x00, 0x00, 0x00, 0x00, 0x00, 0x00, 0x00, 0x00, 0x00, 0x00,
  0x00, 0x00, 0x00, 0x00, 0x00, 0x00, 0x00, 0x00, 0x00, 0x00, 0x00, 0x00,
  0x00, 0x00, 0x00, 0x00, 0x00, 0x00, 0x00, 0x00, 0x00, 0x00, 0x00, 0x00,
  0x00, 0x00, 0x00, 0x00, 0x00, 0x00, 0x00, 0x00, 0x00, 0x00, 0x00, 0x00,
  0x00, 0x00, 0x00, 0x00, 0x00, 0x00, 0x00, 0x00, 0x00, 0x00, 0x00, 0x00,
  0x00, 0x00, 0x00, 0x00, 0x00, 0x00, 0x00, 0x00, 0x00, 0x00, 0x00, 0x00,
  0x00, 0x00, 0x00, 0x00, 0x00, 0x00, 0x00, 0x00, 0x00, 0x00, 0x00, 0x00,
  0x00, 0x00, 0x00, 0x00, 0x00, 0x00, 0x00, 0x00, 0x00, 0x00, 0x00, 0x00,
  0x00, 0x00, 0x00, 0x00, 0x00, 0x00, 0x00, 0x00, 0x00, 0x00, 0x00, 0x00,
  0x00, 0x00, 0x00, 0x00, 0x00, 0x00, 0x00, 0x00, 0x00, 0x00, 0x00, 0x00,
  0x00, 0x00, 0x00, 0x00, 0x00, 0x00, 0x00, 0x00, 0x00, 0x00, 0x00, 0x00,
  0x00, 0x00, 0x00, 0x00, 0x00, 0x00, 0x00, 0x00, 0x00, 0x00, 0x00, 0x00,
  0x00, 0x00, 0x00, 0x00, 0x00, 0x00, 0x00, 0x00, 0x00, 0x00, 0x00, 0x00,
  0x00, 0x00, 0x00, 0x00, 0x00, 0x00, 0x00, 0x00, 0x00, 0x00, 0x00, 0x00,
  0x00, 0x00, 0x00, 0x00, 0x00, 0x00, 0x00, 0x00, 0x00, 0x00, 0x00, 0x00,
  0x00, 0x00, 0x00, 0x00, 0x00, 0x00, 0x00, 0x00, 0x00, 0x00, 0x00, 0x00,
  0x00, 0x00, 0x00, 0x00, 0x00, 0x00, 0x00, 0x00, 0x00, 0x00, 0x00, 0x00,
  0x00, 0x00, 0x00, 0x00, 0x00, 0x00, 0x00, 0x00, 0x00, 0x00, 0x00, 0x00,
  0x00, 0x00, 0x00, 0x00, 0x00, 0x00, 0x00, 0x00, 0x00, 0x00, 0x00, 0x00,
  0x00, 0x00, 0x00, 0x00, 0x00, 0x00, 0x00, 0x00, 0x00, 0x00, 0x00, 0x00,
  0x00, 0x00, 0x00, 0x00, 0x00, 0x00, 0x00, 0x00, 0x00, 0x00, 0x00, 0x00,
  0x00, 0x00, 0x00, 0x00, 0x00, 0x00, 0x00, 0x00, 0x00, 0x00, 0x00, 0x00,
  0x00, 0x00, 0x00, 0x00, 0x00, 0x00, 0x00, 0x00, 0x00, 0x00, 0x00, 0x00,
  0x00, 0x00, 0x00, 0x00, 0x00, 0x00, 0x00, 0x00, 0x00, 0x00, 0x00, 0x00,
  0x00, 0x00, 0x00, 0x00, 0x00, 0x00, 0x00, 0x00, 0x00, 0x00, 0x00, 0x00,
  0x00, 0x00, 0x00, 0x00, 0x00, 0x00, 0x00, 0x00, 0x00, 0x00, 0x00, 0x00,
  0x00, 0x00, 0x00, 0x00, 0x00, 0x00, 0x00, 0x00, 0x00, 0x00, 0x00, 0x00,
  0x00, 0x00, 0x00, 0x00, 0x00, 0x00, 0x00, 0x00, 0x00, 0x00, 0x00, 0x00,
  0x00, 0x00, 0x00, 0x00, 0x00, 0x00, 0x00, 0x00, 0x00, 0x00, 0x00, 0x00,
  0x00, 0x00, 0x00, 0x00, 0x00, 0x00, 0x00, 0x00, 0x00, 0x00, 0x00, 0x00,
  0x00, 0x00, 0x00, 0x00, 0x00, 0x00, 0x00, 0x00, 0x00, 0x00, 0x00, 0x00,
  0x00, 0x00, 0x00, 0x00, 0x00, 0x00, 0x00, 0x00, 0x00, 0x00, 0x00, 0x00,
  0x00, 0x00, 0x00, 0x00, 0x00, 0x00, 0x00, 0x00, 0x00, 0x00, 0x00, 0x00,
  0x00, 0x00, 0x00, 0x00, 0x00, 0x00, 0x00, 0x00, 0x00, 0x00, 0x00, 0x00,
  0x00, 0x00, 0x00, 0x00, 0x00, 0x00, 0x00, 0x00, 0x00, 0x00, 0x00, 0x00,
  0x00, 0x00, 0x00, 0x00, 0x00, 0x00, 0x00, 0x00, 0x00, 0x00, 0x00, 0x00,
  0x00, 0x00, 0x00, 0x00, 0x00, 0x00, 0x00, 0x00, 0x00, 0x00, 0x00, 0x00,
  0x00, 0x00, 0x00, 0x00, 0x00, 0x00, 0x00, 0x00, 0x00, 0x00, 0x00, 0x00,
  0x00, 0x00, 0x00, 0x00, 0x00, 0x00, 0x00, 0x00, 0x00, 0x00, 0x00, 0x00,
  0x00, 0x00, 0x00, 0x00, 0x00, 0x00, 0x00, 0x00, 0x00, 0x00, 0x00, 0x00,
  0x00, 0x00, 0x00, 0x00, 0x00, 0x00, 0x00, 0x00, 0x00, 0x00, 0x00, 0x00,
  0x00, 0x00, 0x00, 0x00, 0x00, 0x00, 0x00, 0x00, 0x00, 0x00, 0x00, 0x00,
  0x00, 0x00, 0x00, 0x00, 0x00, 0x00, 0x00, 0x00, 0x00, 0x00, 0x00, 0x00,
  0x00, 0x00, 0x00, 0x00, 0x00, 0x00, 0x00, 0x00, 0x00, 0x00, 0x00, 0x00,
  0x00, 0x00, 0x00, 0x00, 0x00, 0x00, 0x00, 0x00, 0x00, 0x00, 0x00, 0x00,
  0x00, 0x00, 0x00, 0x00, 0x00, 0x00, 0x00, 0x00, 0x00, 0x00, 0x00, 0x00,
  0x00, 0x00, 0x00, 0x00, 0x00, 0x00, 0x00, 0x00, 0x00, 0x00, 0x00, 0x00,
  0x00, 0x00, 0x00, 0x00, 0x00, 0x00, 0x00, 0x00, 0x00, 0x00, 0x00, 0x00,
  0x00, 0x00, 0x00, 0x00, 0x00, 0x00, 0x00, 0x00, 0x00, 0x00, 0x00, 0x00,
  0x00, 0x00, 0x00, 0x00, 0x00, 0x00, 0x00, 0x00, 0x00, 0x00, 0x00, 0x00,
  0x00, 0x00, 0x00, 0x00, 0x00, 0x00, 0x00, 0x00, 0x00, 0x00, 0x00, 0x00,
  0x00, 0x00, 0x00, 0x00, 0x00, 0x00, 0x00, 0x00, 0x00, 0x00, 0x00, 0x00,
  0x00, 0x00, 0x00, 0x00, 0x00, 0x00, 0x00, 0x00, 0x00, 0x00, 0x00, 0x00,
  0x00, 0x00, 0x00, 0x00, 0x00, 0x00, 0x00, 0x00, 0x00, 0x00, 0x00, 0x00,
  0x00, 0x00, 0x00, 0x00, 0x00, 0x00, 0x00, 0x00, 0x00, 0x00, 0x00, 0x00,
  0x00, 0x00, 0x00, 0x00, 0x00, 0x00, 0x00, 0x00, 0x00, 0x00, 0x00, 0x00,
  0x00, 0x00, 0x00, 0x00, 0x00, 0x00, 0x00, 0x00, 0x00, 0x00, 0x00, 0x00,
  0x00, 0x00, 0x00, 0x00, 0x00, 0x00, 0x00, 0x00, 0x00, 0x00, 0x00, 0x00,
  0x00, 0x00, 0x00, 0x00, 0x00, 0x00, 0x00, 0x00, 0x00, 0x00, 0x00, 0x00,
  0x00, 0x00, 0x00, 0x00, 0x00, 0x00, 0x00, 0x00, 0x00, 0x00, 0x00, 0x00,
  0x00, 0x00, 0x00, 0x00, 0x00, 0x00, 0x00, 0x00, 0x00, 0x00, 0x00, 0x00,
  0x00, 0x00, 0x00, 0x00, 0x00, 0x00, 0x00, 0x00, 0x00, 0x00, 0x00, 0x00,
  0x00, 0x00, 0x00, 0x00, 0x00, 0x00, 0x00, 0x00, 0x00, 0x00, 0x00, 0x00,
  0x00, 0x00, 0x00, 0x00, 0x00, 0x00, 0x00, 0x00, 0x00, 0x00, 0x00, 0x00,
  0x00, 0x00, 0x00, 0x00, 0x00, 0x00, 0x00, 0x00, 0x00, 0x00, 0x00, 0x00,
  0x00, 0x00, 0x00, 0x00, 0x00, 0x00, 0x00, 0x00, 0x00, 0x00, 0x00, 0x00,
  0x00, 0x00, 0x00, 0x00, 0x00, 0x00, 0x00, 0x00, 0x00, 0x00, 0x00, 0x00,
  0x00, 0x00, 0x00, 0x00, 0x00, 0x00, 0x00, 0x00, 0x00, 0x00, 0x00, 0x00,
  0x00, 0x00, 0x00, 0x00, 0x00, 0x00, 0x00, 0x00, 0x00, 0x00, 0x00, 0x00,
  0x00, 0x00, 0x00, 0x00, 0x00, 0x00, 0x00, 0x00, 0x00, 0x00, 0x00, 0x00,
  0x00, 0x00, 0x00, 0x00, 0x00, 0x00, 0x00, 0x00, 0x00, 0x00, 0x00, 0x00,
  0x00, 0x00, 0x00, 0x00, 0x00, 0x00, 0x00, 0x00, 0x00, 0x00, 0x00, 0x00,
  0x00, 0x00, 0x00, 0x00, 0x00, 0x00, 0x00, 0x00, 0x00, 0x00, 0x00, 0x00,
  0x00, 0x00, 0x00, 0x00, 0x00, 0x00, 0x00, 0x00, 0x00, 0x00, 0x00, 0x00,
  0x00, 0x00, 0x00, 0x00, 0x00, 0x00, 0x00, 0x00, 0x00, 0x00, 0x00, 0x00,
  0x00, 0x00, 0x00, 0x00, 0x00, 0x00, 0x00, 0x00, 0x00, 0x00, 0x00, 0x00,
  0x00, 0x00, 0x00, 0x00, 0x00, 0x00, 0x00, 0x00, 0x00, 0x00, 0x00, 0x00,
  0x00, 0x00, 0x00, 0x00, 0x00, 0x00, 0x00, 0x00, 0x00, 0x00, 0x00, 0x00,
  0x00, 0x00, 0x00, 0x00, 0x00, 0x00, 0x00, 0x00, 0x00, 0x00, 0x00, 0x00,
  0x00, 0x00, 0x00, 0x00, 0x00, 0x00, 0x00, 0x00, 0x00, 0x00, 0x00, 0x00,
  0x00, 0x00, 0x00, 0x00, 0x00, 0x00, 0x00, 0x00, 0x00, 0x00, 0x00, 0x00,
  0x00, 0x00, 0x00, 0x00, 0x00, 0x00, 0x00, 0x00, 0x00, 0x00, 0x00, 0x00,
  0x00, 0x00, 0x00, 0x00, 0x00, 0x00, 0x00, 0x00, 0x00, 0x00, 0x00, 0x00,
  0x00, 0x00, 0x00, 0x00, 0x00, 0x00, 0x00, 0x00, 0x00, 0x00, 0x00, 0x00,
  0x00, 0x00, 0x00, 0x00, 0x00, 0x00, 0x00, 0x00, 0x00, 0x00, 0x00, 0x00,
  0x00, 0x00, 0x00, 0x00, 0x00, 0x00, 0x00, 0x00, 0x00, 0x00, 0x00, 0x00,
  0x00, 0x00, 0x00, 0x00, 0x00, 0x00, 0x00, 0x00, 0x00, 0x00, 0x00, 0x00,
  0x00, 0x00, 0x00, 0x00, 0x00, 0x00, 0x00, 0x00, 0x00, 0x00, 0x00, 0x00,
  0x00, 0x00, 0x00, 0x00, 0x00, 0x00, 0x00, 0x00, 0x00, 0x00, 0x00, 0x00,
  0x00, 0x00, 0x00, 0x00, 0x00, 0x00, 0x00, 0x00, 0x00, 0x00, 0x00, 0x00,
  0x00, 0x00, 0x00, 0x00, 0x00, 0x00, 0x00, 0x00, 0x00, 0x00, 0x00, 0x00,
  0x00, 0x00, 0x00, 0x00, 0x00, 0x00, 0x00, 0x00, 0x00, 0x00, 0x00, 0x00,
  0x00, 0x00, 0x00, 0x00, 0x00, 0x00, 0x00, 0x00, 0x00, 0x00, 0x00, 0x00,
  0x00, 0x00, 0x00, 0x00, 0x00, 0x00, 0x00, 0x00, 0x00, 0x00, 0x00, 0x00,
  0x00, 0x00, 0x00, 0x00, 0x00, 0x00, 0x00, 0x00, 0x00, 0x00, 0x00, 0x00,
  0x00, 0x00, 0x00, 0x00, 0x00, 0x00, 0x00, 0x00, 0x00, 0x00, 0x00, 0x00,
  0x00, 0x00, 0x00, 0x00, 0x00, 0x00, 0x00, 0x00, 0x00, 0x00, 0x00, 0x00,
  0x00, 0x00, 0x00, 0x00, 0x00, 0x00, 0x00, 0x00, 0x00, 0x00, 0x00, 0x00,
  0x00, 0x00, 0x00, 0x00, 0x00, 0x00, 0x00, 0x00, 0x00, 0x00, 0x00, 0x00,
  0x00, 0x00, 0x00, 0x00, 0x00, 0x00, 0x00, 0x00, 0x00, 0x00, 0x00, 0x00,
  0x00, 0x00, 0x00, 0x00, 0x00, 0x00, 0x00, 0x00, 0x00, 0x00, 0x00, 0x00,
  0x00, 0x00, 0x00, 0x00, 0x00, 0x00, 0x00, 0x00, 0x00, 0x00, 0x00, 0x00,
  0x00, 0x00, 0x00, 0x00, 0x00, 0x00, 0x00, 0x00, 0x00, 0x00, 0x00, 0x00,
  0x00, 0x00, 0x00, 0x00, 0x00, 0x00, 0x00, 0x00, 0x00, 0x00, 0x00, 0x00,
  0x00, 0x00, 0x00, 0x00, 0x00, 0x00, 0x00, 0x00, 0x00, 0x00, 0x00, 0x00,
  0x00, 0x00, 0x00, 0x00, 0x00, 0x00, 0x00, 0x00, 0x00, 0x00, 0x00, 0x00,
  0x00, 0x00, 0x00, 0x00, 0x00, 0x00, 0x00, 0x00, 0x00, 0x00, 0x00, 0x00,
  0x00, 0x00, 0x00, 0x00, 0x00, 0x00, 0x00, 0x00, 0x00, 0x00, 0x00, 0x00,
  0x00, 0x00, 0x00, 0x00, 0x00, 0x00, 0x00, 0x00, 0x00, 0x00, 0x00, 0x00,
  0x00, 0x00, 0x00, 0x00, 0x00, 0x00, 0x00, 0x00, 0x00, 0x00, 0x00, 0x00,
  0x00, 0x00, 0x00, 0x00, 0x00, 0x00, 0x00, 0x00, 0x00, 0x00, 0x00, 0x00,
  0x00, 0x00, 0x00, 0x00, 0x00, 0x00, 0x00, 0x00, 0x00, 0x00, 0x00, 0x00,
  0x00, 0x00, 0x00, 0x00, 0x00, 0x00, 0x00, 0x00, 0x00, 0x00, 0x00, 0x00,
  0x00, 0x00, 0x00, 0x00, 0x00, 0x00, 0x00, 0x00, 0x00, 0x00, 0x00, 0x00,
  0x00, 0x00, 0x00, 0x00, 0x00, 0x00, 0x00, 0x00, 0x00, 0x00, 0x00, 0x00,
  0x00, 0x00, 0x00, 0x00, 0x00, 0x00, 0x00, 0x00, 0x00, 0x00, 0x00, 0x00,
  0x00, 0x00, 0x00, 0x00, 0x00, 0x00, 0x00, 0x00, 0x00, 0x00, 0x00, 0x00,
  0x00, 0x00, 0x00, 0x00, 0x00, 0x00, 0x00, 0x00, 0x00, 0x00, 0x00, 0x00,
  0x00, 0x00, 0x00, 0x00, 0x00, 0x00, 0x00, 0x00, 0x00, 0x00, 0x00, 0x00,
  0x00, 0x00, 0x00, 0x00, 0x00, 0x00, 0x00, 0x00, 0x00, 0x00, 0x00, 0x00,
  0x00, 0x00, 0x00, 0x00, 0x00, 0x00, 0x00, 0x00, 0x00, 0x00, 0x00, 0x00,
  0x00, 0x00, 0x00, 0x00, 0x00, 0x00, 0x00, 0x00, 0x00, 0x00, 0x00, 0x00,
  0x00, 0x00, 0x00, 0x00, 0x00, 0x00, 0x00, 0x00, 0x00, 0x00, 0x00, 0x00,
  0x00, 0x00, 0x00, 0x00, 0x00, 0x00, 0x00, 0x00, 0x00, 0x00, 0x00, 0x00,
  0x00, 0x00, 0x00, 0x00, 0x00, 0x00, 0x00, 0x00, 0x00, 0x00, 0x00, 0x00,
  0x00, 0x00, 0x00, 0x00, 0x00, 0x00, 0x00, 0x00, 0x00, 0x00, 0x00, 0x00,
  0x00, 0x00, 0x00, 0x00, 0x00, 0x00, 0x00, 0x00, 0x00, 0x00, 0x00, 0x00,
  0x00, 0x00, 0x00, 0x00, 0x00, 0x00, 0x00, 0x00, 0x00, 0x00, 0x00, 0x00,
  0x00, 0x00, 0x00, 0x00, 0x00, 0x00, 0x00, 0x00, 0x00, 0x00, 0x00, 0x00,
  0x00, 0x00, 0x00, 0x00, 0x00, 0x00, 0x00, 0x00, 0x00, 0x00, 0x00, 0x00,
  0x00, 0x00, 0x00, 0x00, 0x00, 0x00, 0x00, 0x00, 0x00, 0x00, 0x00, 0x00,
  0x00, 0x00, 0x00, 0x00, 0x00, 0x00, 0x00, 0x00, 0x00, 0x00, 0x00, 0x00,
  0x00, 0x00, 0x00, 0x00, 0x00, 0x00, 0x00, 0x00, 0x00, 0x00, 0x00, 0x00,
  0x00, 0x00, 0x00, 0x00, 0x00, 0x00, 0x00, 0x00, 0x00, 0x00, 0x00, 0x00,
  0x00, 0x00, 0x00, 0x00, 0x00, 0x00, 0x00, 0x00, 0x00, 0x00, 0x00, 0x00,
  0x00, 0x00, 0x00, 0x00, 0x00, 0x00, 0x00, 0x00, 0x00, 0x00, 0x00, 0x00,
  0x00, 0x00, 0x00, 0x00, 0x00, 0x00, 0x00, 0x00, 0x00, 0x00, 0x00, 0x00,
  0x00, 0x00, 0x00, 0x00, 0x00, 0x00, 0x00, 0x00, 0x00, 0x00, 0x00, 0x00,
  0x00, 0x00, 0x00, 0x00, 0x00, 0x00, 0x00, 0x00, 0x00, 0x00, 0x00, 0x00,
  0x00, 0x00, 0x00, 0x00, 0x00, 0x00, 0x00, 0x00, 0x00, 0x00, 0x00, 0x00,
  0x00, 0x00, 0x00, 0x00, 0x00, 0x00, 0x00, 0x00, 0x00, 0x00, 0x00, 0x00,
  0x00, 0x00, 0x00, 0x00, 0x00, 0x00, 0x00, 0x00, 0x00, 0x00, 0x00, 0x00,
  0x00, 0x00, 0x00, 0x55, 0x89, 0xe5, 0x83, 0xec, 0x20, 0x8b, 0x45, 0x08,
  0x89, 0x45, 0xf0, 0x83, 0x7d, 0xf0, 0x00, 0x79, 0x03, 0xf7, 0x5d, 0x08,
  0xc7, 0x45, 0xfc, 0x00, 0x00, 0x00, 0x00, 0x8b, 0x4d, 0x08, 0xba, 0x67,
  0x66, 0x66, 0x66, 0x89, 0xc8, 0xf7, 0xea, 0xc1, 0xfa, 0x02, 0x89, 0xc8,
  0xc1, 0xf8, 0x1f, 0x29, 0xc2, 0x89, 0xd0, 0xc1, 0xe0, 0x02, 0x01, 0xd0,
  0x01, 0xc0, 0x29, 0xc1, 0x89, 0xca, 0x89, 0xd0, 0x8d, 0x48, 0x30, 0x8b,
  0x45, 0xfc, 0x8d, 0x50, 0x01, 0x89, 0x55, 0xfc, 0x89, 0xc2, 0x8b, 0x45,
  0x0c, 0x01, 0xd0, 0x89, 0xca, 0x88, 0x10, 0x8b, 0x4d, 0x08, 0xba, 0x67,
  0x66, 0x66, 0x66, 0x89, 0xc8, 0xf7, 0xea, 0x89, 0xd0, 0xc1, 0xf8, 0x02,
  0xc1, 0xf9, 0x1f, 0x89, 0xca, 0x29, 0xd0, 0x89, 0x45, 0x08, 0x83, 0x7d,
  0x08, 0x00, 0x7f, 0xa3, 0x83, 0x7d, 0xf0, 0x00, 0x79, 0x13, 0x8b, 0x45,
  0xfc, 0x8d, 0x50, 0x01, 0x89, 0x55, 0xfc, 0x89, 0xc2, 0x8b, 0x45, 0x0c,
  0x01, 0xd0, 0xc6, 0x00, 0x2d, 0x8b, 0x55, 0xfc, 0x8b, 0x45, 0x0c, 0x01,
  0xd0, 0xc6, 0x00, 0x00, 0xc7, 0x45, 0xf8, 0x00, 0x00, 0x00, 0x00, 0x8b,
  0x45, 0xfc, 0x83, 0xe8, 0x01, 0x89, 0x45, 0xf4, 0xeb, 0x39, 0x8b, 0x55,
  0xf8, 0x8b, 0x45, 0x0c, 0x01, 0xd0, 0x0f, 0xb6, 0x00, 0x88, 0x45, 0xef,
  0x8b, 0x55, 0xf4, 0x8b, 0x45, 0x0c, 0x01, 0xd0, 0x8b, 0x4d, 0xf8, 0x8b,
  0x55, 0x0c, 0x01, 0xca, 0x0f, 0xb6, 0x00, 0x88, 0x02, 0x8b, 0x55, 0xf4,
  0x8b, 0x45, 0x0c, 0x01, 0xc2, 0x0f, 0xb6, 0x45, 0xef, 0x88, 0x02, 0x83,
  0x45, 0xf8, 0x01, 0x83, 0x6d, 0xf4, 0x01, 0x8b, 0x45, 0xf8, 0x3b, 0x45,
  0xf4, 0x7c, 0xbf, 0x90, 0x90, 0xc9, 0xc3, 0x55, 0x89, 0xe5, 0x83, 0xec,
  0x28, 0x83, 0x7d, 0x08, 0x01, 0x0f, 0x8e, 0x86, 0x00, 0x00, 0x00, 0xc7,
  0x45, 0xe8, 0xbc, 0x8b, 0x04, 0x08, 0xc7, 0x45, 0xf4, 0x01, 0x00, 0x00,
  0x00, 0xc7, 0x45, 0xf0, 0x00, 0x00, 0x00, 0x00, 0xeb, 0x2c, 0x8b, 0x55,
  0xf0, 0x8b, 0x45, 0xe8, 0x01, 0xd0, 0x0f, 0xb6, 0x10, 0x8b, 0x45, 0x0c,
  0x83, 0xc0, 0x04, 0x8b, 0x08, 0x8b, 0x45, 0xf0, 0x01, 0xc8, 0x0f, 0xb6,
  0x00, 0x38, 0xc2, 0x74, 0x09, 0xc7, 0x45, 0xf4, 0x00, 0x00, 0x00, 0x00,
  0xeb, 0x27, 0x83, 0x45, 0xf0, 0x01, 0x8b, 0x55, 0xf0, 0x8b, 0x45, 0xe8,
  0x01, 0xd0, 0x0f, 0xb6, 0x00, 0x84, 0xc0, 0x75, 0xc5, 0x8b, 0x45, 0x0c,
  0x83, 0xc0, 0x04, 0x8b, 0x10, 0x8b, 0x45, 0xf0, 0x01, 0xd0, 0x0f, 0xb6,
  0x00, 0x84, 0xc0, 0x75, 0xb1, 0x83, 0x7d, 0xf4, 0x00, 0x74, 0x1a, 0x83,
  0xec, 0x0c, 0x68, 0xc4, 0x8b, 0x04, 0x08, 0xe8, 0xe0, 0x07, 0x00, 0x00,
  0x83, 0xc4, 0x10, 0x83, 0xec, 0x0c, 0x6a, 0x00, 0xe8, 0xd6, 0x01, 0x00,
  0x00, 0x83, 0xec, 0x0c, 0x68, 0x0a, 0x8c, 0x04, 0x08, 0xe8, 0xc6, 0x07,
  0x00, 0x00, 0x83, 0xc4, 0x10, 0x83, 0xec, 0x0c, 0x68, 0x1c, 0x8c, 0x04,
  0x08, 0xe8, 0xb6, 0x07, 0x00, 0x00, 0x83, 0xc4, 0x10, 0x83, 0xec, 0x08,
  0x8d, 0x45, 0xd8, 0x50, 0xff, 0x75, 0x08, 0xe8, 0x47, 0xfe, 0xff, 0xff,
  0x83, 0xc4, 0x10, 0x83, 0xec, 0x0c, 0x8d, 0x45, 0xd8, 0x50, 0xe8, 0x95,
  0x07, 0x00, 0x00, 0x83, 0xc4, 0x10, 0x83, 0xec, 0x0c, 0x68, 0x23, 0x8c,
  0x04, 0x08, 0xe8, 0x85, 0x07, 0x00, 0x00, 0x83, 0xc4, 0x10, 0xc7, 0x45,
  0xec, 0x00, 0x00, 0x00, 0x00, 0xeb, 0x72, 0x83, 0xec, 0x0c, 0x68, 0x25,
  0x8c, 0x04, 0x08, 0xe8, 0x6c, 0x07, 0x00, 0x00, 0x83, 0xc4, 0x10, 0x83,
  0xec, 0x08, 0x8d, 0x45, 0xd8, 0x50, 0xff, 0x75, 0xec, 0xe8, 0xfd, 0xfd,
  0xff, 0xff, 0x83, 0xc4, 0x10, 0x83, 0xec, 0x0c, 0x8d, 0x45, 0xd8, 0x50,
  0xe8, 0x4b, 0x07, 0x00, 0x00, 0x83, 0xc4, 0x10, 0x83, 0xec, 0x0c, 0x68,
  0x2b, 0x8c, 0x04, 0x08, 0xe8, 0x3b, 0x07, 0x00, 0x00, 0x83, 0xc4, 0x10,
  0x8b, 0x45, 0xec, 0x8d, 0x14, 0x85, 0x00, 0x00, 0x00, 0x00, 0x8b, 0x45,
  0x0c, 0x01, 0xd0, 0x8b, 0x00, 0x83, 0xec, 0x0c, 0x50, 0xe8, 0x1e, 0x07,
  0x00, 0x00, 0x83, 0xc4, 0x10, 0x83, 0xec, 0x0c, 0x68, 0x23, 0x8c, 0x04,
  0x08, 0xe8, 0x0e, 0x07, 0x00, 0x00, 0x83, 0xc4, 0x10, 0x83, 0x45, 0xec,
  0x01, 0x8b, 0x45, 0xec, 0x3b, 0x45, 0x08, 0x7c, 0x86, 0x83, 0xec, 0x0c,
  0x68, 0x2f, 0x8c, 0x04, 0x08, 0xe8, 0xf2, 0x06, 0x00, 0x00, 0x83, 0xc4,
  0x10, 0x83, 0xec, 0x0c, 0x6a, 0x00, 0xe8, 0xe8, 0x00, 0x00, 0x00, 0x66,
  0x90, 0x66, 0x90, 0x66, 0x90, 0x66, 0x90, 0x53, 0xb8, 0x14, 0x00, 0x00,
  0x00, 0x8b, 0x5c, 0x24, 0x08, 0x8b, 0x4c, 0x24, 0x0c, 0xcd, 0x80, 0x5b,
  0xc3, 0x53, 0xb8, 0x15, 0x00, 0x00, 0x00, 0x8b, 0x5c, 0x24, 0x08, 0x8b,
  0x4c, 0x24, 0x0c, 0x8b, 0x54, 0x24, 0x10, 0xcd, 0x80, 0x5b, 0xc3, 0x53,
  0xb8, 0x16, 0x00, 0x00, 0x00, 0x8b, 0x5c, 0x24, 0x08, 0x8b, 0x4c, 0x24,
  0x0c, 0x8b, 0x54, 0x24, 0x10, 0xcd, 0x80, 0x5b, 0xc3, 0x53, 0xb8, 0x17,
  0x00, 0x00, 0x00, 0x8b, 0x5c, 0x24, 0x08, 0xcd, 0x80, 0x5b, 0xc3, 0x53,
  0xb8, 0x18, 0x00, 0x00, 0x00, 0x8b, 0x5c, 0x24, 0x08, 0x8b, 0x4c, 0x24,
  0x0c, 0x8b, 0x54, 0x24, 0x10, 0xcd, 0x80, 0x5b, 0xc3, 0x53, 0xb8, 0x19,
  0x00, 0x00, 0x00, 0x8b, 0x5c, 0x24, 0x08, 0x8b, 0x4c, 0x24, 0x0c, 0xcd,
  0x80, 0x5b, 0xc3, 0x53, 0xb8, 0x1a, 0x00, 0x00, 0x00, 0x8b, 0x5c, 0x24,
  0x08, 0xcd, 0x80, 0x5b, 0xc3, 0x53, 0xb8, 0x1b, 0x00, 0x00, 0x00, 0x8b,
  0x5c, 0x24, 0x08, 0x8b, 0x4c, 0x24, 0x0c, 0xcd, 0x80, 0x5b, 0xc3, 0x53,
  0xb8, 0x1c, 0x00, 0x00, 0x00, 0x8b, 0x5c, 0x24, 0x08, 0x8b, 0x4c, 0x24,
  0x0c, 0x8b, 0x54, 0x24, 0x10, 0xcd, 0x80, 0x5b, 0xc3, 0x53, 0xb8, 0x34,
  0x00, 0x00, 0x00, 0x8b, 0x5c, 0x24, 0x08, 0xcd, 0x80, 0x5b, 0xc3, 0x53,
  0xb8, 0x35, 0x00, 0x00, 0x00, 0x8b, 0x5c, 0x24, 0x08, 0xcd, 0x80, 0x5b,
  0xc3, 0xb8, 0x1e, 0x00, 0x00, 0x00, 0xcd, 0x80, 0xc3, 0x53, 0xb8, 0x1f,
  0x00, 0x00, 0x00, 0x8b, 0x5c, 0x24, 0x08, 0x8b, 0x4c, 0x24, 0x0c, 0xcd,
  0x80, 0x5b, 0xc3, 0xb8, 0x20, 0x00, 0x00, 0x00, 0x8b, 0x5c, 0x24, 0x04,
  0xcd, 0x80, 0xeb, 0xfe, 0xb8, 0x21, 0x00, 0x00, 0x00, 0xcd, 0x80, 0xc3,
  0xb8, 0x22, 0x00, 0x00, 0x00, 0xcd, 0x80, 0xc3, 0x53, 0xb8, 0x28, 0x00,
  0x00, 0x00, 0x8b, 0x5c, 0x24, 0x08, 0xcd, 0x80, 0x5b, 0xc3, 0x53, 0xb8,
  0x29, 0x00, 0x00, 0x00, 0x8b, 0x5c, 0x24, 0x08, 0x8b, 0x4c, 0x24, 0x0c,
  0xcd, 0x80, 0x5b, 0xc3, 0xb8, 0x2a, 0x00, 0x00, 0x00, 0xcd, 0x80, 0xc3,
  0xb8, 0x2b, 0x00, 0x00, 0x00, 0xcd, 0x80, 0xc3, 0x53, 0xb8, 0x2c, 0x00,
  0x00, 0x00, 0x8b, 0x5c, 0x24, 0x08, 0x8b, 0x4c, 0x24, 0x0c, 0xcd, 0x80,
  0x5b, 0xc3, 0x53, 0xb8, 0x2d, 0x00, 0x00, 0x00, 0x8b, 0x5c, 0x24, 0x08,
  0x8b, 0x4c, 0x24, 0x0c, 0xcd, 0x80, 0x5b, 0xc3, 0x53, 0xb8, 0x2e, 0x00,
  0x00, 0x00, 0x8b, 0x5c, 0x24, 0x08, 0xcd, 0x80, 0x5b, 0xc3, 0x53, 0xb8,
  0x2f, 0x00, 0x00, 0x00, 0xb9, 0x01, 0x00, 0x00, 0x00, 0xcd, 0x80, 0x5b,
  0xc3, 0x53, 0xb8, 0x2f, 0x00, 0x00, 0x00, 0x8b, 0x5c, 0x24, 0x08, 0xb9,
  0x00, 0x00, 0x00, 0x00, 0xcd, 0x80, 0x5b, 0xc3, 0x53, 0xb8, 0x23, 0x00,
  0x00, 0x00, 0x8b, 0x5c, 0x24, 0x08, 0xcd, 0x80, 0x5b, 0xc3, 0x53, 0xb8,
  0x24, 0x00, 0x00, 0x00, 0x8b, 0x5c, 0x24, 0x08, 0x8b, 0x4c, 0x24, 0x0c,
  0xcd, 0x80, 0x5b, 0xc3, 0x53, 0xb8, 0x25, 0x00, 0x00, 0x00, 0x8b, 0x5c,
  0x24, 0x08, 0xcd, 0x80, 0x5b, 0xc3, 0x53, 0xb8, 0x30, 0x00, 0x00, 0x00,
  0x8b, 0x5c, 0x24, 0x08, 0x8b, 0x4c, 0x24, 0x0c, 0xcd, 0x80, 0x5b, 0xc3,
  0x53, 0xb8, 0x31, 0x00, 0x00, 0x00, 0x8b, 0x5c, 0x24, 0x08, 0x8b, 0x4c,
  0x24, 0x0c, 0xcd, 0x80, 0x5b, 0xc3, 0x53, 0xb8, 0x33, 0x00, 0x00, 0x00,
  0x8b, 0x5c, 0x24, 0x08, 0xcd, 0x80, 0x5b, 0xc3, 0x53, 0xb8, 0x36, 0x00,
  0x00, 0x00, 0x8b, 0x5c, 0x24, 0x08, 0x8b, 0x4c, 0x24, 0x0c, 0xcd, 0x80,
  0x5b, 0xc3, 0x53, 0xb8, 0x37, 0x00, 0x00, 0x00, 0x8b, 0x5c, 0x24, 0x08,
  0x8b, 0x4c, 0x24, 0x0c, 0xcd, 0x80, 0x5b, 0xc3, 0x53, 0xb8, 0x38, 0x00,
  0x00, 0x00, 0x8b, 0x5c, 0x24, 0x08, 0xcd, 0x80, 0x5b, 0xc3, 0x55, 0x89,
  0xe5, 0x83, 0xec, 0x10, 0xc7, 0x45, 0xfc, 0x00, 0x00, 0x00, 0x00, 0xeb,
  0x04, 0x83, 0x45, 0xfc, 0x01, 0x8b, 0x55, 0x08, 0x8b, 0x45, 0xfc, 0x01,
  0xd0, 0x0f, 0xb6, 0x00, 0x84, 0xc0, 0x75, 0xed, 0x8b, 0x45, 0xfc, 0xc9,
  0xc3, 0x55, 0x89, 0xe5, 0x83, 0xec, 0x10, 0xc7, 0x45, 0xfc, 0x00, 0x00,
  0x00, 0x00, 0xeb, 0x1a, 0x8b, 0x55, 0xfc, 0x8b, 0x45, 0x08, 0x01, 0xd0,
  0x0f, 0xb6, 0x00, 0x84, 0xc0, 0x75, 0x07, 0xba, 0x00, 0x00, 0x00, 0x00,
  0xeb, 0x3c, 0x83, 0x45, 0xfc, 0x01, 0x8b, 0x55, 0xfc, 0x8b, 0x45, 0x08,
  0x01, 0xd0, 0x0f, 0xb6, 0x10, 0x8b, 0x4d, 0xfc, 0x8b, 0x45, 0x0c, 0x01,
  0xc8, 0x0f, 0xb6, 0x00, 0x38, 0xc2, 0x74, 0xcc, 0x8b, 0x55, 0xfc, 0x8b,
  0x45, 0x08, 0x01, 0xd0, 0x0f, 0xb6, 0x00, 0x0f, 0xbe, 0xd0, 0x8b, 0x4d,
  0xfc, 0x8b, 0x45, 0x0c, 0x01, 0xc8, 0x0f, 0xb6, 0x00, 0x0f, 0xbe, 0xc0,
  0x29, 0xc2, 0x89, 0xd0, 0xc9, 0xc3, 0x55, 0x89, 0xe5, 0x83, 0xec, 0x10,
  0x83, 0x7d, 0x10, 0x00, 0x75, 0x07, 0xb8, 0x00, 0x00, 0x00, 0x00, 0xeb,
  0x66, 0xc7, 0x45, 0xfc, 0x00, 0x00, 0x00, 0x00, 0xeb, 0x1a, 0x8b, 0x55,
  0xfc, 0x8b, 0x45, 0x08, 0x01, 0xd0, 0x0f, 0xb6, 0x00, 0x84, 0xc0, 0x75,
  0x07, 0xb8, 0x00, 0x00, 0x00, 0x00, 0xeb, 0x47, 0x83, 0x45, 0xfc, 0x01,
  0x8b, 0x55, 0xfc, 0x8b, 0x45, 0x08, 0x01, 0xd0, 0x0f, 0xb6, 0x10, 0x8b,
  0x4d, 0xfc, 0x8b, 0x45, 0x0c, 0x01, 0xc8, 0x0f, 0xb6, 0x00, 0x38, 0xc2,
  0x75, 0x0b, 0x8b, 0x45, 0x10, 0x83, 0xe8, 0x01, 0x39, 0x45, 0xfc, 0x7c,
  0xc1, 0x8b, 0x55, 0xfc, 0x8b, 0x45, 0x08, 0x01, 0xd0, 0x0f, 0xb6, 0x00,
  0x0f, 0xbe, 0xc0, 0x8b, 0x4d, 0xfc, 0x8b, 0x55, 0x0c, 0x01, 0xca, 0x0f,
  0xb6, 0x12, 0x0f, 0xbe, 0xd2, 0x29, 0xd0, 0xc9, 0xc3, 0x55, 0x89, 0xe5,
  0x83, 0xec, 0x10, 0xc7, 0x45, 0xfc, 0x00, 0x00, 0x00, 0x00, 0xeb, 0x19,
  0x8b, 0x55, 0xfc, 0x8b, 0x45, 0x0c, 0x01, 0xd0, 0x8b, 0x4d, 0xfc, 0x8b,
  0x55, 0x08, 0x01, 0xca, 0x0f, 0xb6, 0x00, 0x88, 0x02, 0x83, 0x45, 0xfc,
  0x01, 0x8b, 0x55, 0xfc, 0x8b, 0x45, 0x0c, 0x01, 0xd0, 0x0f, 0xb6, 0x00,
  0x84, 0xc0, 0x75, 0xd8, 0x8b, 0x55, 0xfc, 0x8b, 0x45, 0x08, 0x01, 0xd0,
  0xc6, 0x00, 0x00, 0x8b, 0x45, 0x08, 0xc9, 0xc3, 0x55, 0x89, 0xe5, 0x83,
  0xec, 0x10, 0xff, 0x75, 0x08, 0xe8, 0xa4, 0xfe, 0xff, 0xff, 0x83, 0xc4,
  0x04, 0x89, 0x45, 0xf8, 0xc7, 0x45, 0xfc, 0x00, 0x00, 0x00, 0x00, 0xeb,
  0x1e, 0x8b, 0x55, 0xfc, 0x8b, 0x45, 0x0c, 0x01, 0xd0, 0x8b, 0x4d, 0xfc,
  0x8b, 0x55, 0xf8, 0x01, 0xd1, 0x8b, 0x55, 0x08, 0x01, 0xca, 0x0f, 0xb6,
  0x00, 0x88, 0x02, 0x83, 0x45, 0xfc, 0x01, 0x8b, 0x55, 0xfc, 0x8b, 0x45,
  0x0c, 0x01, 0xd0, 0x0f, 0xb6, 0x00, 0x84, 0xc0, 0x75, 0xd3, 0x8b, 0x55,
  0xfc, 0x8b, 0x45, 0xf8, 0x01, 0xc2, 0x8b, 0x45, 0x08, 0x01, 0xd0, 0xc6,
  0x00, 0x00, 0x8b, 0x45, 0x08, 0xc9, 0xc3, 0x55, 0x89, 0xe5, 0x83, 0xec,
  0x10, 0xc7, 0x45, 0xfc, 0x00, 0x00, 0x00, 0x00, 0xeb, 0x25, 0x8b, 0x55,
  0xfc, 0x8b, 0x45, 0x08, 0x01, 0xd0, 0x0f, 0xb6, 0x10, 0x8b, 0x4d, 0xfc,
  0x8b, 0x45, 0x0c, 0x01, 0xc8, 0x0f, 0xb6, 0x00, 0x38, 0xc2, 0x74, 0x07,
  0xb8, 0x00, 0x00, 0x00, 0x00, 0xeb, 0x18, 0x83, 0x45, 0xfc, 0x01, 0x8b,
  0x55, 0xfc, 0x8b, 0x45, 0x0c, 0x01, 0xd0, 0x0f, 0xb6, 0x00, 0x84, 0xc0,
  0x75, 0xcc, 0xb8, 0x01, 0x00, 0x00, 0x00, 0xc9, 0xc3, 0x55, 0x89, 0xe5,
  0x83, 0xec, 0x10, 0x8b, 0x45, 0x0c, 0x0f, 0xb6, 0x00, 0x84, 0xc0, 0x75,
  0x62, 0x8b, 0x45, 0x08, 0xeb, 0x6c, 0x8b, 0x45, 0x08, 0x0f, 0xb6, 0x10,
  0x8b, 0x45, 0x0c, 0x0f, 0xb6, 0x00, 0x38, 0xc2, 0x75, 0x49, 0x8b, 0x45,
  0x08, 0x89, 0x45, 0xfc, 0x8b, 0x45, 0x0c, 0x89, 0x45, 0xf8, 0xeb, 0x08,
  0x83, 0x45, 0xfc, 0x01, 0x83, 0x45, 0xf8, 0x01, 0x8b, 0x45, 0xfc, 0x0f,
  0xb6, 0x00, 0x84, 0xc0, 0x74, 0x1a, 0x8b, 0x45, 0xf8, 0x0f, 0xb6, 0x00,
  0x84, 0xc0, 0x74, 0x10, 0x8b, 0x45, 0xfc, 0x0f, 0xb6, 0x10, 0x8b, 0x45,
  0xf8, 0x0f, 0xb6, 0x00, 0x38, 0xc2, 0x74, 0xd4, 0x8b, 0x45, 0xf8, 0x0f,
  0xb6, 0x00, 0x84, 0xc0, 0x75, 0x05, 0x8b, 0x45, 0x08, 0xeb, 0x13, 0x83,
  0x45, 0x08, 0x01, 0x8b, 0x45, 0x08, 0x0f, 0xb6, 0x00, 0x84, 0xc0, 0x75,
  0x99, 0xb8, 0x00, 0x00, 0x00, 0x00, 0xc9, 0xc3, 0x55, 0x89, 0xe5, 0x83,
  0xec, 0x10, 0x8b, 0x45, 0x08, 0x89, 0x45, 0xf8, 0x8b, 0x45, 0x0c, 0x89,
  0x45, 0xf4, 0xc7, 0x45, 0xfc, 0x00, 0x00, 0x00, 0x00, 0xeb, 0x19, 0x8b,
  0x55, 0xf4, 0x8b, 0x45, 0xfc, 0x01, 0xd0, 0x8b, 0x4d, 0xf8, 0x8b, 0x55,
  0xfc, 0x01, 0xca, 0x0f, 0xb6, 0x00, 0x88, 0x02, 0x83, 0x45, 0xfc, 0x01,
  0x8b, 0x45, 0xfc, 0x3b, 0x45, 0x10, 0x72, 0xdf, 0x8b, 0x45, 0x08, 0xc9,
  0xc3, 0x55, 0x89, 0xe5, 0x83, 0xec, 0x10, 0x8b, 0x45, 0x08, 0x89, 0x45,
  0xf8, 0xc7, 0x45, 0xfc, 0x00, 0x00, 0x00, 0x00, 0xeb, 0x11, 0x8b, 0x55,
  0xf8, 0x8b, 0x45, 0xfc, 0x01, 0xd0, 0x8b, 0x55, 0x0c, 0x88, 0x10, 0x83,
  0x45, 0xfc, 0x01, 0x8b, 0x45, 0xfc, 0x3b, 0x45, 0x10, 0x72, 0xe7, 0x8b,
  0x45, 0x08, 0xc9, 0xc3, 0x55, 0x89, 0xe5, 0x83, 0xec, 0x20, 0xc7, 0x45,
  0xfc, 0x00, 0x00, 0x00, 0x00, 0xc7, 0x45, 0xf8, 0x00, 0x00, 0x00, 0x00,
  0x83, 0x7d, 0x08, 0x00, 0x79, 0x0a, 0xc7, 0x45, 0xf8, 0x01, 0x00, 0x00,
  0x00, 0xf7, 0x5d, 0x08, 0x83, 0x7d, 0x08, 0x00, 0x75, 0x18, 0x8b, 0x45,
  0xfc, 0x8d, 0x50, 0x01, 0x89, 0x55, 0xfc, 0x89, 0xc2, 0x8b, 0x45, 0x0c,
  0x01, 0xd0, 0xc6, 0x00, 0x30, 0xe9, 0xa3, 0x00, 0x00, 0x00, 0xc7, 0x45,
  0xf4, 0x00, 0x00, 0x00, 0x00, 0xeb, 0x52, 0x8b, 0x4d, 0x08, 0xba, 0x67,
  0x66, 0x66, 0x66, 0x89, 0xc8, 0xf7, 0xea, 0xc1, 0xfa, 0x02, 0x89, 0xc8,
  0xc1, 0xf8, 0x1f, 0x29, 0xc2, 0x89, 0xd0, 0xc1, 0xe0, 0x02, 0x01, 0xd0,
  0x01, 0xc0, 0x29, 0xc1, 0x89, 0xca, 0x89, 0xd0, 0x8d, 0x48, 0x30, 0x8b,
  0x45, 0xf4, 0x8d, 0x50, 0x01, 0x89, 0x55, 0xf4, 0x89, 0xca, 0x88, 0x54,
  0x05, 0xe4, 0x8b, 0x4d, 0x08, 0xba, 0x67, 0x66, 0x66, 0x66, 0x89, 0xc8,
  0xf7, 0xea, 0x89, 0xd0, 0xc1, 0xf8, 0x02, 0xc1, 0xf9, 0x1f, 0x89, 0xca,
  0x29, 0xd0, 0x89, 0x45, 0x08, 0x83, 0x7d, 0x08, 0x00, 0x7f, 0xa8, 0x83,
  0x7d, 0xf8, 0x00, 0x74, 0x36, 0x8b, 0x45, 0xfc, 0x8d, 0x50, 0x01, 0x89,
  0x55, 0xfc, 0x89, 0xc2, 0x8b, 0x45, 0x0c, 0x01, 0xd0, 0xc6, 0x00, 0x2d,
  0xeb, 0x21, 0x83, 0x6d, 0xf4, 0x01, 0x8b, 0x45, 0xfc, 0x8d, 0x50, 0x01,
  0x89, 0x55, 0xfc, 0x89, 0xc2, 0x8b, 0x45, 0x0c, 0x01, 0xc2, 0x8d, 0x4d,
  0xe4, 0x8b, 0x45, 0xf4, 0x01, 0xc8, 0x0f, 0xb6, 0x00, 0x88, 0x02, 0x83,
  0x7d, 0xf4, 0x00, 0x7f, 0xd9, 0x8b, 0x55, 0xfc, 0x8b, 0x45, 0x0c, 0x01,
  0xd0, 0xc6, 0x00, 0x00, 0x90, 0xc9, 0xc3, 0x55, 0x89, 0xe5, 0x83, 0xec,
  0x18, 0x8b, 0x45, 0x08, 0x89, 0x45, 0xe8, 0x8b, 0x45, 0x0c, 0x89, 0x45,
  0xec, 0xc7, 0x45, 0xf8, 0x43, 0x8c, 0x04, 0x08, 0xc7, 0x45, 0xfc, 0x0f,
  0x00, 0x00, 0x00, 0xeb, 0x31, 0x8b, 0x45, 0xe8, 0x83, 0xe0, 0x0f, 0x89,
  0xc2, 0x8b, 0x45, 0xf8, 0x01, 0xd0, 0x8b, 0x4d, 0xfc, 0x8b, 0x55, 0x10,
  0x01, 0xca, 0x0f, 0xb6, 0x00, 0x88, 0x02, 0x8b, 0x45, 0xe8, 0x8b, 0x55,
  0xec, 0x0f, 0xac, 0xd0, 0x04, 0xc1, 0xea, 0x04, 0x89, 0x45, 0xe8, 0x89,
  0x55, 0xec, 0x83, 0x6d, 0xfc, 0x01, 0x83, 0x7d, 0xfc, 0x00, 0x79, 0xc9,
  0x8b, 0x45, 0x10, 0x83, 0xc0, 0x10, 0xc6, 0x00, 0x00, 0x90, 0xc9, 0xc3,
  0x55, 0x89, 0xe5, 0x83, 0xec, 0x10, 0xc7, 0x45, 0xfc, 0x00, 0x00, 0x00,
  0x00, 0xc7, 0x45, 0xf8, 0x01, 0x00, 0x00, 0x00, 0xc7, 0x45, 0xf4, 0x00,
  0x00, 0x00, 0x00, 0x8b, 0x45, 0x08, 0x0f, 0xb6, 0x00, 0x3c, 0x2d, 0x75,
  0x38, 0xc7, 0x45, 0xf8, 0xff, 0xff, 0xff, 0xff, 0xc7, 0x45, 0xf4, 0x01,
  0x00, 0x00, 0x00, 0xeb, 0x28, 0x8b, 0x55, 0xfc, 0x89, 0xd0, 0xc1, 0xe0,
  0x02, 0x01, 0xd0, 0x01, 0xc0, 0x89, 0xc1, 0x8b, 0x55, 0xf4, 0x8b, 0x45,
  0x08, 0x01, 0xd0, 0x0f, 0xb6, 0x00, 0x0f, 0xbe, 0xc0, 0x83, 0xe8, 0x30,
  0x01, 0xc8, 0x89, 0x45, 0xfc, 0x83, 0x45, 0xf4, 0x01, 0x8b, 0x55, 0xf4,
  0x8b, 0x45, 0x08, 0x01, 0xd0, 0x0f, 0xb6, 0x00, 0x3c, 0x2f, 0x7e, 0x0f,
  0x8b, 0x55, 0xf4, 0x8b, 0x45, 0x08, 0x01, 0xd0, 0x0f, 0xb6, 0x00, 0x3c,
  0x39, 0x7e, 0xba, 0x8b, 0x45, 0xfc, 0x0f, 0xaf, 0x45, 0xf8, 0xc9, 0xc3,
  0x55, 0x89, 0xe5, 0x83, 0xec, 0x18, 0xff, 0x75, 0x08, 0xe8, 0x28, 0xfb,
  0xff, 0xff, 0x83, 0xc4, 0x04, 0x89, 0x45, 0xf4, 0x83, 0x7d, 0xf4, 0x00,
  0x74, 0x13, 0x83, 0xec, 0x04, 0xff, 0x75, 0xf4, 0xff, 0x75, 0x08, 0x6a,
  0x01, 0xe8, 0x21, 0xf9, 0xff, 0xff, 0x83, 0xc4, 0x10, 0x90, 0xc9, 0xc3,
  0x55, 0x89, 0xe5, 0x83, 0xec, 0x08, 0x83, 0xec, 0x08, 0xff, 0x75, 0x0c,
  0xff, 0x75, 0x08, 0xe8, 0x0c, 0xfa, 0xff, 0xff, 0x83, 0xc4, 0x10, 0x90,
  0xc9, 0xc3, 0x00, 0x14, 0x00, 0x00, 0x00, 0x00, 0x00, 0x00, 0x00, 0x01,
  0x7a, 0x52, 0x00, 0x01, 0x7c, 0x08, 0x01, 0x1b, 0x0c, 0x04, 0x04, 0x88,
  0x01, 0x00, 0x00, 0x1c, 0x00, 0x00, 0x00, 0x1c, 0x00, 0x00, 0x00, 0x38,
  0xf6, 0xff, 0xff, 0xf4, 0x00, 0x00, 0x00, 0x00, 0x41, 0x0e, 0x08, 0x85,
  0x02, 0x42, 0x0d, 0x05, 0x02, 0xf0, 0xc5, 0x0c, 0x04, 0x04, 0x00, 0x18,
  0x00, 0x00, 0x00, 0x3c, 0x00, 0x00, 0x00, 0x0c, 0xf7, 0xff, 0xff, 0x84,
  0x01, 0x00, 0x00, 0x00, 0x41, 0x0e, 0x08, 0x85, 0x02, 0x42, 0x0d, 0x05,
  0x00, 0x00, 0x00, 0x1c, 0x00, 0x00, 0x00, 0x58, 0x00, 0x00, 0x00, 0x8f,
  0xfa, 0xff, 0xff, 0x27, 0x00, 0x00, 0x00, 0x00, 0x41, 0x0e, 0x08, 0x85,
  0x02, 0x42, 0x0d, 0x05, 0x63, 0xc5, 0x0c, 0x04, 0x04, 0x00, 0x00, 0x1c,
  0x00, 0x00, 0x00, 0x78, 0x00, 0x00, 0x00, 0x96, 0xfa, 0xff, 0xff, 0x65,
  0x00, 0x00, 0x00, 0x00, 0x41, 0x0e, 0x08, 0x85, 0x02, 0x42, 0x0d, 0x05,
  0x02, 0x61, 0xc5, 0x0c, 0x04, 0x04, 0x00, 0x1c, 0x00, 0x00, 0x00, 0x98,
  0x00, 0x00, 0x00, 0xdb, 0xfa, 0xff, 0xff, 0x7b, 0x00, 0x00, 0x00, 0x00,
  0x41, 0x0e, 0x08, 0x85, 0x02, 0x42, 0x0d, 0x05, 0x02, 0x77, 0xc5, 0x0c,
  0x04, 0x04, 0x00, 0x1c, 0x00, 0x00, 0x00, 0xb8, 0x00, 0x00, 0x00, 0x36,
  0xfb, 0xff, 0xff, 0x47, 0x00, 0x00, 0x00, 0x00, 0x41, 0x0e, 0x08, 0x85,
  0x02, 0x42, 0x0d, 0x05, 0x02, 0x43, 0xc5, 0x0c, 0x04, 0x04, 0x00, 0x1c,
  0x00, 0x00, 0x00, 0xd8, 0x00, 0x00, 0x00, 0x5d, 0xfb, 0xff, 0xff, 0x5f,
  0x00, 0x00, 0x00, 0x00, 0x41, 0x0e, 0x08, 0x85, 0x02, 0x42, 0x0d, 0x05,
  0x02, 0x5b, 0xc5, 0x0c, 0x04, 0x04, 0x00, 0x1c, 0x00, 0x00, 0x00, 0xf8,
  0x00, 0x00, 0x00, 0x9c, 0xfb, 0xff, 0xff, 0x4a, 0x00, 0x00, 0x00, 0x00,
  0x41, 0x0e, 0x08, 0x85, 0x02, 0x42, 0x0d, 0x05, 0x02, 0x46, 0xc5, 0x0c,
  0x04, 0x04, 0x00, 0x1c, 0x00, 0x00, 0x00, 0x18, 0x01, 0x00, 0x00, 0xc6,
  0xfb, 0xff, 0xff, 0x83, 0x00, 0x00, 0x00, 0x00, 0x41, 0x0e, 0x08, 0x85,
  0x02, 0x42, 0x0d, 0x05, 0x02, 0x7f, 0xc5, 0x0c, 0x04, 0x04, 0x00, 0x1c,
  0x00, 0x00, 0x00, 0x38, 0x01, 0x00, 0x00, 0x29, 0xfc, 0xff, 0xff, 0x41,
  0x00, 0x00, 0x00, 0x00, 0x41, 0x0e, 0x08, 0x85, 0x02, 0x42, 0x0d, 0x05,
  0x7d, 0xc5, 0x0c, 0x04, 0x04, 0x00, 0x00, 0x1c, 0x00, 0x00, 0x00, 0x58,
  0x01, 0x00, 0x00, 0x4a, 0xfc, 0xff, 0xff, 0x33, 0x00, 0x00, 0x00, 0x00,
  0x41, 0x0e, 0x08, 0x85, 0x02, 0x42, 0x0d, 0x05, 0x6f, 0xc5, 0x0c, 0x04,
  0x04, 0x00, 0x00, 0x1c, 0x00, 0x00, 0x00, 0x78, 0x01, 0x00, 0x00, 0x5d,
  0xfc, 0xff, 0xff, 0xf3, 0x00, 0x00, 0x00, 0x00, 0x41, 0x0e, 0x08, 0x85,
  0x02, 0x42, 0x0d, 0x05, 0x02, 0xef, 0xc5, 0x0c, 0x04, 0x04, 0x00, 0x1c,
  0x00, 0x00, 0x00, 0x98, 0x01, 0x00, 0x00, 0x30, 0xfd, 0xff, 0xff, 0x65,
  0x00, 0x00, 0x00, 0x00, 0x41, 0x0e, 0x08, 0x85, 0x02, 0x42, 0x0d, 0x05,
  0x02, 0x61, 0xc5, 0x0c, 0x04, 0x04, 0x00, 0x1c, 0x00, 0x00, 0x00, 0xb8,
  0x01, 0x00, 0x00, 0x75, 0xfd, 0xff, 0xff, 0x84, 0x00, 0x00, 0x00, 0x00,
  0x41, 0x0e, 0x08, 0x85, 0x02, 0x42, 0x0d, 0x05, 0x02, 0x80, 0xc5, 0x0c,
  0x04, 0x04, 0x00, 0x1c, 0x00, 0x00, 0x00, 0xd8, 0x01, 0x00, 0x00, 0xd9,
  0xfd, 0xff, 0xff, 0x30, 0x00, 0x00, 0x00, 0x00, 0x41, 0x0e, 0x08, 0x85,
  0x02, 0x42, 0x0d, 0x05, 0x6c, 0xc5, 0x0c, 0x04, 0x04, 0x00, 0x00, 0x1c,
  0x00, 0x00, 0x00, 0xf8, 0x01, 0x00, 0x00, 0xe9, 0xfd, 0xff, 0xff, 0x1a,
  0x00, 0x00, 0x00, 0x00, 0x41, 0x0e, 0x08, 0x85, 0x02, 0x42, 0x0d, 0x05,
  0x56, 0xc5, 0x0c, 0x04, 0x04, 0x00, 0x00, 0x2d, 0x2d, 0x68, 0x65, 0x6c,
  0x70, 0x00, 0x00, 0x55, 0x73, 0x61, 0x67, 0x65, 0x3a, 0x20, 0x61, 0x72,
  0x67, 0x74, 0x65, 0x73, 0x74, 0x20, 0x5b, 0x61, 0x72, 0x67, 0x73, 0x2e,
  0x2e, 0x2e, 0x5d, 0x0a, 0x50, 0x72, 0x69, 0x6e, 0x74, 0x73, 0x20, 0x61,
  0x6c, 0x6c, 0x20, 0x72, 0x65, 0x63, 0x65, 0x69, 0x76, 0x65, 0x64, 0x20,
  0x63, 0x6f, 0x6d, 0x6d, 0x61, 0x6e, 0x64, 0x2d, 0x6c, 0x69, 0x6e, 0x65,
  0x20, 0x61, 0x72, 0x67, 0x75, 0x6d, 0x65, 0x6e, 0x74, 0x73, 0x2e, 0x0a,
  0x00, 0x41, 0x72, 0x67, 0x74, 0x65, 0x73, 0x74, 0x20, 0x73, 0x74, 0x61,
  0x72, 0x74, 0x65, 0x64, 0x21, 0x0a, 0x00, 0x61, 0x72, 0x67, 0x63, 0x3a,
  0x20, 0x00, 0x0a, 0x00, 0x61, 0x72, 0x67, 0x76, 0x5b, 0x00, 0x5d, 0x3a,
  0x20, 0x00, 0x41, 0x72, 0x67, 0x74, 0x65, 0x73, 0x74, 0x20, 0x65, 0x78,
  0x69, 0x74, 0x69, 0x6e, 0x67, 0x2e, 0x2e, 0x2e, 0x0a, 0x00, 0x30, 0x31,
  0x32, 0x33, 0x34, 0x35, 0x36, 0x37, 0x38, 0x39, 0x61, 0x62, 0x63, 0x64,
  0x65, 0x66, 0x00, 0xbe, 0x01, 0x00, 0x00, 0x05, 0x00, 0x01, 0x04, 0x00,
  0x00, 0x00, 0x00, 0x09, 0x6f, 0x00, 0x00, 0x00, 0x1d, 0x03, 0x47, 0x16,
  0x03, 0x00, 0x1d, 0x00, 0x00, 0x00, 0x00, 0x00, 0x00, 0x00, 0x00, 0x80,
  0x04, 0x08, 0x78, 0x02, 0x00, 0x00, 0x00, 0x00, 0x00, 0x00, 0x01, 0x01,
  0x06, 0xd8, 0x00, 0x00, 0x00, 0x01, 0x02, 0x05, 0xfc, 0x00, 0x00, 0x00,
  0x0a, 0x04, 0x05, 0x69, 0x6e, 0x74, 0x00, 0x01, 0x08, 0x05, 0x00, 0x00,
  0x00, 0x00, 0x01, 0x01, 0x08, 0xd6, 0x00, 0x00, 0x00, 0x01, 0x02, 0x07,
  0x0e, 0x00, 0x00, 0x00, 0x01, 0x04, 0x07, 0x50, 0x00, 0x00, 0x00, 0x01,
  0x08, 0x07, 0x46, 0x00, 0x00, 0x00, 0x01, 0x04, 0x05, 0x05, 0x00, 0x00,
  0x00, 0x01, 0x0c, 0x04, 0xf0, 0x00, 0x00, 0x00, 0x01, 0x10, 0x04, 0x3c,
  0x00, 0x00, 0x00, 0x03, 0x84, 0x00, 0x00, 0x00, 0x01, 0x01, 0x06, 0xdf,
  0x00, 0x00, 0x00, 0x0b, 0x7d, 0x00, 0x00, 0x00, 0x03, 0x7d, 0x00, 0x00,
  0x00, 0x0c, 0x21, 0x00, 0x00, 0x00, 0x02, 0x94, 0x06, 0xa0, 0x00, 0x00,
  0x00, 0x04, 0x39, 0x00, 0x00, 0x00, 0x00, 0x0d, 0x31, 0x00, 0x00, 0x00,
  0x03, 0x0f, 0x06, 0xb2, 0x00, 0x00, 0x00, 0x04, 0x78, 0x00, 0x00, 0x00,
  0x00, 0x0e, 0xe4, 0x00, 0x00, 0x00, 0x01, 0x19, 0x06, 0xf4, 0x80, 0x04,
  0x08, 0x84, 0x01, 0x00, 0x00, 0x01, 0x9c, 0x43, 0x01, 0x00, 0x00, 0x05,
  0xeb, 0x00, 0x00, 0x00, 0x11, 0x39, 0x00, 0x00, 0x00, 0x02, 0x91, 0x00,
  0x05, 0x06, 0x01, 0x00, 0x00, 0x1e, 0x43, 0x01, 0x00, 0x00, 0x02, 0x91,
  0x04, 0x02, 0x73, 0x00, 0x28, 0x0a, 0x48, 0x01, 0x00, 0x00, 0x02, 0x91,
  0x50, 0x0f, 0x04, 0x81, 0x04, 0x08, 0x86, 0x00, 0x00, 0x00, 0x2c, 0x01,
  0x00, 0x00, 0x02, 0x68, 0x00, 0x1c, 0x15, 0x78, 0x00, 0x00, 0x00, 0x02,
  0x91, 0x60, 0x06, 0x2b, 0x00, 0x00, 0x00, 0x1d, 0x0d, 0x39, 0x00, 0x00,
  0x00, 0x02, 0x91, 0x6c, 0x07, 0x12, 0x81, 0x04, 0x08, 0x58, 0x00, 0x00,
  0x00, 0x02, 0x69, 0x00, 0x1e, 0x12, 0x39, 0x00, 0x00, 0x00, 0x02, 0x91,
  0x68, 0x00, 0x00, 0x07, 0xdb, 0x81, 0x04, 0x08, 0x83, 0x00, 0x00, 0x00,
  0x02, 0x69, 0x00, 0x2e, 0x0e, 0x39, 0x00, 0x00, 0x00, 0x02, 0x91, 0x64,
  0x00, 0x00, 0x03, 0x89, 0x00, 0x00, 0x00, 0x10, 0x7d, 0x00, 0x00, 0x00,
  0x58, 0x01, 0x00, 0x00, 0x11, 0x55, 0x00, 0x00, 0x00, 0x0f, 0x00, 0x12,
  0x62, 0x00, 0x00, 0x00, 0x01, 0x05, 0x06, 0x00, 0x80, 0x04, 0x08, 0xf4,
  0x00, 0x00, 0x00, 0x01, 0x9c, 0x08, 0x6e, 0x00, 0x17, 0x39, 0x00, 0x00,
  0x00, 0x02, 0x91, 0x00, 0x08, 0x73, 0x74, 0x72, 0x00, 0x1f, 0x89, 0x00,
  0x00, 0x00, 0x02, 0x91, 0x04, 0x02, 0x69, 0x00, 0x06, 0x09, 0x39, 0x00,
  0x00, 0x00, 0x02, 0x91, 0x74, 0x06, 0x5d, 0x00, 0x00, 0x00, 0x06, 0x0c,
  0x39, 0x00, 0x00, 0x00, 0x02, 0x91, 0x68, 0x02, 0x6a, 0x00, 0x10, 0x09,
  0x39, 0x00, 0x00, 0x00, 0x02, 0x91, 0x70, 0x02, 0x6b, 0x00, 0x10, 0x0c,
  0x39, 0x00, 0x00, 0x00, 0x02, 0x91, 0x6c, 0x02, 0x63, 0x00, 0x11, 0x0a,
  0x7d, 0x00, 0x00, 0x00, 0x02, 0x91, 0x67, 0x00, 0x00, 0x49, 0x05, 0x00,
  0x00, 0x05, 0x00, 0x01, 0x04, 0x19, 0x01, 0x00, 0x00, 0x0e, 0x6f, 0x00,
  0x00, 0x00, 0x1d, 0x03, 0x47, 0x16, 0x03, 0x00, 0x90, 0x00, 0x00, 0x00,
  0x00, 0x00, 0x00, 0x00, 0x93, 0x84, 0x04, 0x08, 0x14, 0x05, 0x00, 0x00,
  0x71, 0x01, 0x00, 0x00, 0x03, 0x01, 0x06, 0xd8, 0x00, 0x00, 0x00, 0x03,
  0x02, 0x05, 0xfc, 0x00, 0x00, 0x00, 0x0f, 0x04, 0x05, 0x69, 0x6e, 0x74,
  0x00, 0x03, 0x08, 0x05, 0x00, 0x00, 0x00, 0x00, 0x0a, 0x8b, 0x01, 0x00,
  0x00, 0x02, 0x2e, 0x18, 0x58, 0x00, 0x00, 0x00, 0x0b, 0x47, 0x00, 0x00,
  0x00, 0x03, 0x01, 0x08, 0xd6, 0x00, 0x00, 0x00, 0x03, 0x02, 0x07, 0x0e,
  0x00, 0x00, 0x00, 0x0a, 0xdf, 0x01, 0x00, 0x00, 0x02, 0x34, 0x19, 0x72,
  0x00, 0x00, 0x00, 0x03, 0x04, 0x07, 0x50, 0x00, 0x00, 0x00, 0x0a, 0x33,
  0x01, 0x00, 0x00, 0x02, 0x37, 0x19, 0x85, 0x00, 0x00, 0x00, 0x03, 0x08,
  0x07, 0x46, 0x00, 0x00, 0x00, 0x0a, 0x51, 0x01, 0x00, 0x00, 0x03, 0xe5,
  0x17, 0x72, 0x00, 0x00, 0x00, 0x03, 0x04, 0x05, 0x05, 0x00, 0x00, 0x00,
  0x03, 0x0c, 0x04, 0xf0, 0x00, 0x00, 0x00, 0x03, 0x10, 0x04, 0x3c, 0x00,
  0x00, 0x00, 0x10, 0x04, 0x07, 0xbb, 0x00, 0x00, 0x00, 0x03, 0x01, 0x06,
  0xdf, 0x00, 0x00, 0x00, 0x0b, 0xb4, 0x00, 0x00, 0x00, 0x07, 0x47, 0x00,
  0x00, 0x00, 0x07, 0xb4, 0x00, 0x00, 0x00, 0x11, 0x2b, 0x02, 0x00, 0x00,
  0x04, 0xa0, 0x06, 0xe1, 0x00, 0x00, 0x00, 0x08, 0x39, 0x00, 0x00, 0x00,
  0x08, 0x39, 0x00, 0x00, 0x00, 0x00, 0x12, 0x70, 0x01, 0x00, 0x00, 0x04,
  0x87, 0x05, 0x39, 0x00, 0x00, 0x00, 0x01, 0x01, 0x00, 0x00, 0x08, 0x39,
  0x00, 0x00, 0x00, 0x08, 0x01, 0x01, 0x00, 0x00, 0x08, 0x66, 0x00, 0x00,
  0x00, 0x00, 0x07, 0x06, 0x01, 0x00, 0x00, 0x13, 0x0c, 0x64, 0x01, 0x00,
  0x00, 0xa9, 0x8d, 0x89, 0x04, 0x08, 0x1a, 0x00, 0x00, 0x00, 0x01, 0x9c,
  0x38, 0x01, 0x00, 0x00, 0x01, 0x63, 0x6f, 0x6c, 0x00, 0xa9, 0x16, 0x39,
  0x00, 0x00, 0x00, 0x02, 0x91, 0x00, 0x01, 0x72, 0x6f, 0x77, 0x00, 0xa9,
  0x1f, 0x39, 0x00, 0x00, 0x00, 0x02, 0x91, 0x04, 0x00, 0x0c, 0x31, 0x00,
  0x00, 0x00, 0xa3, 0x5d, 0x89, 0x04, 0x08, 0x30, 0x00, 0x00, 0x00, 0x01,
  0x9c, 0x69, 0x01, 0x00, 0x00, 0x01, 0x73, 0x74, 0x72, 0x00, 0xa3, 0x1d,
  0xaf, 0x00, 0x00, 0x00, 0x02, 0x91, 0x00, 0x02, 0x6c, 0x65, 0x6e, 0x00,
  0xa4, 0x0e, 0x66, 0x00, 0x00, 0x00, 0x02, 0x91, 0x6c, 0x00, 0x04, 0x3c,
  0x01, 0x00, 0x00, 0x90, 0x05, 0x39, 0x00, 0x00, 0x00, 0xd9, 0x88, 0x04,
  0x08, 0x84, 0x00, 0x00, 0x00, 0x01, 0x9c, 0xb9, 0x01, 0x00, 0x00, 0x01,
  0x73, 0x74, 0x72, 0x00, 0x90, 0x21, 0xaf, 0x00, 0x00, 0x00, 0x02, 0x91,
  0x00, 0x05, 0x0b, 0x01, 0x00, 0x00, 0x91, 0x09, 0x39, 0x00, 0x00, 0x00,
  0x02, 0x91, 0x74, 0x05, 0x5d, 0x00, 0x00, 0x00, 0x92, 0x09, 0x39, 0x00,
  0x00, 0x00, 0x02, 0x91, 0x70, 0x02, 0x69, 0x00, 0x93, 0x09, 0x39, 0x00,
  0x00, 0x00, 0x02, 0x91, 0x6c, 0x00, 0x0d, 0x23, 0x01, 0x00, 0x00, 0x86,
  0x74, 0x88, 0x04, 0x08, 0x65, 0x00, 0x00, 0x00, 0x01, 0x9c, 0x0e, 0x02,
  0x00, 0x00, 0x01, 0x76, 0x61, 0x6c, 0x00, 0x86, 0x1f, 0x79, 0x00, 0x00,
  0x00, 0x02, 0x91, 0x60, 0x01, 0x62, 0x75, 0x66, 0x00, 0x86, 0x2a, 0xc5,
  0x00, 0x00, 0x00, 0x02, 0x91, 0x08, 0x05, 0x9f, 0x01, 0x00, 0x00, 0x87,
  0x11, 0xaf, 0x00, 0x00, 0x00, 0x02, 0x91, 0x70, 0x09, 0x8d, 0x88, 0x04,
  0x08, 0x40, 0x00, 0x00, 0x00, 0x02, 0x69, 0x00, 0x88, 0x0e, 0x39, 0x00,
  0x00, 0x00, 0x02, 0x91, 0x74, 0x00, 0x00, 0x0d, 0xcf, 0x01, 0x00, 0x00,
  0x69, 0x81, 0x87, 0x04, 0x08, 0xf3, 0x00, 0x00, 0x00, 0x01, 0x9c, 0x7b,
  0x02, 0x00, 0x00, 0x01, 0x6e, 0x00, 0x69, 0x1a, 0x39, 0x00, 0x00, 0x00,
  0x02, 0x91, 0x00, 0x01, 0x73, 0x74, 0x72, 0x00, 0x69, 0x23, 0xc5, 0x00,
  0x00, 0x00, 0x02, 0x91, 0x04, 0x02, 0x69, 0x00, 0x6a, 0x09, 0x39, 0x00,
  0x00, 0x00, 0x02, 0x91, 0x74, 0x05, 0xb0, 0x01, 0x00, 0x00, 0x6b, 0x09,
  0x39, 0x00, 0x00, 0x00, 0x02, 0x91, 0x70, 0x09, 0xc3, 0x87, 0x04, 0x08,
  0xa3, 0x00, 0x00, 0x00, 0x05, 0x4c, 0x01, 0x00, 0x00, 0x75, 0x0e, 0x7b,
  0x02, 0x00, 0x00, 0x02, 0x91, 0x5c, 0x02, 0x6a, 0x00, 0x76, 0x0d, 0x39,
  0x00, 0x00, 0x00, 0x02, 0x91, 0x6c, 0x00, 0x00, 0x14, 0xb4, 0x00, 0x00,
  0x00, 0x8b, 0x02, 0x00, 0x00, 0x15, 0x72, 0x00, 0x00, 0x00, 0x0f, 0x00,
  0x04, 0x93, 0x01, 0x00, 0x00, 0x60, 0x07, 0xad, 0x00, 0x00, 0x00, 0x4e,
  0x87, 0x04, 0x08, 0x33, 0x00, 0x00, 0x00, 0x01, 0x9c, 0xeb, 0x02, 0x00,
  0x00, 0x01, 0x73, 0x00, 0x60, 0x19, 0xad, 0x00, 0x00, 0x00, 0x02, 0x91,
  0x00, 0x01, 0x63, 0x00, 0x60, 0x20, 0x39, 0x00, 0x00, 0x00, 0x02, 0x91,
  0x04, 0x01, 0x6e, 0x00, 0x60, 0x2a, 0x8c, 0x00, 0x00, 0x00, 0x02, 0x91,
  0x08, 0x02, 0x70, 0x00, 0x61, 0x0e, 0xc0, 0x00, 0x00, 0x00, 0x02, 0x91,
  0x70, 0x09, 0x5a, 0x87, 0x04, 0x08, 0x22, 0x00, 0x00, 0x00, 0x02, 0x69,
  0x00, 0x62, 0x11, 0x8c, 0x00, 0x00, 0x00, 0x02, 0x91, 0x74, 0x00, 0x00,
  0x04, 0x17, 0x01, 0x00, 0x00, 0x56, 0x07, 0xad, 0x00, 0x00, 0x00, 0x0d,
  0x87, 0x04, 0x08, 0x41, 0x00, 0x00, 0x00, 0x01, 0x9c, 0x5b, 0x03, 0x00,
  0x00, 0x06, 0x12, 0x01, 0x00, 0x00, 0x56, 0x19, 0xad, 0x00, 0x00, 0x00,
  0x02, 0x91, 0x00, 0x01, 0x73, 0x72, 0x63, 0x00, 0x56, 0x2b, 0x01, 0x01,
  0x00, 0x00, 0x02, 0x91, 0x04, 0x01, 0x6e, 0x00, 0x56, 0x37, 0x8c, 0x00,
  0x00, 0x00, 0x02, 0x91, 0x08, 0x02, 0x64, 0x00, 0x57, 0x0e, 0xc0, 0x00,
  0x00, 0x00, 0x02, 0x91, 0x70, 0x02, 0x73, 0x00, 0x58, 0x14, 0x5b, 0x03,
  0x00, 0x00, 0x02, 0x91, 0x6c, 0x09, 0x1f, 0x87, 0x04, 0x08, 0x2a, 0x00,
  0x00, 0x00, 0x02, 0x69, 0x00, 0x59, 0x11, 0x8c, 0x00, 0x00, 0x00, 0x02,
  0x91, 0x74, 0x00, 0x00, 0x07, 0x53, 0x00, 0x00, 0x00, 0x04, 0x12, 0x02,
  0x00, 0x00, 0x45, 0x07, 0xc5, 0x00, 0x00, 0x00, 0x8a, 0x86, 0x04, 0x08,
  0x83, 0x00, 0x00, 0x00, 0x01, 0x9c, 0xb8, 0x03, 0x00, 0x00, 0x06, 0xf4,
  0x01, 0x00, 0x00, 0x45, 0x1f, 0xaf, 0x00, 0x00, 0x00, 0x02, 0x91, 0x00,
  0x06, 0xa9, 0x01, 0x00, 0x00, 0x45, 0x35, 0xaf, 0x00, 0x00, 0x00, 0x02,
  0x91, 0x04, 0x09, 0xaf, 0x86, 0x04, 0x08, 0x49, 0x00, 0x00, 0x00, 0x02,
  0x68, 0x00, 0x49, 0x19, 0xaf, 0x00, 0x00, 0x00, 0x02, 0x91, 0x74, 0x02,
  0x6e, 0x00, 0x4a, 0x19, 0xaf, 0x00, 0x00, 0x00, 0x02, 0x91, 0x70, 0x00,
  0x00, 0x04, 0x7b, 0x01, 0x00, 0x00, 0x3b, 0x05, 0x39, 0x00, 0x00, 0x00,
  0x40, 0x86, 0x04, 0x08, 0x4a, 0x00, 0x00, 0x00, 0x01, 0x9c, 0xfa, 0x03,
  0x00, 0x00, 0x01, 0x73, 0x74, 0x72, 0x00, 0x3b, 0x21, 0xaf, 0x00, 0x00,
  0x00, 0x02, 0x91, 0x00, 0x06, 0xbc, 0x01, 0x00, 0x00, 0x3b, 0x32, 0xaf,
  0x00, 0x00, 0x00, 0x02, 0x91, 0x04, 0x02, 0x69, 0x00, 0x3c, 0x09, 0x39,
  0x00, 0x00, 0x00, 0x02, 0x91, 0x74, 0x00, 0x16, 0x58, 0x01, 0x00, 0x00,
  0x01, 0x2f, 0x07, 0xc5, 0x00, 0x00, 0x00, 0xe1, 0x85, 0x04, 0x08, 0x5f,
  0x00, 0x00, 0x00, 0x01, 0x9c, 0x4b, 0x04, 0x00, 0x00, 0x06, 0x12, 0x01,
  0x00, 0x00, 0x2f, 0x19, 0xc5, 0x00, 0x00, 0x00, 0x02, 0x91, 0x00, 0x01,
  0x73, 0x72, 0x63, 0x00, 0x2f, 0x2b, 0xaf, 0x00, 0x00, 0x00, 0x02, 0x91,
  0x04, 0x05, 0x09, 0x02, 0x00, 0x00, 0x30, 0x0c, 0x8c, 0x00, 0x00, 0x00,
  0x02, 0x91, 0x70, 0x02, 0x69, 0x00, 0x31, 0x09, 0x39, 0x00, 0x00, 0x00,
  0x02, 0x91, 0x74, 0x00, 0x04, 0xc3, 0x01, 0x00, 0x00, 0x24, 0x07, 0xc5,
  0x00, 0x00, 0x00, 0x9a, 0x85, 0x04, 0x08, 0x47, 0x00, 0x00, 0x00, 0x01,
  0x9c, 0x8d, 0x04, 0x00, 0x00, 0x06, 0x12, 0x01, 0x00, 0x00, 0x24, 0x19,
  0xc5, 0x00, 0x00, 0x00, 0x02, 0x91, 0x00, 0x01, 0x73, 0x72, 0x63, 0x00,
  0x24, 0x2b, 0xaf, 0x00, 0x00, 0x00, 0x02, 0x91, 0x04, 0x02, 0x69, 0x00,
  0x25, 0x09, 0x39, 0x00, 0x00, 0x00, 0x02, 0x91, 0x74, 0x00, 0x04, 0x1e,
  0x02, 0x00, 0x00, 0x19, 0x05, 0x39, 0x00, 0x00, 0x00, 0x1f, 0x85, 0x04,
  0x08, 0x7b, 0x00, 0x00, 0x00, 0x01, 0x9c, 0xd9, 0x04, 0x00, 0x00, 0x01,
  0x73, 0x31, 0x00, 0x19, 0x1e, 0xaf, 0x00, 0x00, 0x00, 0x02, 0x91, 0x00,
  0x01, 0x73, 0x32, 0x00, 0x19, 0x2e, 0xaf, 0x00, 0x00, 0x00, 0x02, 0x91,
  0x04, 0x01, 0x6e, 0x00, 0x19, 0x36, 0x39, 0x00, 0x00, 0x00, 0x02, 0x91,
  0x08, 0x02, 0x69, 0x00, 0x1b, 0x09, 0x39, 0x00, 0x00, 0x00, 0x02, 0x91,
  0x74, 0x00, 0x04, 0xfd, 0x01, 0x00, 0x00, 0x0f, 0x05, 0x39, 0x00, 0x00,
  0x00, 0xba, 0x84, 0x04, 0x08, 0x65, 0x00, 0x00, 0x00, 0x01, 0x9c, 0x19,
  0x05, 0x00, 0x00, 0x01, 0x73, 0x31, 0x00, 0x0f, 0x1d, 0xaf, 0x00, 0x00,
  0x00, 0x02, 0x91, 0x00, 0x01, 0x73, 0x32, 0x00, 0x0f, 0x2d, 0xaf, 0x00,
  0x00, 0x00, 0x02, 0x91, 0x04, 0x02, 0x69, 0x00, 0x10, 0x09, 0x39, 0x00,
  0x00, 0x00, 0x02, 0x91, 0x74, 0x00, 0x17, 0xe8, 0x01, 0x00, 0x00, 0x01,
  0x08, 0x08, 0x8c, 0x00, 0x00, 0x00, 0x93, 0x84, 0x04, 0x08, 0x27, 0x00,
  0x00, 0x00, 0x01, 0x9c, 0x01, 0x73, 0x74, 0x72, 0x00, 0x08, 0x20, 0xaf,
  0x00, 0x00, 0x00, 0x02, 0x91, 0x00, 0x02, 0x6c, 0x65, 0x6e, 0x00, 0x09,
  0x0c, 0x8c, 0x00, 0x00, 0x00, 0x02, 0x91, 0x74, 0x00, 0x00, 0x01, 0x24,
  0x00, 0x0b, 0x0b, 0x3e, 0x0b, 0x03, 0x0e, 0x00, 0x00, 0x02, 0x34, 0x00,
  0x03, 0x08, 0x3a, 0x21, 0x01, 0x3b, 0x0b, 0x39, 0x0b, 0x49, 0x13, 0x02,
  0x18, 0x00, 0x00, 0x03, 0x0f, 0x00, 0x0b, 0x21, 0x04, 0x49, 0x13, 0x00,
  0x00, 0x04, 0x05, 0x00, 0x49, 0x13, 0x00, 0x00, 0x05, 0x05, 0x00, 0x03,
  0x0e, 0x3a, 0x21, 0x01, 0x3b, 0x21, 0x19, 0x39, 0x0b, 0x49, 0x13, 0x02,
  0x18, 0x00, 0x00, 0x06, 0x34, 0x00, 0x03, 0x0e, 0x3a, 0x21, 0x01, 0x3b,
  0x0b, 0x39, 0x0b, 0x49, 0x13, 0x02, 0x18, 0x00, 0x00, 0x07, 0x0b, 0x01,
  0x11, 0x01, 0x12, 0x06, 0x00, 0x00, 0x08, 0x05, 0x00, 0x03, 0x08, 0x3a,
  0x21, 0x01, 0x3b, 0x21, 0x05, 0x39, 0x0b, 0x49, 0x13, 0x02, 0x18, 0x00,
  0x00, 0x09, 0x11, 0x01, 0x25, 0x0e, 0x13, 0x0b, 0x90, 0x01, 0x0b, 0x91,
  0x01, 0x06, 0x03, 0x1f, 0x1b, 0x1f, 0x11, 0x01, 0x12, 0x06, 0x10, 0x17,
  0x00, 0x00, 0x0a, 0x24, 0x00, 0x0b, 0x0b, 0x3e, 0x0b, 0x03, 0x08, 0x00,
  0x00, 0x0b, 0x26, 0x00, 0x49, 0x13, 0x00, 0x00, 0x0c, 0x2e, 0x01, 0x3f,
  0x19, 0x03, 0x0e, 0x3a, 0x0b, 0x3b, 0x0b, 0x39, 0x0b, 0x27, 0x19, 0x87,
  0x01, 0x19, 0x3c, 0x19, 0x01, 0x13, 0x00, 0x00, 0x0d, 0x2e, 0x01, 0x3f,
  0x19, 0x03, 0x0e, 0x3a, 0x0b, 0x3b, 0x0b, 0x39, 0x0b, 0x27, 0x19, 0x3c,
  0x19, 0x01, 0x13, 0x00, 0x00, 0x0e, 0x2e, 0x01, 0x3f, 0x19, 0x03, 0x0e,
  0x3a, 0x0b, 0x3b, 0x0b, 0x39, 0x0b, 0x27, 0x19, 0x11, 0x01, 0x12, 0x06,
  0x40, 0x18, 0x7c, 0x19, 0x01, 0x13, 0x00, 0x00, 0x0f, 0x0b, 0x01, 0x11,
  0x01, 0x12, 0x06, 0x01, 0x13, 0x00, 0x00, 0x10, 0x01, 0x01, 0x49, 0x13,
  0x01, 0x13, 0x00, 0x00, 0x11, 0x21, 0x00, 0x49, 0x13, 0x2f, 0x0b, 0x00,
  0x00, 0x12, 0x2e, 0x01, 0x3f, 0x19, 0x03, 0x0e, 0x3a, 0x0b, 0x3b, 0x0b,
  0x39, 0x0b, 0x27, 0x19, 0x11, 0x01, 0x12, 0x06, 0x40, 0x18, 0x7a, 0x19,
  0x00, 0x00, 0x00, 0x01, 0x05, 0x00, 0x03, 0x08, 0x3a, 0x21, 0x01, 0x3b,
  0x0b, 0x39, 0x0b, 0x49, 0x13, 0x02, 0x18, 0x00, 0x00, 0x02, 0x34, 0x00,
  0x03, 0x08, 0x3a, 0x21, 0x01, 0x3b, 0x0b, 0x39, 0x0b, 0x49, 0x13, 0x02,
  0x18, 0x00, 0x00, 0x03, 0x24, 0x00, 0x0b, 0x0b, 0x3e, 0x0b, 0x03, 0x0e,
  0x00, 0x00, 0x04, 0x2e, 0x01, 0x3f, 0x19, 0x03, 0x0e, 0x3a, 0x21, 0x01,
  0x3b, 0x0b, 0x39, 0x0b, 0x27, 0x19, 0x49, 0x13, 0x11, 0x01, 0x12, 0x06,
  0x40, 0x18, 0x7a, 0x19, 0x01, 0x13, 0x00, 0x00, 0x05, 0x34, 0x00, 0x03,
  0x0e, 0x3a, 0x21, 0x01, 0x3b, 0x0b, 0x39, 0x0b, 0x49, 0x13, 0x02, 0x18,
  0x00, 0x00, 0x06, 0x05, 0x00, 0x03, 0x0e, 0x3a, 0x21, 0x01, 0x3b, 0x0b,
  0x39, 0x0b, 0x49, 0x13, 0x02, 0x18, 0x00, 0x00, 0x07, 0x0f, 0x00, 0x0b,
  0x21, 0x04, 0x49, 0x13, 0x00, 0x00, 0x08, 0x05, 0x00, 0x49, 0x13, 0x00,
  0x00, 0x09, 0x0b, 0x01, 0x11, 0x01, 0x12, 0x06, 0x00, 0x00, 0x0a, 0x16,
  0x00, 0x03, 0x0e, 0x3a, 0x0b, 0x3b, 0x0b, 0x39, 0x0b, 0x49, 0x13, 0x00,
  0x00, 0x0b, 0x26, 0x00, 0x49, 0x13, 0x00, 0x00, 0x0c, 0x2e, 0x01, 0x3f,
  0x19, 0x03, 0x0e, 0x3a, 0x21, 0x01, 0x3b, 0x0b, 0x39, 0x21, 0x06, 0x27,
  0x19, 0x11, 0x01, 0x12, 0x06, 0x40, 0x18, 0x7c, 0x19, 0x01, 0x13, 0x00,
  0x00, 0x0d, 0x2e, 0x01, 0x3f, 0x19, 0x03, 0x0e, 0x3a, 0x21, 0x01, 0x3b,
  0x0b, 0x39, 0x21, 0x06, 0x27, 0x19, 0x11, 0x01, 0x12, 0x06, 0x40, 0x18,
  0x7a, 0x19, 0x01, 0x13, 0x00, 0x00, 0x0e, 0x11, 0x01, 0x25, 0x0e, 0x13,
  0x0b, 0x90, 0x01, 0x0b, 0x91, 0x01, 0x06, 0x03, 0x1f, 0x1b, 0x1f, 0x11,
  0x01, 0x12, 0x06, 0x10, 0x17, 0x00, 0x00, 0x0f, 0x24, 0x00, 0x0b, 0x0b,
  0x3e, 0x0b, 0x03, 0x08, 0x00, 0x00, 0x10, 0x0f, 0x00, 0x0b, 0x0b, 0x00,
  0x00, 0x11, 0x2e, 0x01, 0x3f, 0x19, 0x03, 0x0e, 0x3a, 0x0b, 0x3b, 0x0b,
  0x39, 0x0b, 0x27, 0x19, 0x3c, 0x19, 0x01, 0x13, 0x00, 0x00, 0x12, 0x2e,
  0x01, 0x3f, 0x19, 0x03, 0x0e, 0x3a, 0x0b, 0x3b, 0x0b, 0x39, 0x0b, 0x27,
  0x19, 0x49, 0x13, 0x3c, 0x19, 0x01, 0x13, 0x00, 0x00, 0x13, 0x26, 0x00,
  0x00, 0x00, 0x14, 0x01, 0x01, 0x49, 0x13, 0x01, 0x13, 0x00, 0x00, 0x15,
  0x21, 0x00, 0x49, 0x13, 0x2f, 0x0b, 0x00, 0x00, 0x16, 0x2e, 0x01, 0x3f,
  0x19, 0x03, 0x0e, 0x3a, 0x0b, 0x3b, 0x0b, 0x39, 0x0b, 0x27, 0x19, 0x49,
  0x13, 0x11, 0x01, 0x12, 0x06, 0x40, 0x18, 0x7c, 0x19, 0x01, 0x13, 0x00,
  0x00, 0x17, 0x2e, 0x01, 0x3f, 0x19, 0x03, 0x0e, 0x3a, 0x0b, 0x3b, 0x0b,
  0x39, 0x0b, 0x27, 0x19, 0x49, 0x13, 0x11, 0x01, 0x12, 0x06, 0x40, 0x18,
  0x7a, 0x19, 0x00, 0x00, 0x00, 0x1c, 0x00, 0x00, 0x00, 0x02, 0x00, 0x00,
  0x00, 0x00, 0x00, 0x04, 0x00, 0x00, 0x00, 0x00, 0x00, 0x00, 0x80, 0x04,
  0x08, 0x78, 0x02, 0x00, 0x00, 0x00, 0x00, 0x00, 0x00, 0x00, 0x00, 0x00,
  0x00, 0x1c, 0x00, 0x00, 0x00, 0x02, 0x00, 0xc2, 0x01, 0x00, 0x00, 0x04,
  0x00, 0x00, 0x00, 0x00, 0x00, 0x93, 0x84, 0x04, 0x08, 0x14, 0x05, 0x00,
  0x00, 0x00, 0x00, 0x00, 0x00, 0x00, 0x00, 0x00, 0x00, 0x6d, 0x01, 0x00,
  0x00, 0x05, 0x00, 0x04, 0x00, 0x40, 0x00, 0x00, 0x00, 0x01, 0x01, 0x01,
  0xfb, 0x0e, 0x0d, 0x00, 0x01, 0x01, 0x01, 0x01, 0x00, 0x00, 0x00, 0x01,
  0x00, 0x00, 0x01, 0x01, 0x01, 0x1f, 0x04, 0x00, 0x00, 0x00, 0x00, 0x34,
  0x00, 0x00, 0x00, 0x41, 0x00, 0x00, 0x00, 0x6b, 0x00, 0x00, 0x00, 0x02,
  0x01, 0x1f, 0x02, 0x0f, 0x04, 0x2a, 0x00, 0x00, 0x00, 0x01, 0x2a, 0x00,
  0x00, 0x00, 0x01, 0x7f, 0x00, 0x00, 0x00, 0x02, 0x89, 0x00, 0x00, 0x00,
  0x03, 0x05, 0x26, 0x00, 0x05, 0x02, 0x00, 0x80, 0x04, 0x08, 0x16, 0x05,
  0x0f, 0x68, 0x05, 0x08, 0x66, 0x05, 0x1b, 0x00, 0x02, 0x04, 0x01, 0x66,
  0x05, 0x07, 0x3d, 0x05, 0x16, 0x76, 0x05, 0x1b, 0x02, 0x23, 0x12, 0x05,
  0x0e, 0x58, 0x05, 0x0c, 0xac, 0x05, 0x1b, 0x58, 0x05, 0x12, 0x2e, 0x05,
  0x11, 0x00, 0x02, 0x04, 0x01, 0x2f, 0x05, 0x18, 0x00, 0x02, 0x04, 0x01,
  0x08, 0x9e, 0x05, 0x08, 0x67, 0x05, 0x18, 0x00, 0x02, 0x04, 0x01, 0x66,
  0x05, 0x16, 0x00, 0x02, 0x04, 0x01, 0xac, 0x05, 0x1c, 0x00, 0x02, 0x04,
  0x01, 0x58, 0x05, 0x08, 0x3d, 0x05, 0x0c, 0x82, 0x41, 0x05, 0x13, 0x74,
  0x05, 0x05, 0x90, 0x05, 0x10, 0x2f, 0x05, 0x0b, 0x82, 0x05, 0x15, 0x67,
  0x05, 0x0c, 0x82, 0x05, 0x15, 0x82, 0x05, 0x10, 0x3c, 0x05, 0x0c, 0x2f,
  0x05, 0x10, 0x82, 0x05, 0x22, 0x00, 0x02, 0x04, 0x03, 0x63, 0x05, 0x27,
  0x00, 0x02, 0x04, 0x03, 0x4a, 0x05, 0x1c, 0x00, 0x02, 0x04, 0x01, 0x4a,
  0x05, 0x01, 0x87, 0x05, 0x24, 0x4c, 0x05, 0x08, 0x67, 0x05, 0x15, 0xa0,
  0x05, 0x0d, 0x75, 0x05, 0x12, 0x75, 0x05, 0x09, 0x74, 0x05, 0x12, 0x2f,
  0x05, 0x1d, 0xac, 0x05, 0x20, 0x82, 0x05, 0x16, 0x58, 0x05, 0x10, 0x3c,
  0x05, 0x2d, 0x00, 0x02, 0x04, 0x01, 0x4a, 0x05, 0x32, 0x74, 0x05, 0x2e,
  0x00, 0x02, 0x04, 0x02, 0x2d, 0x05, 0x1a, 0x00, 0x02, 0x04, 0x01, 0x4a,
  0x05, 0x1e, 0x00, 0x02, 0x04, 0x01, 0xac, 0x05, 0x25, 0x00, 0x02, 0x04,
  0x03, 0x4a, 0x05, 0x28, 0x00, 0x02, 0x04, 0x03, 0x82, 0x05, 0x1e, 0x00,
  0x02, 0x04, 0x03, 0x82, 0x05, 0x0c, 0x4d, 0x05, 0x0d, 0x67, 0xf3, 0x05,
  0x05, 0xa1, 0xf5, 0xf3, 0x08, 0x21, 0xe5, 0x05, 0x0e, 0xf4, 0x05, 0x05,
  0x74, 0x05, 0x09, 0x2f, 0xf3, 0x08, 0x21, 0xe5, 0x05, 0x18, 0xf3, 0x05,
  0x09, 0xe4, 0xd7, 0x05, 0x20, 0x00, 0x02, 0x04, 0x03, 0x03, 0x7a, 0xf2,
  0x05, 0x17, 0x00, 0x02, 0x04, 0x01, 0x4a, 0x05, 0x05, 0x03, 0x09, 0x82,
  0xf3, 0x02, 0x0a, 0x00, 0x01, 0x01, 0x41, 0x03, 0x00, 0x00, 0x05, 0x00,
  0x04, 0x00, 0x45, 0x00, 0x00, 0x00, 0x01, 0x01, 0x01, 0xfb, 0x0e, 0x0d,
  0x00, 0x01, 0x01, 0x01, 0x01, 0x00, 0x00, 0x00, 0x01, 0x00, 0x00, 0x01,
  0x01, 0x01, 0x1f, 0x04, 0x00, 0x00, 0x00, 0x00, 0xa0, 0x00, 0x00, 0x00,
  0xa9, 0x00, 0x00, 0x00, 0xd2, 0x00, 0x00, 0x00, 0x02, 0x01, 0x1f, 0x02,
  0x0f, 0x05, 0x99, 0x00, 0x00, 0x00, 0x01, 0x99, 0x00, 0x00, 0x00, 0x01,
  0xf8, 0x00, 0x00, 0x00, 0x02, 0x05, 0x01, 0x00, 0x00, 0x02, 0x7f, 0x00,
  0x00, 0x00, 0x03, 0x05, 0x25, 0x00, 0x05, 0x02, 0x93, 0x84, 0x04, 0x08,
  0x19, 0x05, 0x0c, 0x67, 0x05, 0x0b, 0x75, 0x05, 0x21, 0x00, 0x02, 0x04,
  0x02, 0x2e, 0x05, 0x0f, 0x00, 0x02, 0x04, 0x01, 0x4a, 0x05, 0x15, 0x00,
  0x02, 0x04, 0x01, 0xac, 0x05, 0x0c, 0x4b, 0x05, 0x01, 0x3d, 0x05, 0x31,
  0x31, 0x05, 0x09, 0x67, 0x05, 0x0b, 0x75, 0x05, 0x0f, 0x2f, 0x05, 0x0c,
  0xac, 0x05, 0x23, 0x00, 0x02, 0x04, 0x01, 0x4a, 0x06, 0x58, 0x05, 0x0a,
  0x06, 0x2f, 0x05, 0x0e, 0x48, 0x05, 0x17, 0xac, 0x05, 0x12, 0xac, 0x05,
  0x0e, 0x4e, 0x05, 0x16, 0xd6, 0x05, 0x12, 0xd6, 0x05, 0x01, 0x2f, 0x05,
  0x39, 0x4d, 0x05, 0x08, 0x67, 0x05, 0x18, 0x00, 0x02, 0x04, 0x01, 0x66,
  0x06, 0x58, 0x05, 0x09, 0x06, 0x2f, 0x05, 0x0b, 0x75, 0x05, 0x0f, 0x2f,
  0x05, 0x0c, 0xac, 0x05, 0x23, 0x00, 0x02, 0x04, 0x01, 0x4a, 0x06, 0x58,
  0x05, 0x0a, 0x06, 0x2f, 0x05, 0x0e, 0x48, 0x05, 0x17, 0xac, 0x05, 0x1b,
  0xac, 0x05, 0x24, 0x00, 0x02, 0x04, 0x01, 0x4a, 0x05, 0x1b, 0x00, 0x02,
  0x04, 0x01, 0x66, 0x05, 0x0e, 0x5c, 0x05, 0x16, 0xd6, 0x05, 0x12, 0xd6,
  0x05, 0x01, 0x2f, 0x05, 0x30, 0x31, 0x05, 0x09, 0x67, 0x05, 0x0b, 0x75,
  0x05, 0x16, 0x2f, 0x05, 0x0d, 0x82, 0x05, 0x16, 0x82, 0x05, 0x11, 0x3c,
  0x05, 0x0a, 0x2f, 0x05, 0x0f, 0x48, 0x05, 0x13, 0xac, 0x05, 0x09, 0x4e,
  0x05, 0x0d, 0x82, 0x05, 0x0c, 0x3d, 0x05, 0x01, 0x3d, 0x05, 0x30, 0x31,
  0x05, 0x17, 0x67, 0x05, 0x09, 0xd7, 0x05, 0x0b, 0x75, 0x05, 0x21, 0x2f,
  0x05, 0x17, 0x82, 0x05, 0x0d, 0x82, 0x05, 0x21, 0x58, 0x05, 0x1c, 0x3c,
  0x05, 0x0a, 0x2f, 0x05, 0x0f, 0x48, 0x05, 0x13, 0xac, 0x4e, 0x05, 0x09,
  0x82, 0x05, 0x18, 0x58, 0x05, 0x0c, 0x3d, 0x05, 0x01, 0x3d, 0x05, 0x3a,
  0x31, 0x05, 0x09, 0x67, 0x05, 0x0b, 0x75, 0x05, 0x10, 0x2f, 0x05, 0x1d,
  0xac, 0x05, 0x0c, 0xac, 0x05, 0x29, 0x00, 0x02, 0x04, 0x01, 0x4a, 0x06,
  0x58, 0x05, 0x0a, 0x06, 0x2f, 0x05, 0x12, 0x48, 0x05, 0x16, 0xac, 0x05,
  0x0c, 0x4e, 0x05, 0x01, 0x59, 0x05, 0x3d, 0x31, 0x05, 0x0a, 0x67, 0x05,
  0x08, 0x66, 0x05, 0x1a, 0x00, 0x02, 0x04, 0x01, 0x4a, 0x06, 0x3c, 0x05,
  0x0d, 0x06, 0x30, 0x05, 0x1a, 0x66, 0x05, 0x0c, 0x66, 0x05, 0x19, 0x4b,
  0x67, 0x05, 0x13, 0x67, 0x05, 0x12, 0x2f, 0x4b, 0x05, 0x14, 0x48, 0x05,
  0x1d, 0x66, 0x05, 0x1a, 0x00, 0x02, 0x04, 0x01, 0x4a, 0x05, 0x17, 0x00,
  0x02, 0x04, 0x01, 0x66, 0x05, 0x20, 0x00, 0x02, 0x04, 0x02, 0x4a, 0x05,
  0x26, 0x00, 0x02, 0x04, 0x02, 0x66, 0x05, 0x1d, 0x00, 0x02, 0x04, 0x02,
  0x66, 0x05, 0x12, 0x4e, 0x05, 0x10, 0x66, 0x05, 0x1d, 0x00, 0x02, 0x04,
  0x01, 0x4a, 0x06, 0x3c, 0x05, 0x1f, 0x06, 0x03, 0x78, 0x2e, 0x05, 0x0c,
  0x00, 0x02, 0x04, 0x01, 0x4a, 0x03, 0x0b, 0x9e, 0x05, 0x01, 0x59, 0x05,
  0x3a, 0x31, 0x05, 0x0e, 0x67, 0x05, 0x14, 0x67, 0x05, 0x11, 0x67, 0x05,
  0x05, 0x74, 0x05, 0x11, 0x2f, 0x05, 0x0a, 0x82, 0x05, 0x11, 0x82, 0x05,
  0x0e, 0x3c, 0x05, 0x20, 0x00, 0x02, 0x04, 0x03, 0x2d, 0x05, 0x1a, 0x00,
  0x02, 0x04, 0x01, 0x4a, 0x05, 0x0c, 0x85, 0x05, 0x01, 0x3d, 0x05, 0x2d,
  0x31, 0x05, 0x0e, 0x67, 0x05, 0x11, 0x67, 0x05, 0x05, 0x74, 0x05, 0x0a,
  0x2f, 0x05, 0x10, 0x82, 0x05, 0x0e, 0x3c, 0x05, 0x20, 0x00, 0x02, 0x04,
  0x03, 0x2d, 0x05, 0x1a, 0x00, 0x02, 0x04, 0x01, 0x4a, 0x05, 0x0c, 0x85,
  0x05, 0x01, 0x3d, 0x05, 0x28, 0x31, 0x05, 0x09, 0x67, 0x75, 0x05, 0x08,
  0x76, 0x05, 0x15, 0x67, 0x05, 0x0b, 0x75, 0x05, 0x08, 0x3f, 0x05, 0x0e,
  0x67, 0x05, 0x0c, 0xac, 0x05, 0x12, 0x58, 0x05, 0x0d, 0x85, 0x05, 0x0f,
  0x75, 0x05, 0x22, 0x2f, 0x05, 0x1d, 0x02, 0x23, 0x12, 0x05, 0x13, 0x58,
  0x05, 0x1d, 0x90, 0x05, 0x17, 0x2e, 0x05, 0x0f, 0x4b, 0x05, 0x12, 0x08,
  0x9c, 0x05, 0x0c, 0x6a, 0x05, 0x12, 0x67, 0x05, 0x10, 0xac, 0x05, 0x16,
  0x58, 0x05, 0x0f, 0x3e, 0x05, 0x16, 0x2f, 0x05, 0x12, 0x4a, 0x05, 0x10,
  0xac, 0x05, 0x1c, 0x58, 0x05, 0x16, 0xac, 0x05, 0x12, 0x2d, 0x05, 0x08,
  0x6a, 0x05, 0x0c, 0x82, 0x05, 0x01, 0x3d, 0x05, 0x2f, 0x3f, 0x05, 0x11,
  0x08, 0x21, 0x05, 0x0e, 0x75, 0x05, 0x05, 0x74, 0x05, 0x20, 0x2f, 0x05,
  0x1b, 0x82, 0x05, 0x0c, 0x58, 0x05, 0x1b, 0x82, 0x05, 0x10, 0x3c, 0x05,
  0x0d, 0x2f, 0x05, 0x1f, 0x00, 0x02, 0x04, 0x03, 0x08, 0x2c, 0x05, 0x18,
  0x00, 0x02, 0x04, 0x01, 0x4a, 0x05, 0x08, 0x6a, 0x05, 0x0d, 0x66, 0x05,
  0x01, 0x3d, 0x05, 0x26, 0x3f, 0x05, 0x09, 0x67, 0x75, 0x75, 0x05, 0x0c,
  0x76, 0x05, 0x08, 0x66, 0x05, 0x0e, 0x4b, 0x05, 0x0b, 0x75, 0x77, 0x05,
  0x19, 0x2f, 0x05, 0x24, 0xd6, 0x05, 0x28, 0xd6, 0x05, 0x10, 0x3c, 0x05,
  0x0a, 0x59, 0x05, 0x0f, 0x48, 0x05, 0x1a, 0xac, 0x05, 0x20, 0x00, 0x02,
  0x04, 0x01, 0x4a, 0x05, 0x1a, 0x00, 0x02, 0x04, 0x01, 0xac, 0x05, 0x13,
  0x4f, 0x05, 0x01, 0x75, 0x05, 0x22, 0x31, 0x05, 0x1e, 0x67, 0x05, 0x08,
  0xd7, 0x05, 0x12, 0x00, 0x02, 0x04, 0x01, 0x66, 0x05, 0x01, 0x08, 0x2f,
  0x05, 0x24, 0x3f, 0x05, 0x05, 0x67, 0x05, 0x01, 0x08, 0x13, 0x02, 0x03,
  0x00, 0x01, 0x01, 0x6c, 0x6f, 0x6e, 0x67, 0x20, 0x6c, 0x6f, 0x6e, 0x67,
  0x20, 0x69, 0x6e, 0x74, 0x00, 0x73, 0x68, 0x6f, 0x72, 0x74, 0x20, 0x75,
  0x6e, 0x73, 0x69, 0x67, 0x6e, 0x65, 0x64, 0x20, 0x69, 0x6e, 0x74, 0x00,
  0x75, 0x61, 0x62, 0x69, 0x5f, 0x65, 0x78, 0x69, 0x74, 0x00, 0x6d, 0x61,
  0x74, 0x63, 0x68, 0x00, 0x75, 0x6c, 0x69, 0x62, 0x5f, 0x70, 0x72, 0x69,
  0x6e, 0x74, 0x00, 0x5f, 0x46, 0x6c, 0x6f, 0x61, 0x74, 0x31, 0x32, 0x38,
  0x00, 0x6c, 0x6f, 0x6e, 0x67, 0x20, 0x6c, 0x6f, 0x6e, 0x67, 0x20, 0x75,
  0x6e, 0x73, 0x69, 0x67, 0x6e, 0x65, 0x64, 0x20, 0x69, 0x6e, 0x74, 0x00,
  0x73, 0x69, 0x67, 0x6e, 0x00, 0x69, 0x6e, 0x74, 0x5f, 0x74, 0x6f, 0x5f,
  0x61, 0x73, 0x63, 0x69, 0x69, 0x00, 0x47, 0x4e, 0x55, 0x20, 0x43, 0x32,
  0x33, 0x20, 0x31, 0x35, 0x2e, 0x32, 0x2e, 0x30, 0x20, 0x2d, 0x6d, 0x33,
  0x32, 0x20, 0x2d, 0x6d, 0x74, 0x75, 0x6e, 0x65, 0x3d, 0x67, 0x65, 0x6e,
  0x65, 0x72, 0x69, 0x63, 0x20, 0x2d, 0x6d, 0x61, 0x72, 0x63, 0x68, 0x3d,
  0x69, 0x36, 0x38, 0x36, 0x20, 0x2d, 0x67, 0x20, 0x2d, 0x66, 0x66, 0x72,
  0x65, 0x65, 0x73, 0x74, 0x61, 0x6e, 0x64, 0x69, 0x6e, 0x67, 0x20, 0x2d,
  0x66, 0x6e, 0x6f, 0x2d, 0x70, 0x69, 0x63, 0x20, 0x2d, 0x66, 0x61, 0x73,
  0x79, 0x6e, 0x63, 0x68, 0x72, 0x6f, 0x6e, 0x6f, 0x75, 0x73, 0x2d, 0x75,
  0x6e, 0x77, 0x69, 0x6e, 0x64, 0x2d, 0x74, 0x61, 0x62, 0x6c, 0x65, 0x73,
  0x00, 0x75, 0x6e, 0x73, 0x69, 0x67, 0x6e, 0x65, 0x64, 0x20, 0x63, 0x68,
  0x61, 0x72, 0x00, 0x5f, 0x73, 0x74, 0x61, 0x72, 0x74, 0x00, 0x61, 0x72,
  0x67, 0x63, 0x00, 0x6c, 0x6f, 0x6e, 0x67, 0x20, 0x64, 0x6f, 0x75, 0x62,
  0x6c, 0x65, 0x00, 0x73, 0x68, 0x6f, 0x72, 0x74, 0x20, 0x69, 0x6e, 0x74,
  0x00, 0x61, 0x72, 0x67, 0x76, 0x00, 0x72, 0x65, 0x73, 0x75, 0x6c, 0x74,
  0x00, 0x64, 0x65, 0x73, 0x74, 0x00, 0x75, 0x6c, 0x69, 0x62, 0x5f, 0x6d,
  0x65, 0x6d, 0x63, 0x70, 0x79, 0x00, 0x75, 0x6c, 0x69, 0x62, 0x5f, 0x75,
  0x36, 0x34, 0x5f, 0x74, 0x6f, 0x5f, 0x68, 0x65, 0x78, 0x00, 0x75, 0x69,
  0x6e, 0x74, 0x36, 0x34, 0x5f, 0x74, 0x00, 0x75, 0x6c, 0x69, 0x62, 0x5f,
  0x73, 0x74, 0x72, 0x5f, 0x74, 0x6f, 0x5f, 0x69, 0x6e, 0x74, 0x00, 0x74,
  0x65, 0x6d, 0x70, 0x00, 0x73, 0x69, 0x7a, 0x65, 0x5f, 0x74, 0x00, 0x75,
  0x6c, 0x69, 0x62, 0x5f, 0x73, 0x74, 0x72, 0x63, 0x61, 0x74, 0x00, 0x75,
  0x6c, 0x69, 0x62, 0x5f, 0x67, 0x6f, 0x74, 0x6f, 0x78, 0x79, 0x00, 0x75,
  0x61, 0x62, 0x69, 0x5f, 0x77, 0x72, 0x69, 0x74, 0x65, 0x00, 0x75, 0x6c,
  0x69, 0x62, 0x5f, 0x73, 0x74, 0x61, 0x72, 0x74, 0x73, 0x77, 0x69, 0x74,
  0x68, 0x00, 0x75, 0x69, 0x6e, 0x74, 0x38, 0x5f, 0x74, 0x00, 0x75, 0x6c,
  0x69, 0x62, 0x5f, 0x6d, 0x65, 0x6d, 0x73, 0x65, 0x74, 0x00, 0x68, 0x65,
  0x78, 0x5f, 0x63, 0x68, 0x61, 0x72, 0x73, 0x00, 0x6e, 0x65, 0x65, 0x64,
  0x6c, 0x65, 0x00, 0x69, 0x73, 0x5f, 0x6e, 0x65, 0x67, 0x61, 0x74, 0x69,
  0x76, 0x65, 0x00, 0x70, 0x72, 0x65, 0x66, 0x69, 0x78, 0x00, 0x75, 0x6c,
  0x69, 0x62, 0x5f, 0x73, 0x74, 0x72, 0x63, 0x70, 0x79, 0x00, 0x75, 0x6c,
  0x69, 0x62, 0x5f, 0x69, 0x6e, 0x74, 0x5f, 0x74, 0x6f, 0x5f, 0x73, 0x74,
  0x72, 0x00, 0x75, 0x69, 0x6e, 0x74, 0x33, 0x32, 0x5f, 0x74, 0x00, 0x75,
  0x6c, 0x69, 0x62, 0x5f, 0x73, 0x74, 0x72, 0x6c, 0x65, 0x6e, 0x00, 0x68,
  0x61, 0x79, 0x73, 0x74, 0x61, 0x63, 0x6b, 0x00, 0x75, 0x6c, 0x69, 0x62,
  0x5f, 0x73, 0x74, 0x72, 0x63, 0x6d, 0x70, 0x00, 0x64, 0x65, 0x73, 0x74,
  0x5f, 0x6c, 0x65, 0x6e, 0x00, 0x75, 0x6c, 0x69, 0x62, 0x5f, 0x73, 0x74,
  0x72, 0x73, 0x74, 0x72, 0x00, 0x75, 0x6c, 0x69, 0x62, 0x5f, 0x73, 0x74,
  0x72, 0x6e, 0x63, 0x6d, 0x70, 0x00, 0x75, 0x61, 0x62, 0x69, 0x5f, 0x67,
  0x6f, 0x74, 0x6f, 0x78, 0x79, 0x00, 0x2f, 0x68, 0x6f, 0x6d, 0x65, 0x2f,
  0x76, 0x69, 0x6f, 0x6c, 0x65, 0x74, 0x2f, 0x44, 0x65, 0x73, 0x6b, 0x74,
  0x6f, 0x70, 0x2f, 0x63, 0x75, 0x72, 0x6c, 0x73, 0x36, 0x34, 0x00, 0x75,
  0x73, 0x65, 0x72, 0x2f, 0x61, 0x72, 0x67, 0x74, 0x65, 0x73, 0x74, 0x2f,
  0x61, 0x72, 0x67, 0x74, 0x65, 0x73, 0x74, 0x2e, 0x63, 0x00, 0x75, 0x73,
  0x65, 0x72, 0x2f, 0x61, 0x72, 0x67, 0x74, 0x65, 0x73, 0x74, 0x00, 0x75,
  0x73, 0x65, 0x72, 0x2f, 0x61, 0x72, 0x67, 0x74, 0x65, 0x73, 0x74, 0x2f,
  0x2e, 0x2e, 0x2f, 0x2e, 0x2e, 0x2f, 0x69, 0x6e, 0x63, 0x6c, 0x75, 0x64,
  0x65, 0x2f, 0x6d, 0x6f, 0x64, 0x75, 0x6c, 0x65, 0x2f, 0x2e, 0x2e, 0x2f,
  0x75, 0x61, 0x62, 0x69, 0x00, 0x75, 0x73, 0x65, 0x72, 0x2f, 0x61, 0x72,
  0x67, 0x74, 0x65, 0x73, 0x74, 0x2f, 0x2e, 0x2e, 0x2f, 0x6c, 0x69, 0x62,
  0x00, 0x75, 0x61, 0x62, 0x69, 0x5f, 0x76, 0x31, 0x2e, 0x68, 0x00, 0x75,
  0x6c, 0x69, 0x62, 0x2e, 0x68, 0x00, 0x75, 0x73, 0x65, 0x72, 0x2f, 0x6c,
  0x69, 0x62, 0x2f, 0x75, 0x6c, 0x69, 0x62, 0x2e, 0x63, 0x00, 0x75, 0x73,
  0x65, 0x72, 0x2f, 0x6c, 0x69, 0x62, 0x00, 0x2f, 0x75, 0x73, 0x72, 0x2f,
  0x6c, 0x69, 0x62, 0x2f, 0x67, 0x63, 0x63, 0x2f, 0x78, 0x38, 0x36, 0x5f,
  0x36, 0x34, 0x2d, 0x6c, 0x69, 0x6e, 0x75, 0x78, 0x2d, 0x67, 0x6e, 0x75,
  0x2f, 0x31, 0x35, 0x2f, 0x69, 0x6e, 0x63, 0x6c, 0x75, 0x64, 0x65, 0x00,
  0x75, 0x73, 0x65, 0x72, 0x2f, 0x6c, 0x69, 0x62, 0x2f, 0x2e, 0x2e, 0x2f,
  0x2e, 0x2e, 0x2f, 0x69, 0x6e, 0x63, 0x6c, 0x75, 0x64, 0x65, 0x2f, 0x6d,
  0x6f, 0x64, 0x75, 0x6c, 0x65, 0x2f, 0x2e, 0x2e, 0x2f, 0x75, 0x61, 0x62,
  0x69, 0x00, 0x73, 0x74, 0x64, 0x69, 0x6e, 0x74, 0x2d, 0x67, 0x63, 0x63,
  0x2e, 0x68, 0x00, 0x73, 0x74, 0x64, 0x64, 0x65, 0x66, 0x2e, 0x68, 0x00,
  0x47, 0x43, 0x43, 0x3a, 0x20, 0x28, 0x44, 0x65, 0x62, 0x69, 0x61, 0x6e,
  0x20, 0x31, 0x35, 0x2e, 0x32, 0x2e, 0x30, 0x2d, 0x31, 0x32, 0x29, 0x20,
  0x31, 0x35, 0x2e, 0x32, 0x2e, 0x30, 0x00, 0x00, 0x00, 0x00, 0x00, 0x00,
  0x00, 0x00, 0x00, 0x00, 0x00, 0x00, 0x00, 0x00, 0x00, 0x00, 0x00, 0x01,
  0x00, 0x00, 0x00, 0x00, 0x00, 0x00, 0x00, 0x00, 0x00, 0x00, 0x00, 0x04,
  0x00, 0xf1, 0xff, 0x0b, 0x00, 0x00, 0x00, 0x00, 0x00, 0x00, 0x00, 0x00,
  0x00, 0x00, 0x00, 0x04, 0x00, 0xf1, 0xff, 0x24, 0x00, 0x00, 0x00, 0x00,
  0x00, 0x00, 0x00, 0x00, 0x00, 0x00, 0x00, 0x04, 0x00, 0xf1, 0xff, 0x2b,
  0x00, 0x00, 0x00, 0xba, 0x84, 0x04, 0x08, 0x65, 0x00, 0x00, 0x00, 0x12,
  0x00, 0x01, 0x00, 0x37, 0x00, 0x00, 0x00, 0xa8, 0x82, 0x04, 0x08, 0x00,
  0x00, 0x00, 0x00, 0x10, 0x00, 0x01, 0x00, 0x42, 0x00, 0x00, 0x00, 0x4e,
  0x83, 0x04, 0x08, 0x00, 0x00, 0x00, 0x00, 0x10, 0x00, 0x01, 0x00, 0x4c,
  0x00, 0x00, 0x00, 0x2a, 0x83, 0x04, 0x08, 0x00, 0x00, 0x00, 0x00, 0x10,
  0x00, 0x01, 0x00, 0x57, 0x00, 0x00, 0x00, 0xee, 0x83, 0x04, 0x08, 0x00,
  0x00, 0x00, 0x00, 0x10, 0x00, 0x01, 0x00, 0x66, 0x00, 0x00, 0x00, 0xad,
  0x83, 0x04, 0x08, 0x00, 0x00, 0x00, 0x00, 0x10, 0x00, 0x01, 0x00, 0x72,
  0x00, 0x00, 0x00, 0x93, 0x84, 0x04, 0x08, 0x27, 0x00, 0x00, 0x00, 0x12,
  0x00, 0x01, 0x00, 0x7e, 0x00, 0x00, 0x00, 0x8d, 0x89, 0x04, 0x08, 0x1a,
  0x00, 0x00, 0x00, 0x12, 0x00, 0x01, 0x00, 0x8a, 0x00, 0x00, 0x00, 0x46,
  0x83, 0x04, 0x08, 0x00, 0x00, 0x00, 0x00, 0x10, 0x00, 0x01, 0x00, 0x94,
  0x00, 0x00, 0x00, 0x85, 0x84, 0x04, 0x08, 0x00, 0x00, 0x00, 0x00, 0x10,
  0x00, 0x01, 0x00, 0xa0, 0x00, 0x00, 0x00, 0xcc, 0x82, 0x04, 0x08, 0x00,
  0x00, 0x00, 0x00, 0x10, 0x00, 0x01, 0x00, 0xad, 0x00, 0x00, 0x00, 0xa5,
  0x83, 0x04, 0x08, 0x00, 0x00, 0x00, 0x00, 0x10, 0x00, 0x01, 0x00, 0xb7,
  0x00, 0x00, 0x00, 0x80, 0x82, 0x04, 0x08, 0x00, 0x00, 0x00, 0x00, 0x10,
  0x00, 0x01, 0x00, 0xc1, 0x00, 0x00, 0x00, 0x73, 0x84, 0x04, 0x08, 0x00,
  0x00, 0x00, 0x00, 0x10, 0x00, 0x01, 0x00, 0xcc, 0x00, 0x00, 0x00, 0x60,
  0x83, 0x04, 0x08, 0x00, 0x00, 0x00, 0x00, 0x10, 0x00, 0x01, 0x00, 0xd6,
  0x00, 0x00, 0x00, 0x92, 0x82, 0x04, 0x08, 0x00, 0x00, 0x00, 0x00, 0x10,
  0x00, 0x01, 0x00, 0xe0, 0x00, 0x00, 0x00, 0x53, 0x84, 0x04, 0x08, 0x00,
  0x00, 0x00, 0x00, 0x10, 0x00, 0x01, 0x00, 0xeb, 0x00, 0x00, 0x00, 0xd9,
  0x88, 0x04, 0x08, 0x84, 0x00, 0x00, 0x00, 0x12, 0x00, 0x01, 0x00, 0xfb,
  0x00, 0x00, 0x00, 0x81, 0x87, 0x04, 0x08, 0xf3, 0x00, 0x00, 0x00, 0x12,
  0x00, 0x01, 0x00, 0x0b, 0x01, 0x00, 0x00, 0xf4, 0x82, 0x04, 0x08, 0x00,
  0x00, 0x00, 0x00, 0x10, 0x00, 0x01, 0x00, 0x16, 0x01, 0x00, 0x00, 0xf4,
  0x80, 0x04, 0x08, 0x84, 0x01, 0x00, 0x00, 0x12, 0x00, 0x01, 0x00, 0x1d,
  0x01, 0x00, 0x00, 0xbe, 0x82, 0x04, 0x08, 0x00, 0x00, 0x00, 0x00, 0x10,
  0x00, 0x01, 0x00, 0x28, 0x01, 0x00, 0x00, 0xdf, 0x83, 0x04, 0x08, 0x00,
  0x00, 0x00, 0x00, 0x10, 0x00, 0x01, 0x00, 0x3b, 0x01, 0x00, 0x00, 0xbf,
  0x83, 0x04, 0x08, 0x00, 0x00, 0x00, 0x00, 0x10, 0x00, 0x01, 0x00, 0x43,
  0x01, 0x00, 0x00, 0x02, 0x83, 0x04, 0x08, 0x00, 0x00, 0x00, 0x00, 0x10,
  0x00, 0x01, 0x00, 0x4d, 0x01, 0x00, 0x00, 0x75, 0x83, 0x04, 0x08, 0x00,
  0x00, 0x00, 0x00, 0x10, 0x00, 0x01, 0x00, 0x59, 0x01, 0x00, 0x00, 0x00,
  0x80, 0x04, 0x08, 0xf4, 0x00, 0x00, 0x00, 0x12, 0x00, 0x01, 0x00, 0x66,
  0x01, 0x00, 0x00, 0x1f, 0x85, 0x04, 0x08, 0x7b, 0x00, 0x00, 0x00, 0x12,
  0x00, 0x01, 0x00, 0x73, 0x01, 0x00, 0x00, 0x61, 0x84, 0x04, 0x08, 0x00,
  0x00, 0x00, 0x00, 0x10, 0x00, 0x01, 0x00, 0x80, 0x01, 0x00, 0x00, 0xe2,
  0x82, 0x04, 0x08, 0x00, 0x00, 0x00, 0x00, 0x10, 0x00, 0x01, 0x00, 0x8c,
  0x01, 0x00, 0x00, 0x01, 0x84, 0x04, 0x08, 0x00, 0x00, 0x00, 0x00, 0x10,
  0x00, 0x01, 0x00, 0x96, 0x01, 0x00, 0x00, 0x4e, 0x87, 0x04, 0x08, 0x33,
  0x00, 0x00, 0x00, 0x12, 0x00, 0x01, 0x00, 0xa2, 0x01, 0x00, 0x00, 0x5d,
  0x89, 0x04, 0x08, 0x30, 0x00, 0x00, 0x00, 0x12, 0x00, 0x01, 0x00, 0xad,
  0x01, 0x00, 0x00, 0x8a, 0x86, 0x04, 0x08, 0x83, 0x00, 0x00, 0x00, 0x12,
  0x00, 0x01, 0x00, 0xb9, 0x01, 0x00, 0x00, 0x9a, 0x85, 0x04, 0x08, 0x47,
  0x00, 0x00, 0x00, 0x12, 0x00, 0x01, 0x00, 0xc5, 0x01, 0x00, 0x00, 0x0d,
  0x87, 0x04, 0x08, 0x41, 0x00, 0x00, 0x00, 0x12, 0x00, 0x01, 0x00, 0xd1,
  0x01, 0x00, 0x00, 0xd1, 0x83, 0x04, 0x08, 0x00, 0x00, 0x00, 0x00, 0x10,
  0x00, 0x01, 0x00, 0xde, 0x01, 0x00, 0x00, 0x2f, 0x84, 0x04, 0x08, 0x00,
  0x00, 0x00, 0x00, 0x10, 0x00, 0x01, 0x00, 0xe8, 0x01, 0x00, 0x00, 0x9d,
  0x83, 0x04, 0x08, 0x00, 0x00, 0x00, 0x00, 0x10, 0x00, 0x01, 0x00, 0xf3,
  0x01, 0x00, 0x00, 0x40, 0x86, 0x04, 0x08, 0x4a, 0x00, 0x00, 0x00, 0x12,
  0x00, 0x01, 0x00, 0x03, 0x02, 0x00, 0x00, 0x6d, 0x83, 0x04, 0x08, 0x00,
  0x00, 0x00, 0x00, 0x10, 0x00, 0x01, 0x00, 0x0d, 0x02, 0x00, 0x00, 0x38,
  0x83, 0x04, 0x08, 0x00, 0x00, 0x00, 0x00, 0x10, 0x00, 0x01, 0x00, 0x19,
  0x02, 0x00, 0x00, 0x8b, 0x83, 0x04, 0x08, 0x00, 0x00, 0x00, 0x00, 0x10,
  0x00, 0x01, 0x00, 0x26, 0x02, 0x00, 0x00, 0x7d, 0x83, 0x04, 0x08, 0x00,
  0x00, 0x00, 0x00, 0x10, 0x00, 0x01, 0x00, 0x31, 0x02, 0x00, 0x00, 0x21,
  0x84, 0x04, 0x08, 0x00, 0x00, 0x00, 0x00, 0x10, 0x00, 0x01, 0x00, 0x3a,
  0x02, 0x00, 0x00, 0x74, 0x88, 0x04, 0x08, 0x65, 0x00, 0x00, 0x00, 0x12,
  0x00, 0x01, 0x00, 0x4a, 0x02, 0x00, 0x00, 0x41, 0x84, 0x04, 0x08, 0x00,
  0x00, 0x00, 0x00, 0x10, 0x00, 0x01, 0x00, 0x59, 0x02, 0x00, 0x00, 0x0f,
  0x84, 0x04, 0x08, 0x00, 0x00, 0x00, 0x00, 0x10, 0x00, 0x01, 0x00, 0x63,
  0x02, 0x00, 0x00, 0xe1, 0x85, 0x04, 0x08, 0x5f, 0x00, 0x00, 0x00, 0x12,
  0x00, 0x01, 0x00, 0x6f, 0x02, 0x00, 0x00, 0x14, 0x83, 0x04, 0x08, 0x00,
  0x00, 0x00, 0x00, 0x10, 0x00, 0x01, 0x00, 0x00, 0x61, 0x72, 0x67, 0x74,
  0x65, 0x73, 0x74, 0x2e, 0x63, 0x00, 0x75, 0x73, 0x65, 0x72, 0x2f, 0x6c,
  0x69, 0x62, 0x2f, 0x75, 0x61, 0x62, 0x69, 0x5f, 0x73, 0x79, 0x73, 0x63,
  0x61, 0x6c, 0x6c, 0x73, 0x2e, 0x73, 0x00, 0x75, 0x6c, 0x69, 0x62, 0x2e,
  0x63, 0x00, 0x75, 0x6c, 0x69, 0x62, 0x5f, 0x73, 0x74, 0x72, 0x63, 0x6d,
  0x70, 0x00, 0x75, 0x61, 0x62, 0x69, 0x5f, 0x77, 0x72, 0x69, 0x74, 0x65,
  0x00, 0x75, 0x61, 0x62, 0x69, 0x5f, 0x65, 0x78, 0x65, 0x63, 0x00, 0x75,
  0x61, 0x62, 0x69, 0x5f, 0x6d, 0x6b, 0x64, 0x69, 0x72, 0x00, 0x75, 0x61,
  0x62, 0x69, 0x5f, 0x73, 0x65, 0x74, 0x5f, 0x64, 0x65, 0x62, 0x75, 0x67,
  0x00, 0x75, 0x61, 0x62, 0x69, 0x5f, 0x67, 0x6f, 0x74, 0x6f, 0x78, 0x79,
  0x00, 0x75, 0x6c, 0x69, 0x62, 0x5f, 0x73, 0x74, 0x72, 0x6c, 0x65, 0x6e,
  0x00, 0x75, 0x6c, 0x69, 0x62, 0x5f, 0x67, 0x6f, 0x74, 0x6f, 0x78, 0x79,
  0x00, 0x75, 0x61, 0x62, 0x69, 0x5f, 0x66, 0x6f, 0x72, 0x6b, 0x00, 0x75,
  0x61, 0x62, 0x69, 0x5f, 0x75, 0x6d, 0x6f, 0x75, 0x6e, 0x74, 0x00, 0x75,
  0x61, 0x62, 0x69, 0x5f, 0x72, 0x65, 0x61, 0x64, 0x64, 0x69, 0x72, 0x00,
  0x75, 0x61, 0x62, 0x69, 0x5f, 0x67, 0x65, 0x74, 0x63, 0x00, 0x75, 0x61,
  0x62, 0x69, 0x5f, 0x6f, 0x70, 0x65, 0x6e, 0x00, 0x75, 0x61, 0x62, 0x69,
  0x5f, 0x6d, 0x6f, 0x75, 0x6e, 0x74, 0x00, 0x75, 0x61, 0x62, 0x69, 0x5f,
  0x65, 0x78, 0x69, 0x74, 0x00, 0x75, 0x61, 0x62, 0x69, 0x5f, 0x72, 0x65,
  0x61, 0x64, 0x00, 0x75, 0x61, 0x62, 0x69, 0x5f, 0x73, 0x6c, 0x65, 0x65,
  0x70, 0x00, 0x75, 0x6c, 0x69, 0x62, 0x5f, 0x73, 0x74, 0x72, 0x5f, 0x74,
  0x6f, 0x5f, 0x69, 0x6e, 0x74, 0x00, 0x75, 0x6c, 0x69, 0x62, 0x5f, 0x69,
  0x6e, 0x74, 0x5f, 0x74, 0x6f, 0x5f, 0x73, 0x74, 0x72, 0x00, 0x75, 0x61,
  0x62, 0x69, 0x5f, 0x63, 0x68, 0x64, 0x69, 0x72, 0x00, 0x5f, 0x73, 0x74,
  0x61, 0x72, 0x74, 0x00, 0x75, 0x61, 0x62, 0x69, 0x5f, 0x63, 0x6c, 0x6f,
  0x73, 0x65, 0x00, 0x75, 0x61, 0x62, 0x69, 0x5f, 0x64, 0x65, 0x62, 0x75,
  0x67, 0x5f, 0x65, 0x6e, 0x61, 0x62, 0x6c, 0x65, 0x64, 0x00, 0x75, 0x61,
  0x62, 0x69, 0x5f, 0x70, 0x73, 0x00, 0x75, 0x61, 0x62, 0x69, 0x5f, 0x73,
  0x74, 0x61, 0x74, 0x00, 0x75, 0x61, 0x62, 0x69, 0x5f, 0x67, 0x65, 0x74,
  0x70, 0x69, 0x64, 0x00, 0x69, 0x6e, 0x74, 0x5f, 0x74, 0x6f, 0x5f, 0x61,
  0x73, 0x63, 0x69, 0x69, 0x00, 0x75, 0x6c, 0x69, 0x62, 0x5f, 0x73, 0x74,
  0x72, 0x6e, 0x63, 0x6d, 0x70, 0x00, 0x75, 0x61, 0x62, 0x69, 0x5f, 0x64,
  0x65, 0x76, 0x69, 0x6e, 0x66, 0x6f, 0x00, 0x75, 0x61, 0x62, 0x69, 0x5f,
  0x67, 0x65, 0x74, 0x63, 0x77, 0x64, 0x00, 0x75, 0x61, 0x62, 0x69, 0x5f,
  0x70, 0x69, 0x70, 0x65, 0x00, 0x75, 0x6c, 0x69, 0x62, 0x5f, 0x6d, 0x65,
  0x6d, 0x73, 0x65, 0x74, 0x00, 0x75, 0x6c, 0x69, 0x62, 0x5f, 0x70, 0x72,
  0x69, 0x6e, 0x74, 0x00, 0x75, 0x6c, 0x69, 0x62, 0x5f, 0x73, 0x74, 0x72,
  0x73, 0x74, 0x72, 0x00, 0x75, 0x6c, 0x69, 0x62, 0x5f, 0x73, 0x74, 0x72,
  0x63, 0x70, 0x79, 0x00, 0x75, 0x6c, 0x69, 0x62, 0x5f, 0x6d, 0x65, 0x6d,
  0x63, 0x70, 0x79, 0x00, 0x75, 0x61, 0x62, 0x69, 0x5f, 0x6d, 0x65, 0x6d,
  0x73, 0x74, 0x61, 0x74, 0x00, 0x75, 0x61, 0x62, 0x69, 0x5f, 0x6b, 0x69,
  0x6c, 0x6c, 0x00, 0x75, 0x61, 0x62, 0x69, 0x5f, 0x63, 0x6c, 0x65, 0x61,
  0x72, 0x00, 0x75, 0x6c, 0x69, 0x62, 0x5f, 0x73, 0x74, 0x61, 0x72, 0x74,
  0x73, 0x77, 0x69, 0x74, 0x68, 0x00, 0x75, 0x61, 0x62, 0x69, 0x5f, 0x77,
  0x61, 0x69, 0x74, 0x00, 0x75, 0x61, 0x62, 0x69, 0x5f, 0x75, 0x6e, 0x6c,
  0x69, 0x6e, 0x6b, 0x00, 0x75, 0x61, 0x62, 0x69, 0x5f, 0x67, 0x65, 0x74,
  0x6c, 0x69, 0x6e, 0x65, 0x00, 0x75, 0x61, 0x62, 0x69, 0x5f, 0x70, 0x72,
  0x69, 0x6e, 0x74, 0x00, 0x75, 0x61, 0x62, 0x69, 0x5f, 0x64, 0x75, 0x70,
  0x00, 0x75, 0x6c, 0x69, 0x62, 0x5f, 0x75, 0x36, 0x34, 0x5f, 0x74, 0x6f,
  0x5f, 0x68, 0x65, 0x78, 0x00, 0x75, 0x61, 0x62, 0x69, 0x5f, 0x73, 0x69,
  0x67, 0x61, 0x63, 0x74, 0x69, 0x6f, 0x6e, 0x00, 0x75, 0x61, 0x62, 0x69,
  0x5f, 0x64, 0x75, 0x70, 0x32, 0x00, 0x75, 0x6c, 0x69, 0x62, 0x5f, 0x73,
  0x74, 0x72, 0x63, 0x61, 0x74, 0x00, 0x75, 0x61, 0x62, 0x69, 0x5f, 0x6c,
  0x73, 0x65, 0x65, 0x6b, 0x00, 0x00, 0x2e, 0x73, 0x79, 0x6d, 0x74, 0x61,
  0x62, 0x00, 0x2e, 0x73, 0x74, 0x72, 0x74, 0x61, 0x62, 0x00, 0x2e, 0x73,
  0x68, 0x73, 0x74, 0x72, 0x74, 0x61, 0x62, 0x00, 0x2e, 0x74, 0x65, 0x78,
  0x74, 0x00, 0x2e, 0x65, 0x68, 0x5f, 0x66, 0x72, 0x61, 0x6d, 0x65, 0x00,
  0x2e, 0x64, 0x61, 0x74, 0x61, 0x00, 0x2e, 0x64, 0x65, 0x62, 0x75, 0x67,
  0x5f, 0x69, 0x6e, 0x66, 0x6f, 0x00, 0x2e, 0x64, 0x65, 0x62, 0x75, 0x67,
  0x5f, 0x61, 0x62, 0x62, 0x72, 0x65, 0x76, 0x00, 0x2e, 0x64, 0x65, 0x62,
  0x75, 0x67, 0x5f, 0x61, 0x72, 0x61, 0x6e, 0x67, 0x65, 0x73, 0x00, 0x2e,
  0x64, 0x65, 0x62, 0x75, 0x67, 0x5f, 0x6c, 0x69, 0x6e, 0x65, 0x00, 0x2e,
  0x64, 0x65, 0x62, 0x75, 0x67, 0x5f, 0x73, 0x74, 0x72, 0x00, 0x2e, 0x64,
  0x65, 0x62, 0x75, 0x67, 0x5f, 0x6c, 0x69, 0x6e, 0x65, 0x5f, 0x73, 0x74,
  0x72, 0x00, 0x2e, 0x63, 0x6f, 0x6d, 0x6d, 0x65, 0x6e, 0x74, 0x00, 0x00,
  0x00, 0x00, 0x00, 0x00, 0x00, 0x00, 0x00, 0x00, 0x00, 0x00, 0x00, 0x00,
  0x00, 0x00, 0x00, 0x00, 0x00, 0x00, 0x00, 0x00, 0x00, 0x00, 0x00, 0x00,
  0x00, 0x00, 0x00, 0x00, 0x00, 0x00, 0x00, 0x00, 0x00, 0x00, 0x00, 0x00,
  0x00, 0x00, 0x00, 0x1b, 0x00, 0x00, 0x00, 0x01, 0x00, 0x00, 0x00, 0x06,
  0x00, 0x00, 0x00, 0x00, 0x80, 0x04, 0x08, 0x00, 0x10, 0x00, 0x00, 0xa7,
  0x09, 0x00, 0x00, 0x00, 0x00, 0x00, 0x00, 0x00, 0x00, 0x00, 0x00, 0x10,
  0x00, 0x00, 0x00, 0x00, 0x00, 0x00, 0x00, 0x21, 0x00, 0x00, 0x00, 0x01,
  0x00, 0x00, 0x00, 0x02, 0x00, 0x00, 0x00, 0xa8, 0x89, 0x04, 0x08, 0xa8,
  0x19, 0x00, 0x00, 0x14, 0x02, 0x00, 0x00, 0x00, 0x00, 0x00, 0x00, 0x00,
  0x00, 0x00, 0x00, 0x04, 0x00, 0x00, 0x00, 0x00, 0x00, 0x00, 0x00, 0x2b,
  0x00, 0x00, 0x00, 0x01, 0x00, 0x00, 0x00, 0x03, 0x00, 0x00, 0x00, 0xbc,
  0x8b, 0x04, 0x08, 0xbc, 0x1b, 0x00, 0x00, 0x98, 0x00, 0x00, 0x00, 0x00,
  0x00, 0x00, 0x00, 0x00, 0x00, 0x00, 0x00, 0x04, 0x00, 0x00, 0x00, 0x00,
  0x00, 0x00, 0x00, 0x31, 0x00, 0x00, 0x00, 0x01, 0x00, 0x00, 0x00, 0x00,
  0x00, 0x00, 0x00, 0x00, 0x00, 0x00, 0x00, 0x54, 0x1c, 0x00, 0x00, 0x0f,
  0x07, 0x00, 0x00, 0x00, 0x00, 0x00, 0x00, 0x00, 0x00, 0x00, 0x00, 0x01,
  0x00, 0x00, 0x00, 0x00, 0x00, 0x00, 0x00, 0x3d, 0x00, 0x00, 0x00, 0x01,
  0x00, 0x00, 0x00, 0x00, 0x00, 0x00, 0x00, 0x00, 0x00, 0x00, 0x00, 0x63,
  0x23, 0x00, 0x00, 0x9b, 0x02, 0x00, 0x00, 0x00, 0x00, 0x00, 0x00, 0x00,
  0x00, 0x00, 0x00, 0x01, 0x00, 0x00, 0x00, 0x00, 0x00, 0x00, 0x00, 0x4b,
  0x00, 0x00, 0x00, 0x01, 0x00, 0x00, 0x00, 0x00, 0x00, 0x00, 0x00, 0x00,
  0x00, 0x00, 0x00, 0xfe, 0x25, 0x00, 0x00, 0x40, 0x00, 0x00, 0x00, 0x00,
  0x00, 0x00, 0x00, 0x00, 0x00, 0x00, 0x00, 0x01, 0x00, 0x00, 0x00, 0x00,
  0x00, 0x00, 0x00, 0x5a, 0x00, 0x00, 0x00, 0x01, 0x00, 0x00, 0x00, 0x00,
  0x00, 0x00, 0x00, 0x00, 0x00, 0x00, 0x00, 0x3e, 0x26, 0x00, 0x00, 0xb6,
  0x04, 0x00, 0x00, 0x00, 0x00, 0x00, 0x00, 0x00, 0x00, 0x00, 0x00, 0x01,
  0x00, 0x00, 0x00, 0x00, 0x00, 0x00, 0x00, 0x66, 0x00, 0x00, 0x00, 0x01,
  0x00, 0x00, 0x00, 0x30, 0x00, 0x00, 0x00, 0x00, 0x00, 0x00, 0x00, 0xf4,
  0x2a, 0x00, 0x00, 0x37, 0x02, 0x00, 0x00, 0x00, 0x00, 0x00, 0x00, 0x00,
  0x00, 0x00, 0x00, 0x01, 0x00, 0x00, 0x00, 0x01, 0x00, 0x00, 0x00, 0x71,
  0x00, 0x00, 0x00, 0x01, 0x00, 0x00, 0x00, 0x30, 0x00, 0x00, 0x00, 0x00,
  0x00, 0x00, 0x00, 0x2b, 0x2d, 0x00, 0x00, 0x0e, 0x01, 0x00, 0x00, 0x00,
  0x00, 0x00, 0x00, 0x00, 0x00, 0x00, 0x00, 0x01, 0x00, 0x00, 0x00, 0x01,
  0x00, 0x00, 0x00, 0x81, 0x00, 0x00, 0x00, 0x01, 0x00, 0x00, 0x00, 0x30,
  0x00, 0x00, 0x00, 0x00, 0x00, 0x00, 0x00, 0x39, 0x2e, 0x00, 0x00, 0x1f,
  0x00, 0x00, 0x00, 0x00, 0x00, 0x00, 0x00, 0x00, 0x00, 0x00, 0x00, 0x01,
  0x00, 0x00, 0x00, 0x01, 0x00, 0x00, 0x00, 0x01, 0x00, 0x00, 0x00, 0x02,
  0x00, 0x00, 0x00, 0x00, 0x00, 0x00, 0x00, 0x00, 0x00, 0x00, 0x00, 0x58,
  0x2e, 0x00, 0x00, 0x60, 0x03, 0x00, 0x00, 0x0c, 0x00, 0x00, 0x00, 0x04,
  0x00, 0x00, 0x00, 0x04, 0x00, 0x00, 0x00, 0x10, 0x00, 0x00, 0x00, 0x09,
  0x00, 0x00, 0x00, 0x03, 0x00, 0x00, 0x00, 0x00, 0x00, 0x00, 0x00, 0x00,
  0x00, 0x00, 0x00, 0xb8, 0x31, 0x00, 0x00, 0x7a, 0x02, 0x00, 0x00, 0x00,
  0x00, 0x00, 0x00, 0x00, 0x00, 0x00, 0x00, 0x01, 0x00, 0x00, 0x00, 0x00,
  0x00, 0x00, 0x00, 0x11, 0x00, 0x00, 0x00, 0x03, 0x00, 0x00, 0x00, 0x00,
  0x00, 0x00, 0x00, 0x00, 0x00, 0x00, 0x00, 0x32, 0x34, 0x00, 0x00, 0x8a,
  0x00, 0x00, 0x00, 0x00, 0x00, 0x00, 0x00, 0x00, 0x00, 0x00, 0x00, 0x01,
  0x00, 0x00, 0x00, 0x00, 0x00, 0x00, 0x00
};
unsigned int initrd_bin_len = 35299;
